{
    "Url": "http://s.cafef.vn/hose/VRC-cong-ty-co-phan-bat-dong-san-va-dau-tu-vrc.chn",
    "CenterName": "HSX",
    "Symbol": "VRC",
    "TradeCenterID": 1,
    "ChangePrice": 6.122448979591832,
    "VonHoa": 520,
    "ChangeVolume": 59.20584379097209,
    "EPS": 0.256663728070704,
    "PE": 40.5199444353706,
    "Beta": 0.864658147560862,
    "Price": 10.4,
    "UpdatedDate": "/Date(1686037643766)/",
    "FullName": "Công ty Cổ phần Bất động sản và Đầu tư VRC",
    "ParentCategoryId": 345,
    "Cập nhật": "11:30 Thứ 4, 07/06/2023",
    "Mã công ty": "VRC",
    "Tên công ty": "Công ty Cổ phần Bất động sản và Đầu tư VRC (HOSE)",
    "Giá điểm": "10.3",
    "Thay đổi": "-0.4 (-3.74%)",
    "Khối lượng": "182,700",
    "Giá tham chiếu": "10.7",
    "Giá trần": "11.4",
    "Giá sàn": "9.96",
    "Giá mở cửa": "10.8",
    "Giá cao nhất": "10.8",
    "Giá thấp nhất": "10.25",
    "Giao dịch NĐTNN": "Giao dịch NĐTNN",
    "KLGD ròng": "10.8",
    "GT Mua": "0 (Tỷ)",
    "GT Bán": "0 (Tỷ)",
    "Room còn lại": "N/A",
    "(*)   EPS cơ bản (nghìn đồng):": "0.34",
    "EPS pha loãng (nghìn đồng):": "0.34",
    "P/E :": "30.39",
    "Giá trị sổ sách /cp (nghìn đồng):": "19.48",
    "(**) Hệ số beta:": "0.86",
    "KLGD khớp lệnh trung bình 10 phiên:": "131,910",
    "KLCP đang niêm yết:": "50,000,000",
    "KLCP đang lưu hành:": "50,000,000",
    "Vốn hóa thị trường (tỷ đồng):": "535.00",
    "Doanh thu": "8 tỷ",
    "Lợi nhuận trước thuế": "1.3 tỷ",
    "Lợi nhuận sau thuế": "1 tỷ",
    "Cổ tức bằng tiền mặt": "N/A",
    "Cổ tức bằng cổ phiếu": "N/A",
    "Dự kiến tăng vốn lên": "N/A",
    "Giới thiệu công ty": "Tiền thân của công ty là Xí nghiệp Xây lắp Đặc khu Vũng Tàu - Công Đảo được thành lập từ tháng 8 năm 1980 là một trong những Công ty xây dựng ra đời sớm nhất trên địa bàn tỉnh Bà Rịa - Vũng Tàu. Ngày 19/12/1992 đổi tên thành Công ty Đầu tư Xây lắp Tỉnh Bà Rịa - Vũng Tàu. Ngày 13/06/2005 Công ty chuyển từ doanh nghiệp Nhà nước thành công ty cổ phần theo Quyết định số 1815 QĐ-UB của UBND Tỉnh BR - VT với tên gọi: Công ty Cổ phần Xây lắp Bà Rịa – Vũng Tàu. Ngày 26/04/2017 Công ty đổi tên thành Công ty Cổ phần Bất động sản và Đầu tư VRC"
}