{
    "Url": "http://s.cafef.vn/hose/VSI-cong-ty-co-phan-dau-tu-va-xay-dung-cap-thoat-nuoc.chn",
    "CenterName": "HSX",
    "Symbol": "VSI",
    "TradeCenterID": 1,
    "ChangePrice": 0.5882352941176554,
    "VonHoa": 225.7199487,
    "ChangeVolume": -100,
    "EPS": 1.61490992138623,
    "PE": 10.5888258989216,
    "Beta": 0.57737151385132,
    "Price": 17.1,
    "UpdatedDate": "/Date(1686037643766)/",
    "FullName": "Công ty Cổ phần Đầu tư và Xây dựng Cấp thoát nước",
    "ParentCategoryId": 346,
    "Cập nhật": "11:30 Thứ 4, 07/06/2023",
    "Mã công ty": "VSI",
    "Tên công ty": "Công ty Cổ phần Đầu tư và Xây dựng Cấp thoát nước (HOSE)",
    "Giá điểm": "17",
    "Thay đổi": "N/A",
    "Khối lượng": "3,700",
    "Giá tham chiếu": "17",
    "Giá trần": "18.15",
    "Giá sàn": "15.85",
    "Giá mở cửa": "N/A",
    "Giá cao nhất": "N/A",
    "Giá thấp nhất": "N/A",
    "Giao dịch NĐTNN": "Giao dịch NĐTNN",
    "KLGD ròng": "17",
    "GT Mua": "0 (Tỷ)",
    "GT Bán": "0 (Tỷ)",
    "Room còn lại": "N/A",
    "(*)   EPS cơ bản (nghìn đồng):": "1.71",
    "EPS pha loãng (nghìn đồng):": "1.71",
    "P/E :": "9.97",
    "Giá trị sổ sách /cp (nghìn đồng):": "15.27",
    "(**) Hệ số beta:": "0.58",
    "KLGD khớp lệnh trung bình 10 phiên:": "1,430",
    "KLCP đang niêm yết:": "13,200,000",
    "KLCP đang lưu hành:": "13,199,997",
    "Vốn hóa thị trường (tỷ đồng):": "224.40",
    "Doanh thu": "326.5 tỷ",
    "Lợi nhuận trước thuế": "26.2 tỷ",
    "Lợi nhuận sau thuế": "N/A",
    "Cổ tức bằng tiền mặt": "15 %",
    "Cổ tức bằng cổ phiếu": "N/A",
    "Dự kiến tăng vốn lên": "N/A",
    "Giới thiệu công ty": "Công ty cổ phần Đầu tư và Xây dựng Cấp thoát nước (Waseco) là công ty chuyên ngành có bề dày kinh nghiệm về lĩnh vực cấp thoát nước, được thành lập trên cơ sở tiếp quản Quốc gia Thủy cục (cơ quan chuyên quản lý về nước sạch của chế độ cũ) ngay sau Đại thắng Mùa xuân năm 1975 với địa bàn hoạt động trải dài từ miền Trung, Tây Nguyên đến mũi Cà Ma"
}