{
    "Url": "http://s.cafef.vn/hastc/AAV-cong-ty-co-phan-aav-group.chn",
    "CenterName": "HNX",
    "Symbol": "AAV",
    "TradeCenterID": 2,
    "ChangePrice": -5.263157894736839,
    "VonHoa": 372.5333694,
    "ChangeVolume": 9.29484123645813,
    "EPS": -0.024491681136718,
    "PE": -220.483027271831,
    "Beta": 0,
    "Price": 5.4,
    "UpdatedDate": "/Date(1686037643764)/",
    "FullName": "Công ty Cổ phần AAV Group",
    "ParentCategoryId": 345,
    "Cập nhật": "11:47 Thứ 4, 07/06/2023",
    "Mã công ty": "AAV",
    "Tên công ty": "Công ty Cổ phần AAV Group (HNX)",
    "Giá điểm": "6.4",
    "Thay đổi": "N/A",
    "Khối lượng": "1,390,459",
    "Giá tham chiếu": "5.9",
    "Giá trần": "6.4",
    "Giá sàn": "5.4",
    "Giá mở cửa": "6.2",
    "Giá cao nhất": "N/A",
    "Giá thấp nhất": "N/A",
    "Giao dịch NĐTNN": "Giao dịch NĐTNN",
    "KLGD ròng": "6.4",
    "GT Mua": "0 (Tỷ)",
    "GT Bán": "0 (Tỷ)",
    "Room còn lại": "N/A",
    "(*)   EPS cơ bản (nghìn đồng):": "n/a",
    "EPS pha loãng (nghìn đồng):": "n/a",
    "P/E :": "n/a",
    "Giá trị sổ sách /cp (nghìn đồng):": "11.11",
    "(**) Hệ số beta:": "n/a",
    "KLGD khớp lệnh trung bình 10 phiên:": "1,000,974",
    "KLCP đang niêm yết:": "68,987,661",
    "KLCP đang lưu hành:": "68,987,661",
    "Vốn hóa thị trường (tỷ đồng):": "407.03",
    "Doanh thu": "500 tỷ",
    "Lợi nhuận trước thuế": "N/A",
    "Lợi nhuận sau thuế": "13 tỷ",
    "Cổ tức bằng tiền mặt": "N/A",
    "Cổ tức bằng cổ phiếu": "N/A",
    "Dự kiến tăng vốn lên": "N/A",
    "Giới thiệu công ty": "Công ty cổ phần Việt Tiên Sơn Địa ốc là doanh nghiệp hoạt động đa ngành nghề, được thành lập từ tháng 4/2010, có trụ sở tại thị xã Chí Linh, tỉnh Hải Dương.Từ khi thành lập đến nay, Công ty đã khẳng định được thế mạnh trong lĩnh vực kinh doanh trọng điểm là bất động sản, đã triển khai đầu tư các dự án bất động sản như: Trung tâm Mua sắm tại phường Sao Đỏ, thị xã Chí Linh; Khu dân cư phía Đông đường Yết Kiêu, thị xã Chí Linh; Khu chung cư và nhà ở tại phường Việt Hòa, thành phố Hải Dương; Cụm dân cư đô thị cạnh khu sinh thái Âu Cơ, phường Ngọc Châu, thành phố Hải Dương. Trong thời gian tới, Công ty tiếp tục triển khai một số dự án bất động sản trọng điểm khác như: Khu Côn Sơn Resort tại phường Cộng Hòa, thị xã Chí Linh; Khu dân cư phía Đông đường Trần Hưng Đạo, phường Sao Đỏ, thị xã Chí Linh, Khu Công viên nghĩa trang Hoa Lạc Viên, thị xã Chí Linh, một số dự án khu dân cư đô thị, khu phức hợp khách sạn, văn phòng và căn hộ dịch vụ cao cấp cho người nước ngoài thuê tại thành phố Hải Dươn"
}