{
    "Url": "http://s.cafef.vn/hastc/HAT-cong-ty-co-phan-thuong-mai-bia-ha-noi.chn",
    "CenterName": "HNX",
    "Symbol": "HAT",
    "TradeCenterID": 2,
    "ChangePrice": 4.799999999999997,
    "VonHoa": 81.8226,
    "ChangeVolume": 26.655629139072847,
    "EPS": 4.71237970558748,
    "PE": 5.55982362137215,
    "Beta": 0.448453608247423,
    "Price": 26.2,
    "UpdatedDate": "/Date(1686037643765)/",
    "FullName": "Công ty Cổ phần Thương mại Bia Hà Nội",
    "ParentCategoryId": 339,
    "Cập nhật": "11:49 Thứ 4, 07/06/2023",
    "Mã công ty": "HAT",
    "Tên công ty": "Công ty Cổ phần Thương mại Bia Hà Nội (HNX)",
    "Giá điểm": "26.9",
    "Thay đổi": "N/A",
    "Khối lượng": "0.0",
    "Giá tham chiếu": "26.9",
    "Giá trần": "29.5",
    "Giá sàn": "24.3",
    "Giá mở cửa": "N/A",
    "Giá cao nhất": "N/A",
    "Giá thấp nhất": "N/A",
    "Giao dịch NĐTNN": "Giao dịch NĐTNN",
    "KLGD ròng": "26.9",
    "GT Mua": "0 (Tỷ)",
    "GT Bán": "0 (Tỷ)",
    "Room còn lại": "N/A",
    "(*)   EPS cơ bản (nghìn đồng):": "4.84",
    "EPS pha loãng (nghìn đồng):": "4.84",
    "P/E :": "5.55",
    "Giá trị sổ sách /cp (nghìn đồng):": "20.97",
    "(**) Hệ số beta:": "0.45",
    "KLGD khớp lệnh trung bình 10 phiên:": "13,500",
    "KLCP đang niêm yết:": "3,123,000",
    "KLCP đang lưu hành:": "3,123,000",
    "Vốn hóa thị trường (tỷ đồng):": "84.01",
    "Doanh thu": "1,256.99 tỷ",
    "Lợi nhuận trước thuế": "23.36 tỷ",
    "Lợi nhuận sau thuế": "18.69 tỷ",
    "Cổ tức bằng tiền mặt": "30 %",
    "Cổ tức bằng cổ phiếu": "N/A",
    "Dự kiến tăng vốn lên": "N/A",
    "Giới thiệu công ty": "Công ty Cổ phần Thương mại Bia Hà Nội (Habeco Trading) là Công ty con của Tổng Công ty Cổ phần Bia - Rượu - Nước giải khát Hà Nội, có nhiệm vụ phân phối toàn bộ sản phẩm Bia hơi Hà Nội sản xuất tại 183 Hoàng Hoa Thám, Ba Đình, Hà Nội theo chiến lược kinh doanh chung của Tổng Công ty."
}