{
    "Url": "http://s.cafef.vn/hastc/HBS-cong-ty-co-phan-chung-khoan-hoa-binh.chn",
    "CenterName": "HNX",
    "Symbol": "HBS",
    "TradeCenterID": 2,
    "ChangePrice": 9.230769230769226,
    "VonHoa": 234.299858,
    "ChangeVolume": -23.03929062834429,
    "EPS": 0.247458116801889,
    "PE": 28.6917240451003,
    "Beta": 0.691700990272544,
    "Price": 7.1,
    "UpdatedDate": "/Date(1686037643765)/",
    "FullName": "Công ty Cổ phần Chứng khoán Hòa Bình",
    "ParentCategoryId": 341,
    "Cập nhật": "11:49 Thứ 4, 07/06/2023",
    "Mã công ty": "HBS",
    "Tên công ty": "Công ty Cổ phần Chứng khoán Hòa Bình (HNX)",
    "Giá điểm": "8.2",
    "Thay đổi": "N/A",
    "Khối lượng": "207,266",
    "Giá tham chiếu": "7.5",
    "Giá trần": "8.2",
    "Giá sàn": "6.8",
    "Giá mở cửa": "7.7",
    "Giá cao nhất": "7.7",
    "Giá thấp nhất": "N/A",
    "Giao dịch NĐTNN": "Giao dịch NĐTNN",
    "KLGD ròng": "8.2",
    "GT Mua": "0 (Tỷ)",
    "GT Bán": "0 (Tỷ)",
    "Room còn lại": "N/A",
    "(*)   EPS cơ bản (nghìn đồng):": "0.27",
    "EPS pha loãng (nghìn đồng):": "0.27",
    "P/E :": "30.09",
    "Giá trị sổ sách /cp (nghìn đồng):": "12.15",
    "(**) Hệ số beta:": "0.69",
    "KLGD khớp lệnh trung bình 10 phiên:": "47,322",
    "KLCP đang niêm yết:": "32,999,980",
    "KLCP đang lưu hành:": "32,999,980",
    "Vốn hóa thị trường (tỷ đồng):": "247.50",
    "Doanh thu": "27 tỷ",
    "Lợi nhuận trước thuế": "10 tỷ",
    "Lợi nhuận sau thuế": "N/A",
    "Cổ tức bằng tiền mặt": "N/A",
    "Cổ tức bằng cổ phiếu": "N/A",
    "Dự kiến tăng vốn lên": "N/A",
    "Giới thiệu công ty": "Công ty Cổ phần Chứng khoán Hòa Bình (HBS) được thành lập vào tháng 02/2008 theo Quyết định số 82/UBCK-GP ngày 29/02/2008 của Uỷ Ban Chứng khoán Nhà nước và chính thức đi vào hoạt động từ tháng 04/2008. Lĩnh vực hoạt động: môi giới chứng khoán; đầu tư chứng khoán; tư vấn đầu tư chứng khoán; tư vấn tài chính doanh nghiệp; lưu ký chứng khoán và bảo lãnh phát hành chứng khoán."
}