{
    "Url": "http://s.cafef.vn/hastc/HCC-cong-ty-co-phan-be-tong-hoa-cam-intimex.chn",
    "CenterName": "HNX",
    "Symbol": "HCC",
    "TradeCenterID": 2,
    "ChangePrice": -1.6393442622950762,
    "VonHoa": 78.222564,
    "ChangeVolume": 148.5089463220676,
    "EPS": 1.69972681912595,
    "PE": 7.05995802676736,
    "Beta": 0.310665147664534,
    "Price": 12,
    "UpdatedDate": "/Date(1686037643765)/",
    "FullName": "Công ty Cổ phần Bê tông Hoà Cầm - Intimex",
    "ParentCategoryId": 345,
    "Cập nhật": "11:49 Thứ 4, 07/06/2023",
    "Mã công ty": "HCC",
    "Tên công ty": "Công ty Cổ phần Bê tông Hoà Cầm - Intimex (HNX)",
    "Giá điểm": "12",
    "Thay đổi": "N/A",
    "Khối lượng": "0.0",
    "Giá tham chiếu": "12",
    "Giá trần": "13.2",
    "Giá sàn": "10.8",
    "Giá mở cửa": "N/A",
    "Giá cao nhất": "N/A",
    "Giá thấp nhất": "N/A",
    "Giao dịch NĐTNN": "Giao dịch NĐTNN",
    "KLGD ròng": "12",
    "GT Mua": "0 (Tỷ)",
    "GT Bán": "0 (Tỷ)",
    "Room còn lại": "N/A",
    "(*)   EPS cơ bản (nghìn đồng):": "1.75",
    "EPS pha loãng (nghìn đồng):": "1.75",
    "P/E :": "6.84",
    "Giá trị sổ sách /cp (nghìn đồng):": "12.38",
    "(**) Hệ số beta:": "0.31",
    "KLGD khớp lệnh trung bình 10 phiên:": "742",
    "KLCP đang niêm yết:": "6,518,586",
    "KLCP đang lưu hành:": "6,518,547",
    "Vốn hóa thị trường (tỷ đồng):": "78.22",
    "Doanh thu": "290 tỷ",
    "Lợi nhuận trước thuế": "12.5 tỷ",
    "Lợi nhuận sau thuế": "N/A",
    "Cổ tức bằng tiền mặt": "15 %",
    "Cổ tức bằng cổ phiếu": "N/A",
    "Dự kiến tăng vốn lên": "N/A",
    "Giới thiệu công ty": "Công ty Cổ Phần Bê tông Hoà Cầm, tiền thân là Xí Nghiệp Bê tông Thương Phẩm và Đá Xây Dựng thuộc Công ty Xây Dựng Quảng Nam (Công ty Đầu tư & Xây Dựng Đô Thị Quảng Nam cũ) được thành lập từ năm 1998. Ngành nghề kinh doanh: sản xuất, kinh doanh bê tông thương phẩm và các loại đá, cát xây dựng từ việc khai thác, chế biến tại mỏ đá, cát của Công ty; xây dựng dân dụng và công nghiệp; xây dựng thủy lợi..."
}