{
    "Url": "http://s.cafef.vn/hastc/HCT-cong-ty-co-phan-thuong-mai-dich-vu-van-tai-xi-mang-hai-phong.chn",
    "CenterName": "HNX",
    "Symbol": "HCT",
    "TradeCenterID": 2,
    "ChangePrice": 0,
    "VonHoa": 10.081925,
    "ChangeVolume": -100,
    "EPS": 0.28203225507351,
    "PE": 17.7284686770908,
    "Beta": 0.829024625361493,
    "Price": 5,
    "UpdatedDate": "/Date(1686037643765)/",
    "FullName": "Công ty Cổ phần Thương mại Dịch vụ Vận tải Xi măng Hải Phòng",
    "ParentCategoryId": 343,
    "Cập nhật": "11:49 Thứ 4, 07/06/2023",
    "Mã công ty": "HCT",
    "Tên công ty": "Công ty Cổ phần Thương mại Dịch vụ Vận tải Xi măng Hải Phòng (HNX)",
    "Giá điểm": "5.5",
    "Thay đổi": "N/A",
    "Khối lượng": "100",
    "Giá tham chiếu": "5",
    "Giá trần": "5.5",
    "Giá sàn": "4.5",
    "Giá mở cửa": "N/A",
    "Giá cao nhất": "N/A",
    "Giá thấp nhất": "N/A",
    "Giao dịch NĐTNN": "Giao dịch NĐTNN",
    "KLGD ròng": "5.5",
    "GT Mua": "0 (Tỷ)",
    "GT Bán": "0 (Tỷ)",
    "Room còn lại": "N/A",
    "(*)   EPS cơ bản (nghìn đồng):": "0.28",
    "EPS pha loãng (nghìn đồng):": "0.28",
    "P/E :": "19.33",
    "Giá trị sổ sách /cp (nghìn đồng):": "20.18",
    "(**) Hệ số beta:": "0.83",
    "KLGD khớp lệnh trung bình 10 phiên:": "14",
    "KLCP đang niêm yết:": "2,016,385",
    "KLCP đang lưu hành:": "2,016,385",
    "Vốn hóa thị trường (tỷ đồng):": "10.08",
    "Doanh thu": "78.26 tỷ",
    "Lợi nhuận trước thuế": "0.9 tỷ",
    "Lợi nhuận sau thuế": "0.7 tỷ",
    "Cổ tức bằng tiền mặt": "2 %",
    "Cổ tức bằng cổ phiếu": "N/A",
    "Dự kiến tăng vốn lên": "N/A",
    "Giới thiệu công ty": "Công ty Cổ phần Thương mại Dịch vụ Vận tải Xi măng Hải Phòng là doanh nghiệp được cổ phần hóa từ Xí nghiệp Vận tải và Sửa chữa Thủy thuộc Công ty Xi măng Hải Phòng theo Quyết định số 1753/QĐ-BXD ngày 29 tháng 12 năm 2003 của Bộ trưởng Bộ Xây dựng. Công ty hoạt động theo Giấy chứng nhận đăng ký kinh doanh số 0203000727 ngày 24 tháng 02 năm 2004 do Sở Kế hoạch và Đầu tư Thành phố Hải Phòng cấp."
}