{
    "Url": "http://s.cafef.vn/hastc/HEV-cong-ty-co-phan-sach-dai-hoc-day-nghe.chn",
    "CenterName": "HNX",
    "Symbol": "HEV",
    "TradeCenterID": 2,
    "ChangePrice": 0,
    "VonHoa": 35,
    "ChangeVolume": 0,
    "EPS": 0.8142269581825,
    "PE": 42.9855578328262,
    "Beta": 0.00599171733192352,
    "Price": 35,
    "UpdatedDate": "/Date(1686037643765)/",
    "FullName": "Công ty Cổ phần Sách Đại học - Dạy nghề",
    "ParentCategoryId": 346,
    "Cập nhật": "11:49 Thứ 4, 07/06/2023",
    "Mã công ty": "HEV",
    "Tên công ty": "Công ty Cổ phần Sách Đại học - Dạy nghề (HNX)",
    "Giá điểm": "35",
    "Thay đổi": "N/A",
    "Khối lượng": "0.0",
    "Giá tham chiếu": "35",
    "Giá trần": "38.5",
    "Giá sàn": "31.5",
    "Giá mở cửa": "N/A",
    "Giá cao nhất": "N/A",
    "Giá thấp nhất": "N/A",
    "Giao dịch NĐTNN": "Giao dịch NĐTNN",
    "KLGD ròng": "35",
    "GT Mua": "0 (Tỷ)",
    "GT Bán": "0 (Tỷ)",
    "Room còn lại": "N/A",
    "(*)   EPS cơ bản (nghìn đồng):": "0.85",
    "EPS pha loãng (nghìn đồng):": "0.85",
    "P/E :": "41.29",
    "Giá trị sổ sách /cp (nghìn đồng):": "16.06",
    "(**) Hệ số beta:": "0.01",
    "KLGD khớp lệnh trung bình 10 phiên:": "n/a",
    "KLCP đang niêm yết:": "1,000,000",
    "KLCP đang lưu hành:": "1,000,000",
    "Vốn hóa thị trường (tỷ đồng):": "35.00",
    "Doanh thu": "20 tỷ",
    "Lợi nhuận trước thuế": "0.5 tỷ",
    "Lợi nhuận sau thuế": "N/A",
    "Cổ tức bằng tiền mặt": "3 %",
    "Cổ tức bằng cổ phiếu": "N/A",
    "Dự kiến tăng vốn lên": "N/A",
    "Giới thiệu công ty": "Công ty Cổ phần sách Đại học – Dạy nghề được thành lập theo văn bản số 3170/TCCB ngày 23 – 4 - 2004 của bộ Giáo dục và Đào tạo và văn bản số 5051/KHTC ngày 21 – 6 - 2004 của Bộ Giáo dục và Đào tạo cho phép Nhà xuất bản Giáo dục đầu tư vốn nhà nước vào công ty. Công ty hoạt động theo giấy chứng nhận kinh doanh số 0103004993 ngày 28 tháng 7 năm 2004 do sở kế hoạch và đầu tư thành phố Hà Nội cấp và là Công ty con của Nhà xuất bản Giáo dục."
}