{
    "Url": "http://s.cafef.vn/hastc/HHC-cong-ty-co-phan-banh-keo-hai-ha.chn",
    "CenterName": "HNX",
    "Symbol": "HHC",
    "TradeCenterID": 2,
    "ChangePrice": 0,
    "VonHoa": 1566.945,
    "ChangeVolume": -83.33333333333333,
    "EPS": 2.85215099120635,
    "PE": 33.4484395440963,
    "Beta": 0.179388309525896,
    "Price": 95.4,
    "UpdatedDate": "/Date(1686037643765)/",
    "FullName": "Công ty Cổ phần Bánh kẹo Hải Hà",
    "ParentCategoryId": 339,
    "Cập nhật": "11:49 Thứ 4, 07/06/2023",
    "Mã công ty": "HHC",
    "Tên công ty": "Công ty Cổ phần Bánh kẹo Hải Hà (HNX)",
    "Giá điểm": "95.4",
    "Thay đổi": "N/A",
    "Khối lượng": "0.0",
    "Giá tham chiếu": "95.4",
    "Giá trần": "104.9",
    "Giá sàn": "85.9",
    "Giá mở cửa": "N/A",
    "Giá cao nhất": "N/A",
    "Giá thấp nhất": "N/A",
    "Giao dịch NĐTNN": "Giao dịch NĐTNN",
    "KLGD ròng": "95.4",
    "GT Mua": "0 (Tỷ)",
    "GT Bán": "0 (Tỷ)",
    "Room còn lại": "N/A",
    "(*)   EPS cơ bản (nghìn đồng):": "2.89",
    "EPS pha loãng (nghìn đồng):": "2.89",
    "P/E :": "32.98",
    "Giá trị sổ sách /cp (nghìn đồng):": "32.06",
    "(**) Hệ số beta:": "0.18",
    "KLGD khớp lệnh trung bình 10 phiên:": "46",
    "KLCP đang niêm yết:": "16,425,000",
    "KLCP đang lưu hành:": "16,425,000",
    "Vốn hóa thị trường (tỷ đồng):": "1,566.95",
    "Doanh thu": "1,600 tỷ",
    "Lợi nhuận trước thuế": "70 tỷ",
    "Lợi nhuận sau thuế": "N/A",
    "Cổ tức bằng tiền mặt": "N/A",
    "Cổ tức bằng cổ phiếu": "N/A",
    "Dự kiến tăng vốn lên": "N/A",
    "Giới thiệu công ty": "Công ty cổ phần bánh kẹo Hải Hà (HAIHACO ) là một trong những doanh nghiệp chuyên sản xuất bánh kẹo lớn nhất tại Việt Nam. Công ty cổ phần Bánh kẹo Hải Hà là Doanh nghiệp đầu tiên trong lĩnh vực sản xuất bánh kẹo được cấp chứng nhận hệ thống \"Phân tích mối nguy và các điểm kiểm soát tới hạn\" (HACCP) tại Việt Nam. Điều này thể hiện cam kết của Lãnh đạo doanh nghiệp về đảm bảo an toàn thực phẩm đối với sức khoẻ của người tiêu dùng."
}