{
    "Url": "http://s.cafef.vn/hastc/HJS-cong-ty-co-phan-thuy-dien-nam-mu.chn",
    "CenterName": "HNX",
    "Symbol": "HJS",
    "TradeCenterID": 2,
    "ChangePrice": -2.5787965616045803,
    "VonHoa": 713.9966,
    "ChangeVolume": 0,
    "EPS": 2.41804252916957,
    "PE": 14.0609602973678,
    "Beta": 0.283848917710981,
    "Price": 34,
    "UpdatedDate": "/Date(1686037643765)/",
    "FullName": "Công ty Cổ phần Thủy điện Nậm Mu",
    "ParentCategoryId": 340,
    "Cập nhật": "11:49 Thứ 4, 07/06/2023",
    "Mã công ty": "HJS",
    "Tên công ty": "Công ty Cổ phần Thủy điện Nậm Mu (HNX)",
    "Giá điểm": "33",
    "Thay đổi": "-1 (-2.94%)",
    "Khối lượng": "200",
    "Giá tham chiếu": "34",
    "Giá trần": "37.4",
    "Giá sàn": "30.6",
    "Giá mở cửa": "N/A",
    "Giá cao nhất": "N/A",
    "Giá thấp nhất": "33",
    "Giao dịch NĐTNN": "Giao dịch NĐTNN",
    "KLGD ròng": "33",
    "GT Mua": "0 (Tỷ)",
    "GT Bán": "0.01 (Tỷ)",
    "Room còn lại": "N/A",
    "(*)   EPS cơ bản (nghìn đồng):": "2.50",
    "EPS pha loãng (nghìn đồng):": "2.50",
    "P/E :": "13.18",
    "Giá trị sổ sách /cp (nghìn đồng):": "14.62",
    "(**) Hệ số beta:": "0.28",
    "KLGD khớp lệnh trung bình 10 phiên:": "360",
    "KLCP đang niêm yết:": "20,999,900",
    "KLCP đang lưu hành:": "20,999,900",
    "Vốn hóa thị trường (tỷ đồng):": "714.00",
    "Doanh thu": "161.5 tỷ",
    "Lợi nhuận trước thuế": "66.3 tỷ",
    "Lợi nhuận sau thuế": "53 tỷ",
    "Cổ tức bằng tiền mặt": "22 %",
    "Cổ tức bằng cổ phiếu": "N/A",
    "Dự kiến tăng vốn lên": "N/A",
    "Giới thiệu công ty": "Nhà máy Thuỷ Điện Nậm Mu nằm trên địa bàn xã Tân Thành, Huyện Bắc Giang, tỉnh Hà Giang, do tổng công ty Sông Đà làm tổng đầu tư với mục tiêu khai thác nguồn thuỷ năng của suối Nậm Mu ( Nhánh cấp I, bờ phải Sông Lô ). Đây là khu vực được đánh giá có nhiều tiềm năng cho phát triển thuỷ điện vì theo thống kê của các chuyên gia khí tượng thuỷ văn lượng mưa hàng năm tại khu vực này thường lớn nhất miền Bắc, trung bình 3.500mm/năm."
}