{
    "Url": "http://s.cafef.vn/hastc/HLC-cong-ty-co-phan-than-ha-lam-vinacomin.chn",
    "CenterName": "HNX",
    "Symbol": "HLC",
    "TradeCenterID": 2,
    "ChangePrice": 5.309734513274333,
    "VonHoa": 302.4408681,
    "ChangeVolume": -39.268520514478695,
    "EPS": 1.98413839915409,
    "PE": 5.99756549496418,
    "Beta": 0.445044496843386,
    "Price": 11.9,
    "UpdatedDate": "/Date(1686037643765)/",
    "FullName": "Công ty cổ phần Than Hà Lầm - Vinacomin",
    "ParentCategoryId": 340,
    "Cập nhật": "11:49 Thứ 4, 07/06/2023",
    "Mã công ty": "HLC",
    "Tên công ty": "Công ty cổ phần Than Hà Lầm - Vinacomin (HNX)",
    "Giá điểm": "11.9",
    "Thay đổi": "0.1 (0.85%)",
    "Khối lượng": "8,400",
    "Giá tham chiếu": "11.8",
    "Giá trần": "12.9",
    "Giá sàn": "10.7",
    "Giá mở cửa": "11.9",
    "Giá cao nhất": "N/A",
    "Giá thấp nhất": "11.7",
    "Giao dịch NĐTNN": "Giao dịch NĐTNN",
    "KLGD ròng": "11.9",
    "GT Mua": "0 (Tỷ)",
    "GT Bán": "0 (Tỷ)",
    "Room còn lại": "N/A",
    "(*)   EPS cơ bản (nghìn đồng):": "2.09",
    "EPS pha loãng (nghìn đồng):": "2.09",
    "P/E :": "5.68",
    "Giá trị sổ sách /cp (nghìn đồng):": "12.85",
    "(**) Hệ số beta:": "0.45",
    "KLGD khớp lệnh trung bình 10 phiên:": "13,879",
    "KLCP đang niêm yết:": "25,415,199",
    "KLCP đang lưu hành:": "25,415,199",
    "Vốn hóa thị trường (tỷ đồng):": "299.90",
    "Doanh thu": "3,136.08 tỷ",
    "Lợi nhuận trước thuế": "102.52 tỷ",
    "Lợi nhuận sau thuế": "N/A",
    "Cổ tức bằng tiền mặt": "N/A",
    "Cổ tức bằng cổ phiếu": "N/A",
    "Dự kiến tăng vốn lên": "N/A",
    "Giới thiệu công ty": "Công ty Cổ phần Than Hà Lầm là công ty con của Tập đoàn Công nghiệp Than - Khoáng sản Việt Nam - Nhiệm vụ chính là khai thác than hầm lò.  Sản phẩm than mà công ty khai thác là loại than Atraxits, sản phẩm đạt tiêu chuẩn TCVN. Với sản lượng than khai thác trên 1.800.000 tấn/năm. Công ty chúng tôi luôn đáp ứng thoả mãn về số lượng, chủng loại và chất lượng sản phẩm cho quý khách hàng. Ðảm bảo giao hàng đúng tiến độ."
}