{
    "Url": "http://s.cafef.vn/hastc/HLD-cong-ty-co-phan-dau-tu-va-phat-trien-bat-dong-san-hudland.chn",
    "CenterName": "HNX",
    "Symbol": "HLD",
    "TradeCenterID": 2,
    "ChangePrice": -0.5494505494505377,
    "VonHoa": 724,
    "ChangeVolume": 5.584531230123394,
    "EPS": 0.24450775453239,
    "PE": 148.052564096508,
    "Beta": 0.649636315835597,
    "Price": 36.2,
    "UpdatedDate": "/Date(1686037643765)/",
    "FullName": "Công ty Cổ phần Đầu tư và Phát triển Bất động sản HUDLAND",
    "ParentCategoryId": 345,
    "Cập nhật": "11:49 Thứ 4, 07/06/2023",
    "Mã công ty": "HLD",
    "Tên công ty": "Công ty Cổ phần Đầu tư và Phát triển Bất động sản HUDLAND (HNX)",
    "Giá điểm": "36.8",
    "Thay đổi": "0.4 (1.1%)",
    "Khối lượng": "7,500",
    "Giá tham chiếu": "36.4",
    "Giá trần": "40",
    "Giá sàn": "32.8",
    "Giá mở cửa": "37.1",
    "Giá cao nhất": "36.8",
    "Giá thấp nhất": "N/A",
    "Giao dịch NĐTNN": "Giao dịch NĐTNN",
    "KLGD ròng": "40",
    "GT Mua": "0 (Tỷ)",
    "GT Bán": "0 (Tỷ)",
    "Room còn lại": "N/A",
    "(*)   EPS cơ bản (nghìn đồng):": "0.26",
    "EPS pha loãng (nghìn đồng):": "0.26",
    "P/E :": "144.28",
    "Giá trị sổ sách /cp (nghìn đồng):": "22.37",
    "(**) Hệ số beta:": "0.65",
    "KLGD khớp lệnh trung bình 10 phiên:": "11,025",
    "KLCP đang niêm yết:": "20,000,000",
    "KLCP đang lưu hành:": "20,000,000",
    "Vốn hóa thị trường (tỷ đồng):": "728.00",
    "Doanh thu": "38.9 tỷ",
    "Lợi nhuận trước thuế": "N/A",
    "Lợi nhuận sau thuế": "2.1 tỷ",
    "Cổ tức bằng tiền mặt": "7.5 %",
    "Cổ tức bằng cổ phiếu": "N/A",
    "Dự kiến tăng vốn lên": "N/A",
    "Giới thiệu công ty": "Công ty Cổ phần Đầu tư và Phát triển Bất động sản HUDLAND là một đơn vị thành viên của Tổng công ty Đầu tƣ Phát triển Nhà và Đô thị (HUD), được thành lập tháng 08 năm 2007. Lĩnh vực kinh doanh: đầu tư phát triển khu dân cư, khu đô thị mới; xây dựng cải tạo nhà; xây dựng các khu trung tâm thương mại, siêu thị, văn phòng; kinh doanh vật tư, vật liệu xây dựng..."
}