{
    "Url": "http://s.cafef.vn/hastc/HMR-cong-ty-co-phan-da-hoang-mai.chn",
    "CenterName": "HNX",
    "Symbol": "HMR",
    "TradeCenterID": 2,
    "ChangePrice": 4.225352112676067,
    "VonHoa": 41.5320856,
    "ChangeVolume": 98.48162207203036,
    "EPS": 0.863136035392442,
    "PE": 8.57338785147053,
    "Beta": 0,
    "Price": 7.4,
    "UpdatedDate": "/Date(1686037643765)/",
    "FullName": "Công ty Cổ phần Đá Hoàng Mai",
    "ParentCategoryId": 345,
    "Cập nhật": "11:49 Thứ 4, 07/06/2023",
    "Mã công ty": "HMR",
    "Tên công ty": "Công ty Cổ phần Đá Hoàng Mai (HNX)",
    "Giá điểm": "7.3",
    "Thay đổi": "N/A",
    "Khối lượng": "7,500",
    "Giá tham chiếu": "7.3",
    "Giá trần": "8",
    "Giá sàn": "6.6",
    "Giá mở cửa": "N/A",
    "Giá cao nhất": "N/A",
    "Giá thấp nhất": "N/A",
    "Giao dịch NĐTNN": "Giao dịch NĐTNN",
    "KLGD ròng": "7.3",
    "GT Mua": "0 (Tỷ)",
    "GT Bán": "0 (Tỷ)",
    "Room còn lại": "N/A",
    "(*)   EPS cơ bản (nghìn đồng):": "0.99",
    "EPS pha loãng (nghìn đồng):": "0.99",
    "P/E :": "7.39",
    "Giá trị sổ sách /cp (nghìn đồng):": "13.72",
    "(**) Hệ số beta:": "n/a",
    "KLGD khớp lệnh trung bình 10 phiên:": "22,842",
    "KLCP đang niêm yết:": "5,612,444",
    "KLCP đang lưu hành:": "5,612,444",
    "Vốn hóa thị trường (tỷ đồng):": "40.97",
    "Doanh thu": "90 tỷ",
    "Lợi nhuận trước thuế": "10.8 tỷ",
    "Lợi nhuận sau thuế": "N/A",
    "Cổ tức bằng tiền mặt": "N/A",
    "Cổ tức bằng cổ phiếu": "N/A",
    "Dự kiến tăng vốn lên": "N/A",
    "Giới thiệu công ty": "Công ty Cổ phần đá Hoàng Mai được thành lập ngày 20/3/1963, có địa chỉ tại: Khối Tân Thành – Phường Quỳnh Thiện – Thị xã Hoàng Mai – Tỉnh Nghệ An. Công ty áp dụng công nghệ mới, đầu tư máy móc hiện đại, đào tạo đội ngũ cán bộ quản lý và công nhân kỹ thuật lành nghề, quản lý chất lượng theo tiêu chuẩn ISO 9001:2015. Công ty phát triển với mục tiêu “An toàn và phát triển bền vững” và xem “Khách hàng là ân nhân”"
}