{
    "Url": "http://s.cafef.vn/hastc/HOM-cong-ty-co-phan-xi-mang-vicem-hoang-mai.chn",
    "CenterName": "HNX",
    "Symbol": "HOM",
    "TradeCenterID": 2,
    "ChangePrice": 0,
    "VonHoa": 352.7888819,
    "ChangeVolume": 40.48175488363097,
    "EPS": 0.279185184060766,
    "PE": 17.5510746262721,
    "Beta": 0.358338445359741,
    "Price": 4.9,
    "UpdatedDate": "/Date(1686037643765)/",
    "FullName": "Công ty cổ phần Xi măng VICEM Hoàng Mai",
    "ParentCategoryId": 345,
    "Cập nhật": "11:49 Thứ 4, 07/06/2023",
    "Mã công ty": "HOM",
    "Tên công ty": "Công ty cổ phần Xi măng VICEM Hoàng Mai (HNX)",
    "Giá điểm": "5.1",
    "Thay đổi": "N/A",
    "Khối lượng": "51,400",
    "Giá tham chiếu": "5.1",
    "Giá trần": "5.6",
    "Giá sàn": "4.6",
    "Giá mở cửa": "5.2",
    "Giá cao nhất": "N/A",
    "Giá thấp nhất": "N/A",
    "Giao dịch NĐTNN": "Giao dịch NĐTNN",
    "KLGD ròng": "5.2",
    "GT Mua": "0 (Tỷ)",
    "GT Bán": "0 (Tỷ)",
    "Room còn lại": "N/A",
    "(*)   EPS cơ bản (nghìn đồng):": "0.29",
    "EPS pha loãng (nghìn đồng):": "0.28",
    "P/E :": "17.56",
    "Giá trị sổ sách /cp (nghìn đồng):": "13.42",
    "(**) Hệ số beta:": "0.36",
    "KLGD khớp lệnh trung bình 10 phiên:": "93,273",
    "KLCP đang niêm yết:": "74,769,131",
    "KLCP đang lưu hành:": "71,997,731",
    "Vốn hóa thị trường (tỷ đồng):": "367.19",
    "Doanh thu": "2,159.2 tỷ",
    "Lợi nhuận trước thuế": "12.09 tỷ",
    "Lợi nhuận sau thuế": "9.67 tỷ",
    "Cổ tức bằng tiền mặt": "N/A",
    "Cổ tức bằng cổ phiếu": "N/A",
    "Dự kiến tăng vốn lên": "N/A",
    "Giới thiệu công ty": "Là đơn vị thành viên của Tổng công ty Công nghiệp xi măng Việt Nam (VICEM),với định hướng chiến lược phù hợp cùng các giải pháp đồng bộ, sự dẫn dắt của Tổng công ty và sự chỉ đạo kiên quyết của ban lãnh đạo, sản phẩm mang biểu tượng \"con Chim Lạc\" đã và đang tiếp tục chiếm lĩnh thị trường. Với Slogan “thách thức thời gian”, xi măng Vicem Hoàng Mai qua hơn 15 năm xây dựng và phát triển phấn đấu hoàn thành tốt chức năng và nhiệm vụ của mình, khẳng định được vị thế và thương hiệu trên thị trường."
}