{
    "Url": "http://s.cafef.vn/hastc/HVT-cong-ty-co-phan-hoa-chat-viet-tri.chn",
    "CenterName": "HNX",
    "Symbol": "HVT",
    "TradeCenterID": 2,
    "ChangePrice": 1.0398613518197475,
    "VonHoa": 640.616724,
    "ChangeVolume": -91.5546218487395,
    "EPS": 15.2745094569918,
    "PE": 3.81681651801353,
    "Beta": 0.120735733375255,
    "Price": 58.3,
    "UpdatedDate": "/Date(1686037643765)/",
    "FullName": "Công ty Cổ phần Hóa chất Việt Trì",
    "ParentCategoryId": 344,
    "Cập nhật": "11:50 Thứ 4, 07/06/2023",
    "Mã công ty": "HVT",
    "Tên công ty": "Công ty Cổ phần Hóa chất Việt Trì (HNX)",
    "Giá điểm": "59.2",
    "Thay đổi": "N/A",
    "Khối lượng": "0.0",
    "Giá tham chiếu": "59.2",
    "Giá trần": "65.1",
    "Giá sàn": "53.3",
    "Giá mở cửa": "N/A",
    "Giá cao nhất": "N/A",
    "Giá thấp nhất": "N/A",
    "Giao dịch NĐTNN": "Giao dịch NĐTNN",
    "KLGD ròng": "59.2",
    "GT Mua": "0 (Tỷ)",
    "GT Bán": "0 (Tỷ)",
    "Room còn lại": "N/A",
    "(*)   EPS cơ bản (nghìn đồng):": "15.75",
    "EPS pha loãng (nghìn đồng):": "15.75",
    "P/E :": "3.76",
    "Giá trị sổ sách /cp (nghìn đồng):": "35.13",
    "(**) Hệ số beta:": "0.12",
    "KLGD khớp lệnh trung bình 10 phiên:": "4,760",
    "KLCP đang niêm yết:": "10,988,059",
    "KLCP đang lưu hành:": "10,988,280",
    "Vốn hóa thị trường (tỷ đồng):": "650.51",
    "Doanh thu": "1,422 tỷ",
    "Lợi nhuận trước thuế": "164 tỷ",
    "Lợi nhuận sau thuế": "N/A",
    "Cổ tức bằng tiền mặt": "N/A",
    "Cổ tức bằng cổ phiếu": "N/A",
    "Dự kiến tăng vốn lên": "N/A",
    "Giới thiệu công ty": "Công ty cổ phần Hóa chất Việt Trì tiền thân là Nhà máy Hóa chất Số 1 Việt Trì, là Nhà máy Hóa chất cơ bản đầu tiên của Việt Nam được chính thức khởi công xây dựng vào ngày 04 tháng 11 năm 1959. Ngành nghề kinh doanh chính là sản xuất Xút, Axit HCI, Clo lỏng, Javen, Thủy tinh lỏng, Phân bón tổng hợp NPK, các chất giặt rửa và các sản phẩm có gốc Clo như: BaCI2, CaCI2, ZnCI2."
}