{
    "Url": "http://s.cafef.vn/hastc/ICG-cong-ty-co-phan-xay-dung-song-hong.chn",
    "CenterName": "HNX",
    "Symbol": "ICG",
    "TradeCenterID": 2,
    "ChangePrice": 16.981132075471706,
    "VonHoa": 108.9464,
    "ChangeVolume": -86.87687314901842,
    "EPS": 0.0744713415870703,
    "PE": 83.2535021911897,
    "Beta": 0.712470423275787,
    "Price": 6.2,
    "UpdatedDate": "/Date(1686037643765)/",
    "FullName": "Công ty Cổ phần Xây dựng Sông Hồng",
    "ParentCategoryId": 345,
    "Cập nhật": "11:50 Thứ 4, 07/06/2023",
    "Mã công ty": "ICG",
    "Tên công ty": "Công ty Cổ phần Xây dựng Sông Hồng (HNX)",
    "Giá điểm": "6.7",
    "Thay đổi": "0.2 (3.08%)",
    "Khối lượng": "28,900",
    "Giá tham chiếu": "6.5",
    "Giá trần": "7.1",
    "Giá sàn": "5.9",
    "Giá mở cửa": "6.6",
    "Giá cao nhất": "6.9",
    "Giá thấp nhất": "N/A",
    "Giao dịch NĐTNN": "Giao dịch NĐTNN",
    "KLGD ròng": "6.9",
    "GT Mua": "0 (Tỷ)",
    "GT Bán": "0 (Tỷ)",
    "Room còn lại": "N/A",
    "(*)   EPS cơ bản (nghìn đồng):": "0.08",
    "EPS pha loãng (nghìn đồng):": "0.07",
    "P/E :": "82.35",
    "Giá trị sổ sách /cp (nghìn đồng):": "17.35",
    "(**) Hệ số beta:": "0.71",
    "KLGD khớp lệnh trung bình 10 phiên:": "39,989",
    "KLCP đang niêm yết:": "20,000,000",
    "KLCP đang lưu hành:": "17,572,000",
    "Vốn hóa thị trường (tỷ đồng):": "114.22",
    "Doanh thu": "47 tỷ",
    "Lợi nhuận trước thuế": "21.9 tỷ",
    "Lợi nhuận sau thuế": "17.32 tỷ",
    "Cổ tức bằng tiền mặt": "6 %",
    "Cổ tức bằng cổ phiếu": "N/A",
    "Dự kiến tăng vốn lên": "N/A",
    "Giới thiệu công ty": "Công ty Cổ phần Xây dựng Sông Hồng tiền thân là Chi nhánh tại Hà Nội của Tổng Công ty Xây dựng Sông Hông được thành lập ngày 14 tháng 06 năm 1997. Ngày 15/12/2004 sát nhập Chi nhánh Tổng Công ty Sông Hồng tại Hà Nội vào Công ty Đầu tư Xây dựng và Xuất nhập khẩu Hà Nội và lấy tên là Công ty Đầu tư Xây dựng và Xuất nhập khẩu Hà Nội. Ngành nghề kinh doanh: thiết kế kết cấu công trình dân dụng công nghiệp, thiết kế kiến trúc, quy hoạch..."
}