{
    "Url": "http://s.cafef.vn/hastc/IDC-tong-cong-ty-idico-cong-ty-co-phan.chn",
    "CenterName": "HNX",
    "Symbol": "IDC",
    "TradeCenterID": 2,
    "ChangePrice": -1.1961722488038278,
    "VonHoa": 13629,
    "ChangeVolume": 6.763757383989662,
    "EPS": 6.34916059339414,
    "PE": 6.50479687708164,
    "Beta": 0,
    "Price": 41.3,
    "UpdatedDate": "/Date(1686037643765)/",
    "FullName": "Tổng công ty IDICO - Công ty Cổ phần",
    "ParentCategoryId": 345,
    "Cập nhật": "11:50 Thứ 4, 07/06/2023",
    "Mã công ty": "IDC",
    "Tên công ty": "Tổng công ty IDICO - Công ty Cổ phần (HNX)",
    "Giá điểm": "41.6",
    "Thay đổi": "0.3 (0.73%)",
    "Khối lượng": "1,284,983",
    "Giá tham chiếu": "41.3",
    "Giá trần": "45.4",
    "Giá sàn": "37.2",
    "Giá mở cửa": "42",
    "Giá cao nhất": "N/A",
    "Giá thấp nhất": "N/A",
    "Giao dịch NĐTNN": "Giao dịch NĐTNN",
    "KLGD ròng": "42",
    "GT Mua": "2.25 (Tỷ)",
    "GT Bán": "0.13 (Tỷ)",
    "Room còn lại": "N/A",
    "(*)   EPS cơ bản (nghìn đồng):": "6.67",
    "EPS pha loãng (nghìn đồng):": "6.67",
    "P/E :": "6.23",
    "Giá trị sổ sách /cp (nghìn đồng):": "15.55",
    "(**) Hệ số beta:": "n/a",
    "KLGD khớp lệnh trung bình 10 phiên:": "3,532,875",
    "KLCP đang niêm yết:": "329,999,929",
    "KLCP đang lưu hành:": "330,000,000",
    "Vốn hóa thị trường (tỷ đồng):": "13,629.00",
    "Doanh thu": "8,276.83 tỷ",
    "Lợi nhuận trước thuế": "2,525.2 tỷ",
    "Lợi nhuận sau thuế": "N/A",
    "Cổ tức bằng tiền mặt": "N/A",
    "Cổ tức bằng cổ phiếu": "N/A",
    "Dự kiến tăng vốn lên": "N/A",
    "Giới thiệu công ty": "Tổng công ty Đầu tư Phát triển Đô thị và Khu công nghiệp Việt Nam - TNHH MTV (IDICO) là Tổng Công  ty thuộc Bộ Xây dựng được thành lập theo Quyết định số 90/TTg ngày 07/03/1994, Văn bản số 1011/CP-ĐMDN ngày 07/11/2000 của Thủ tướng Chính phủ; Quyết định số 26/2000 QĐ-BXD ngày 06/12/2000, chuyển đổi hình thức hoạt động theo mô hình Công ty mẹ - Công ty con theo Quyết định số 1768/QĐ-BXD ngày 21/11/2006, chuyển đổi hình thức hoạt động theo mô hình Công ty TNHH MTV theo Quyết định số 615/QĐ-BXD ngày 10/06/2010 của Bộ trưởng Bộ Xây dựng."
}