{
    "Url": "http://s.cafef.vn/hastc/IDJ-cong-ty-co-phan-dau-tu-idj-viet-nam.chn",
    "CenterName": "HNX",
    "Symbol": "IDJ",
    "TradeCenterID": 2,
    "ChangePrice": 1.342281879194626,
    "VonHoa": 2619.7019143,
    "ChangeVolume": 7.559629073596622,
    "EPS": 0.785937829291192,
    "PE": 19.2127156083301,
    "Beta": 0.456839891332924,
    "Price": 15.1,
    "UpdatedDate": "/Date(1686037643765)/",
    "FullName": "Công ty cổ phần Đầu tư IDJ Việt Nam",
    "ParentCategoryId": 345,
    "Cập nhật": "11:50 Thứ 4, 07/06/2023",
    "Mã công ty": "IDJ",
    "Tên công ty": "Công ty cổ phần Đầu tư IDJ Việt Nam (HNX)",
    "Giá điểm": "15",
    "Thay đổi": "N/A",
    "Khối lượng": "1,853,803",
    "Giá tham chiếu": "15",
    "Giá trần": "16.5",
    "Giá sàn": "13.5",
    "Giá mở cửa": "15.5",
    "Giá cao nhất": "N/A",
    "Giá thấp nhất": "N/A",
    "Giao dịch NĐTNN": "Giao dịch NĐTNN",
    "KLGD ròng": "15.5",
    "GT Mua": "0.01 (Tỷ)",
    "GT Bán": "0 (Tỷ)",
    "Room còn lại": "N/A",
    "(*)   EPS cơ bản (nghìn đồng):": "0.89",
    "EPS pha loãng (nghìn đồng):": "1.16",
    "P/E :": "16.89",
    "Giá trị sổ sách /cp (nghìn đồng):": "10.88",
    "(**) Hệ số beta:": "0.46",
    "KLGD khớp lệnh trung bình 10 phiên:": "3,748,122",
    "KLCP đang niêm yết:": "132,577,217",
    "KLCP đang lưu hành:": "173,490,193",
    "Vốn hóa thị trường (tỷ đồng):": "2,602.35",
    "Doanh thu": "1,105 tỷ",
    "Lợi nhuận trước thuế": "246 tỷ",
    "Lợi nhuận sau thuế": "N/A",
    "Cổ tức bằng tiền mặt": "4 %",
    "Cổ tức bằng cổ phiếu": "N/A",
    "Dự kiến tăng vốn lên": "N/A",
    "Giới thiệu công ty": "IDJ Investment có tiền thân là Công ty cổ phần tài chính quốc tế và phát triển doanh nghiệp IDJ, ngày 19/06/2015 đổi tên thành Công ty cổ phần đầu tư IDJ Việt Nam. Từ khi thành lập, IDJ Investment đã từng bước khẳng định thương hiệu của mình với tư cách là một công ty đầu tư sáng tạo, hiệu quả và uy tín hàng đầu trên thị trường."
}