{
    "Url": "http://s.cafef.vn/hastc/IDV-cong-ty-co-phan-phat-trien-ha-tang-vinh-phuc.chn",
    "CenterName": "HNX",
    "Symbol": "IDV",
    "TradeCenterID": 2,
    "ChangePrice": 1.9830028328611982,
    "VonHoa": 1089.837936,
    "ChangeVolume": -5.967784526010035,
    "EPS": 3.4187689828619,
    "PE": 10.5301060646291,
    "Beta": 0.625010954342301,
    "Price": 36,
    "UpdatedDate": "/Date(1686037643765)/",
    "FullName": "Công ty Cổ phần Phát triển Hạ tầng Vĩnh Phúc",
    "ParentCategoryId": 345,
    "Cập nhật": "11:50 Thứ 4, 07/06/2023",
    "Mã công ty": "IDV",
    "Tên công ty": "Công ty Cổ phần Phát triển Hạ tầng Vĩnh Phúc (HNX)",
    "Giá điểm": "36.4",
    "Thay đổi": "N/A",
    "Khối lượng": "2,424",
    "Giá tham chiếu": "36.4",
    "Giá trần": "40",
    "Giá sàn": "32.8",
    "Giá mở cửa": "N/A",
    "Giá cao nhất": "N/A",
    "Giá thấp nhất": "36",
    "Giao dịch NĐTNN": "Giao dịch NĐTNN",
    "KLGD ròng": "36.4",
    "GT Mua": "0 (Tỷ)",
    "GT Bán": "0.01 (Tỷ)",
    "Room còn lại": "N/A",
    "(*)   EPS cơ bản (nghìn đồng):": "4.10",
    "EPS pha loãng (nghìn đồng):": "4.10",
    "P/E :": "8.87",
    "Giá trị sổ sách /cp (nghìn đồng):": "25.77",
    "(**) Hệ số beta:": "0.63",
    "KLGD khớp lệnh trung bình 10 phiên:": "7,476",
    "KLCP đang niêm yết:": "30,273,276",
    "KLCP đang lưu hành:": "30,273,276",
    "Vốn hóa thị trường (tỷ đồng):": "1,101.95",
    "Doanh thu": "200 - 220 tỷ",
    "Lợi nhuận trước thuế": "N/A",
    "Lợi nhuận sau thuế": "110 - 130 tỷ",
    "Cổ tức bằng tiền mặt": "5 %",
    "Cổ tức bằng cổ phiếu": "20 %",
    "Dự kiến tăng vốn lên": "N/A",
    "Giới thiệu công ty": "Công ty cổ phần Phát triển Hạ tầng Vĩnh Phúc được thành lập ngày 16/06/2003. Lĩnh vực hoạt động chính của Công ty là: Đầu tư xây dựng và kinh doanh hạ tầng khu, cụm công nghiệp, khu đô thị, nhà ở; Kinh doanh bất động sản; Kinh doanh các dịch vụ du lịch; Xây dựng công trình dân dụng, công nghiệp, giao thông, thủy lợi ; Sản xuất và mua bán cây xanh..."
}