{
    "Url": "http://s.cafef.vn/hastc/INC-cong-ty-co-phan-tu-van-dau-tu-idico.chn",
    "CenterName": "HNX",
    "Symbol": "INC",
    "TradeCenterID": 2,
    "ChangePrice": -4.382470119521917,
    "VonHoa": 48,
    "ChangeVolume": -100,
    "EPS": 1.0736070830776,
    "PE": 22.3545470016849,
    "Beta": 0.628341074401893,
    "Price": 24,
    "UpdatedDate": "/Date(1686037643765)/",
    "FullName": "Công ty Cổ phần Tư vấn Đầu tư IDICO",
    "ParentCategoryId": 345,
    "Cập nhật": "11:50 Thứ 4, 07/06/2023",
    "Mã công ty": "INC",
    "Tên công ty": "Công ty Cổ phần Tư vấn Đầu tư IDICO (HNX)",
    "Giá điểm": "24",
    "Thay đổi": "N/A",
    "Khối lượng": "0.0",
    "Giá tham chiếu": "24",
    "Giá trần": "26.4",
    "Giá sàn": "21.6",
    "Giá mở cửa": "N/A",
    "Giá cao nhất": "N/A",
    "Giá thấp nhất": "N/A",
    "Giao dịch NĐTNN": "Giao dịch NĐTNN",
    "KLGD ròng": "24",
    "GT Mua": "0 (Tỷ)",
    "GT Bán": "0 (Tỷ)",
    "Room còn lại": "N/A",
    "(*)   EPS cơ bản (nghìn đồng):": "1.17",
    "EPS pha loãng (nghìn đồng):": "1.30",
    "P/E :": "20.57",
    "Giá trị sổ sách /cp (nghìn đồng):": "12.34",
    "(**) Hệ số beta:": "0.63",
    "KLGD khớp lệnh trung bình 10 phiên:": "20",
    "KLCP đang niêm yết:": "1,800,000",
    "KLCP đang lưu hành:": "2,000,000",
    "Vốn hóa thị trường (tỷ đồng):": "48.00",
    "Doanh thu": "26.6 tỷ",
    "Lợi nhuận trước thuế": "3.3 tỷ",
    "Lợi nhuận sau thuế": "2.62 tỷ",
    "Cổ tức bằng tiền mặt": "15 %",
    "Cổ tức bằng cổ phiếu": "N/A",
    "Dự kiến tăng vốn lên": "N/A",
    "Giới thiệu công ty": "Công ty cổ phần Tư vấn đầu tư IDICO (gọi tắt là IDICO-INCON) là đơn vị thành viên của Tổng công ty Đầu tư phát triển đô thị và Khu công nghiệp Việt Nam (IDICO). IDICO-INCON với sức trẻ, lòng quyết tâm và sự chuyên nghiệp của cả hệ thống cam kết sẽ mang lại cho quý khách hàng, đối tác những giá trị tốt nhất trong lĩnh vực hoạt động của Công ty."
}