{
    "Url": "http://s.cafef.vn/hastc/INN-cong-ty-co-phan-bao-bi-va-in-nong-nghiep.chn",
    "CenterName": "HNX",
    "Symbol": "INN",
    "TradeCenterID": 2,
    "ChangePrice": -0.5524861878453117,
    "VonHoa": 646.488,
    "ChangeVolume": -74.4307804699866,
    "EPS": 4.43136397286798,
    "PE": 8.12390952772512,
    "Beta": 0.277497649773524,
    "Price": 36,
    "UpdatedDate": "/Date(1686037643765)/",
    "FullName": "Công ty Cổ phần Bao bì và In Nông nghiệp",
    "ParentCategoryId": 344,
    "Cập nhật": "11:50 Thứ 4, 07/06/2023",
    "Mã công ty": "INN",
    "Tên công ty": "Công ty Cổ phần Bao bì và In Nông nghiệp (HNX)",
    "Giá điểm": "35.7",
    "Thay đổi": "N/A",
    "Khối lượng": "700",
    "Giá tham chiếu": "35.7",
    "Giá trần": "39.2",
    "Giá sàn": "32.2",
    "Giá mở cửa": "35.8",
    "Giá cao nhất": "35.8",
    "Giá thấp nhất": "N/A",
    "Giao dịch NĐTNN": "Giao dịch NĐTNN",
    "KLGD ròng": "35.8",
    "GT Mua": "0 (Tỷ)",
    "GT Bán": "0 (Tỷ)",
    "Room còn lại": "N/A",
    "(*)   EPS cơ bản (nghìn đồng):": "4.67",
    "EPS pha loãng (nghìn đồng):": "4.66",
    "P/E :": "7.65",
    "Giá trị sổ sách /cp (nghìn đồng):": "31.68",
    "(**) Hệ số beta:": "0.28",
    "KLGD khớp lệnh trung bình 10 phiên:": "10,949",
    "KLCP đang niêm yết:": "18,000,000",
    "KLCP đang lưu hành:": "17,958,000",
    "Vốn hóa thị trường (tỷ đồng):": "641.10",
    "Doanh thu": "1,650 tỷ",
    "Lợi nhuận trước thuế": "107 tỷ",
    "Lợi nhuận sau thuế": "N/A",
    "Cổ tức bằng tiền mặt": "18 %",
    "Cổ tức bằng cổ phiếu": "N/A",
    "Dự kiến tăng vốn lên": "N/A",
    "Giới thiệu công ty": "Công ty cổ phần Bao bì và In nông nghiệp được chuyển đổi từ Doanh nghiệp Nhà nước và chính thức đi vào hoạt động với mô hình công ty Cổ phần từ ngày 01/07/2004. Hoạt động chính của Công ty: in sách báo tem nhãn bao bì và các tài liệu phục vụ cho mọi ngành kinh tế; kinh doanh xuất nhập khẩu vật tư phục vụ ngành in; thiết kế tạo mẫu in, dịch vụ quảng cáo thương mại; dịch vụ kinh doanh bất động sản và văn phòng cho thuê."
}