{
    "Url": "http://s.cafef.vn/hastc/IPA-cong-ty-co-phan-tap-doan-dau-tu-ipa.chn",
    "CenterName": "HNX",
    "Symbol": "IPA",
    "TradeCenterID": 2,
    "ChangePrice": -1.7647058823529453,
    "VonHoa": 3571.0574425,
    "ChangeVolume": -7.306957317212125,
    "EPS": 0.413972588660087,
    "PE": 40.3408352568783,
    "Beta": 0,
    "Price": 16.7,
    "UpdatedDate": "/Date(1686037643765)/",
    "FullName": "Công ty cổ phần Tập đoàn Đầu tư I.P.A",
    "ParentCategoryId": 341,
    "Cập nhật": "11:50 Thứ 4, 07/06/2023",
    "Mã công ty": "IPA",
    "Tên công ty": "Công ty cổ phần Tập đoàn Đầu tư I.P.A (HNX)",
    "Giá điểm": "17.7",
    "Thay đổi": "-0.3 (-1.67%)",
    "Khối lượng": "126,250",
    "Giá tham chiếu": "18",
    "Giá trần": "19.8",
    "Giá sàn": "16.2",
    "Giá mở cửa": "18.2",
    "Giá cao nhất": "18.2",
    "Giá thấp nhất": "17.3",
    "Giao dịch NĐTNN": "Giao dịch NĐTNN",
    "KLGD ròng": "18.2",
    "GT Mua": "0 (Tỷ)",
    "GT Bán": "0 (Tỷ)",
    "Room còn lại": "N/A",
    "(*)   EPS cơ bản (nghìn đồng):": "0.50",
    "EPS pha loãng (nghìn đồng):": "0.50",
    "P/E :": "35.63",
    "Giá trị sổ sách /cp (nghìn đồng):": "16.68",
    "(**) Hệ số beta:": "n/a",
    "KLGD khớp lệnh trung bình 10 phiên:": "334,962",
    "KLCP đang niêm yết:": "213,835,775",
    "KLCP đang lưu hành:": "213,835,775",
    "Vốn hóa thị trường (tỷ đồng):": "3,849.04",
    "Doanh thu": "1,680 tỷ",
    "Lợi nhuận trước thuế": "900 tỷ",
    "Lợi nhuận sau thuế": "N/A",
    "Cổ tức bằng tiền mặt": "N/A",
    "Cổ tức bằng cổ phiếu": "N/A",
    "Dự kiến tăng vốn lên": "N/A",
    "Giới thiệu công ty": "Công ty cổ phần tập đoàn đầu tư IPA là một tập đoàn đầu tư tư nhân. Hiện nay, công ty có số vốn cổ đông hơn 900 tỷ và tổng tài sản hơn 2000 tỷ và một đội ngũ hơn 1000 người ở trong hệ thống công ty thành viên và công ty liên kết. Ngoài ra, IPA còn có sức mạnh của 2 công ty thành viên là công ty chứng khoán VNDIRECT, và công ty quản lý quĩ IPAAM. IPA cung cấp  các dịch vụ quản lý tài sản và tư vấn đầu tư cho các nhà đầu tư cá nhân và tổ chức, giúp tiếp cận các cơ hội đầu tư, quản lý và khai thác đồng vốn hiệu quả nhất."
}