{
    "Url": "http://s.cafef.vn/hastc/IVS-cong-ty-co-phan-chung-khoan-guotai-junan-viet-nam.chn",
    "CenterName": "HNX",
    "Symbol": "IVS",
    "TradeCenterID": 2,
    "ChangePrice": 2.898550724637671,
    "VonHoa": 422.45,
    "ChangeVolume": 3.2362593992771385,
    "EPS": 0.388652337604857,
    "PE": 18.2682549750121,
    "Beta": 0.622995355358864,
    "Price": 7.1,
    "UpdatedDate": "/Date(1686037643765)/",
    "FullName": "Công ty cổ phần Chứng khoán Guotai Junan (Việt Nam)",
    "ParentCategoryId": 341,
    "Cập nhật": "11:50 Thứ 4, 07/06/2023",
    "Mã công ty": "IVS",
    "Tên công ty": "Công ty cổ phần Chứng khoán Guotai Junan (Việt Nam) (HNX)",
    "Giá điểm": "7.5",
    "Thay đổi": "N/A",
    "Khối lượng": "47,602",
    "Giá tham chiếu": "7.5",
    "Giá trần": "8.2",
    "Giá sàn": "6.8",
    "Giá mở cửa": "7.6",
    "Giá cao nhất": "7.6",
    "Giá thấp nhất": "N/A",
    "Giao dịch NĐTNN": "Giao dịch NĐTNN",
    "KLGD ròng": "7.6",
    "GT Mua": "0 (Tỷ)",
    "GT Bán": "0.02 (Tỷ)",
    "Room còn lại": "N/A",
    "(*)   EPS cơ bản (nghìn đồng):": "0.43",
    "EPS pha loãng (nghìn đồng):": "0.37",
    "P/E :": "17.55",
    "Giá trị sổ sách /cp (nghìn đồng):": "12.27",
    "(**) Hệ số beta:": "0.62",
    "KLGD khớp lệnh trung bình 10 phiên:": "120,548",
    "KLCP đang niêm yết:": "69,350,000",
    "KLCP đang lưu hành:": "59,500,000",
    "Vốn hóa thị trường (tỷ đồng):": "446.25",
    "Doanh thu": "965 tỷ",
    "Lợi nhuận trước thuế": "258 tỷ",
    "Lợi nhuận sau thuế": "N/A",
    "Cổ tức bằng tiền mặt": "N/A",
    "Cổ tức bằng cổ phiếu": "N/A",
    "Dự kiến tăng vốn lên": "N/A",
    "Giới thiệu công ty": "VNS được thành lập và hoạt động theo giấy phép số 69/UBCK-GPHĐKD do Ủy ban Chứng khoán Nhà nước cấp ngày 28/08/2007, gồm các hoạt động: Môi giới chứng khoán; Tự doanh chứng khoán; Tư vấn đầu tư chứng khoán; Lưu ký chứng khoán. Ngay từ ngày đầu mới thành lập, VNS đã ý thức được sứ mệnh của mình là đem đến cho khách hàng những dịch vụ tài chính chất lượng cao, những cơ hội lựa chọn sản phẩm, dịch vụ phong phú."
}