{
    "Url": "http://s.cafef.vn/hastc/KDM-cong-ty-co-phan-tap-doan-gcl.chn",
    "CenterName": "HNX",
    "Symbol": "KDM",
    "TradeCenterID": 2,
    "ChangePrice": 6.481481481481474,
    "VonHoa": 70.29,
    "ChangeVolume": -82.4625502374863,
    "EPS": -0.430842736478873,
    "PE": -22.9782218934668,
    "Beta": 0,
    "Price": 11.5,
    "UpdatedDate": "/Date(1686037643765)/",
    "FullName": "Công ty cổ phần Tập đoàn GCL",
    "ParentCategoryId": 345,
    "Cập nhật": "11:50 Thứ 4, 07/06/2023",
    "Mã công ty": "KDM",
    "Tên công ty": "Công ty cổ phần Tập đoàn GCL (HNX)",
    "Giá điểm": "12.8",
    "Thay đổi": "0.2 (1.59%)",
    "Khối lượng": "93,850",
    "Giá tham chiếu": "12.6",
    "Giá trần": "13.8",
    "Giá sàn": "11.4",
    "Giá mở cửa": "13.5",
    "Giá cao nhất": "N/A",
    "Giá thấp nhất": "N/A",
    "Giao dịch NĐTNN": "Giao dịch NĐTNN",
    "KLGD ròng": "13.8",
    "GT Mua": "0.04 (Tỷ)",
    "GT Bán": "0 (Tỷ)",
    "Room còn lại": "N/A",
    "(*)   EPS cơ bản (nghìn đồng):": "n/a",
    "EPS pha loãng (nghìn đồng):": "n/a",
    "P/E :": "n/a",
    "Giá trị sổ sách /cp (nghìn đồng):": "10.94",
    "(**) Hệ số beta:": "n/a",
    "KLGD khớp lệnh trung bình 10 phiên:": "n/a",
    "KLCP đang niêm yết:": "7,100,000",
    "KLCP đang lưu hành:": "7,100,000",
    "Vốn hóa thị trường (tỷ đồng):": "70.29",
    "Doanh thu": "40 tỷ",
    "Lợi nhuận trước thuế": "5.2 tỷ",
    "Lợi nhuận sau thuế": "4.16 tỷ",
    "Cổ tức bằng tiền mặt": "N/A",
    "Cổ tức bằng cổ phiếu": "N/A",
    "Dự kiến tăng vốn lên": "N/A",
    "Giới thiệu công ty": "Công ty cổ phần Tập đoàn GCL tiền thân là Công ty TNHH Long Thành được thành lập và hoạt động từ ngày 01/06/2009. Trong thời gian qua, mặc dù chịu ảnh hưởng chung của cuộc khủng hoảng kinh tế, Công ty vẫn đã và đang có được kết quả kinh doanh khả quan, được khách hàng đánh giá cao."
}