{
    "Url": "http://s.cafef.vn/hastc/KHS-cong-ty-co-phan-kien-hung.chn",
    "CenterName": "HNX",
    "Symbol": "KHS",
    "TradeCenterID": 2,
    "ChangePrice": 9.27152317880795,
    "VonHoa": 199.5009885,
    "ChangeVolume": 0,
    "EPS": 1.69458351290951,
    "PE": 9.73690577909044,
    "Beta": 0,
    "Price": 16.5,
    "UpdatedDate": "/Date(1686037643765)/",
    "FullName": "Công ty Cổ phần Kiên Hùng",
    "ParentCategoryId": 338,
    "Cập nhật": "11:50 Thứ 4, 07/06/2023",
    "Mã công ty": "KHS",
    "Tên công ty": "Công ty Cổ phần Kiên Hùng (HNX)",
    "Giá điểm": "14.9",
    "Thay đổi": "N/A",
    "Khối lượng": "0.0",
    "Giá tham chiếu": "14.9",
    "Giá trần": "16.3",
    "Giá sàn": "13.5",
    "Giá mở cửa": "N/A",
    "Giá cao nhất": "N/A",
    "Giá thấp nhất": "N/A",
    "Giao dịch NĐTNN": "Giao dịch NĐTNN",
    "KLGD ròng": "14.9",
    "GT Mua": "0 (Tỷ)",
    "GT Bán": "0 (Tỷ)",
    "Room còn lại": "N/A",
    "(*)   EPS cơ bản (nghìn đồng):": "1.83",
    "EPS pha loãng (nghìn đồng):": "1.83",
    "P/E :": "8.13",
    "Giá trị sổ sách /cp (nghìn đồng):": "16.74",
    "(**) Hệ số beta:": "n/a",
    "KLGD khớp lệnh trung bình 10 phiên:": "660",
    "KLCP đang niêm yết:": "12,090,969",
    "KLCP đang lưu hành:": "12,090,969",
    "Vốn hóa thị trường (tỷ đồng):": "180.16",
    "Doanh thu": "753.04 tỷ",
    "Lợi nhuận trước thuế": "26.52 tỷ",
    "Lợi nhuận sau thuế": "25.75 tỷ",
    "Cổ tức bằng tiền mặt": "N/A",
    "Cổ tức bằng cổ phiếu": "N/A",
    "Dự kiến tăng vốn lên": "N/A",
    "Giới thiệu công ty": "Công ty Cổ phần Kiên Hùng tiền thân là Công ty TNHH Kiên Hùng, được chuyển đổi thành mô hình công ty cổ phần vào tháng 12/2009 với lĩnh vực hoạt động chính là xuất khẩu thủy sản, mặt hàng chủ lực là mực và cá đông lạnh, chế biến bột cá – nguyên liệu cho thức ăn gia súc gia cầm và nuôi trồng thủy sản."
}