{
    "Url": "http://s.cafef.vn/hastc/KKC-cong-ty-co-phan-tap-doan-thanh-thai.chn",
    "CenterName": "HNX",
    "Symbol": "KKC",
    "TradeCenterID": 2,
    "ChangePrice": 3.448275862068969,
    "VonHoa": 31.198896,
    "ChangeVolume": -56.52173913043478,
    "EPS": -5.35729051289205,
    "PE": -1.11996913095553,
    "Beta": 0.198054508807291,
    "Price": 6,
    "UpdatedDate": "/Date(1686037643765)/",
    "FullName": "Công ty Cổ phần Tập đoàn Thành Thái",
    "ParentCategoryId": 345,
    "Cập nhật": "11:50 Thứ 4, 07/06/2023",
    "Mã công ty": "KKC",
    "Tên công ty": "Công ty Cổ phần Tập đoàn Thành Thái (HNX)",
    "Giá điểm": "6",
    "Thay đổi": "N/A",
    "Khối lượng": "0.0",
    "Giá tham chiếu": "6",
    "Giá trần": "6.6",
    "Giá sàn": "5.4",
    "Giá mở cửa": "N/A",
    "Giá cao nhất": "N/A",
    "Giá thấp nhất": "N/A",
    "Giao dịch NĐTNN": "Giao dịch NĐTNN",
    "KLGD ròng": "6",
    "GT Mua": "0 (Tỷ)",
    "GT Bán": "0 (Tỷ)",
    "Room còn lại": "N/A",
    "(*)   EPS cơ bản (nghìn đồng):": "n/a",
    "EPS pha loãng (nghìn đồng):": "n/a",
    "P/E :": "n/a",
    "Giá trị sổ sách /cp (nghìn đồng):": "8.51",
    "(**) Hệ số beta:": "0.20",
    "KLGD khớp lệnh trung bình 10 phiên:": "370",
    "KLCP đang niêm yết:": "5,200,000",
    "KLCP đang lưu hành:": "5,199,816",
    "Vốn hóa thị trường (tỷ đồng):": "31.20",
    "Doanh thu": "300 tỷ",
    "Lợi nhuận trước thuế": "1 tỷ",
    "Lợi nhuận sau thuế": "0.8 tỷ",
    "Cổ tức bằng tiền mặt": "N/A",
    "Cổ tức bằng cổ phiếu": "N/A",
    "Dự kiến tăng vốn lên": "N/A",
    "Giới thiệu công ty": "Công ty cổ phần sản xuất và kinh doanh kim khí được Đại hội đồng cổ đông thành lập vào ngày 27/12/2000 trên cơ sở Xí nghiệp kinh doanh dịch vụ và xếp dỡ vật tư (Xí nghiệp 4) - đơn vị hạch toán phụ thuộc Công ty kim khí Hải Phòng, doanh nghiệp thành viên độc lập của Tổng công ty thép Việt Nam. Công ty có trụ sở chính tại số 6 Nguyễn Trãi, quận Ngô Quyền, thành phố Hải Phòng."
}