{
    "Url": "http://s.cafef.vn/hastc/KLF-cong-ty-co-phan-dau-tu-thuong-mai-va-xuat-nhap-khau-cfs.chn",
    "CenterName": "HNX",
    "Symbol": "KLF",
    "TradeCenterID": 2,
    "ChangePrice": 0,
    "VonHoa": 132.2820488,
    "ChangeVolume": 0,
    "EPS": -0.0757293466993958,
    "PE": -10.5639363716627,
    "Beta": 2.18429585487687,
    "Price": 0.8,
    "UpdatedDate": "/Date(1686037643765)/",
    "FullName": "Công ty Cổ phần Đầu tư Thương mại và Xuất nhập khẩu CFS",
    "ParentCategoryId": 346,
    "Cập nhật": "10:17 Thứ 4, 07/06/2023",
    "Mã công ty": "KLF",
    "Tên công ty": "Công ty Cổ phần Đầu tư Thương mại và Xuất nhập khẩu CFS (HNX)",
    "Giá điểm": "0.8",
    "Thay đổi": "N/A",
    "Khối lượng": "0.0",
    "Giá tham chiếu": "0.8",
    "Giá trần": "0.9",
    "Giá sàn": "0.7",
    "Giá mở cửa": "N/A",
    "Giá cao nhất": "N/A",
    "Giá thấp nhất": "N/A",
    "Giao dịch NĐTNN": "Giao dịch NĐTNN",
    "KLGD ròng": "0.8",
    "GT Mua": "0 (Tỷ)",
    "GT Bán": "0 (Tỷ)",
    "Room còn lại": "N/A",
    "(*)   EPS cơ bản (nghìn đồng):": "n/a",
    "EPS pha loãng (nghìn đồng):": "n/a",
    "P/E :": "n/a",
    "Giá trị sổ sách /cp (nghìn đồng):": "10.41",
    "(**) Hệ số beta:": "2.18",
    "KLGD khớp lệnh trung bình 10 phiên:": "n/a",
    "KLCP đang niêm yết:": "165,352,561",
    "KLCP đang lưu hành:": "165,352,561",
    "Vốn hóa thị trường (tỷ đồng):": "132.28",
    "Doanh thu": "1,100 tỷ",
    "Lợi nhuận trước thuế": "12 tỷ",
    "Lợi nhuận sau thuế": "9.6 tỷ",
    "Cổ tức bằng tiền mặt": "N/A",
    "Cổ tức bằng cổ phiếu": "N/A",
    "Dự kiến tăng vốn lên": "N/A",
    "Giới thiệu công ty": "Công ty Cổ phần Đầu tư Thương mại và Xuất nhập khẩu CFS tiền thân là Công ty cổ phần Dịch vụ Thương mại và Đầu tư Tân Mỹ Đình, được thành lập vào ngày 18/9/2009 với 5 cổ đông sáng lập là cá nhân. Ngành nghề kinh doanh: hoạt động đại lý bán vé máy bay; buôn bán vật liệu, thiết bị lắp đặt khác trong xây dựng; đại lý du lịch; chăm sóc và duy trì cảnh quan; cung cấp ăn uống theo hợp đồng không thường xuyên với khách hàng..."
}