{
    "Url": "http://s.cafef.vn/hastc/KMT-cong-ty-co-phan-kim-khi-mien-trung.chn",
    "CenterName": "HNX",
    "Symbol": "KMT",
    "TradeCenterID": 2,
    "ChangePrice": 0,
    "VonHoa": 88.619058,
    "ChangeVolume": 400,
    "EPS": 0.913372431896087,
    "PE": 9.85359277958141,
    "Beta": 0.0135833844535974,
    "Price": 9,
    "UpdatedDate": "/Date(1686037643765)/",
    "FullName": "Công ty cổ phần Kim khí miền Trung",
    "ParentCategoryId": 345,
    "Cập nhật": "11:50 Thứ 4, 07/06/2023",
    "Mã công ty": "KMT",
    "Tên công ty": "Công ty cổ phần Kim khí miền Trung (HNX)",
    "Giá điểm": "9.4",
    "Thay đổi": "N/A",
    "Khối lượng": "0.0",
    "Giá tham chiếu": "9.4",
    "Giá trần": "10.3",
    "Giá sàn": "8.5",
    "Giá mở cửa": "N/A",
    "Giá cao nhất": "N/A",
    "Giá thấp nhất": "N/A",
    "Giao dịch NĐTNN": "Giao dịch NĐTNN",
    "KLGD ròng": "9.4",
    "GT Mua": "0 (Tỷ)",
    "GT Bán": "0 (Tỷ)",
    "Room còn lại": "N/A",
    "(*)   EPS cơ bản (nghìn đồng):": "0.97",
    "EPS pha loãng (nghìn đồng):": "0.97",
    "P/E :": "9.72",
    "Giá trị sổ sách /cp (nghìn đồng):": "13.62",
    "(**) Hệ số beta:": "0.01",
    "KLGD khớp lệnh trung bình 10 phiên:": "87",
    "KLCP đang niêm yết:": "9,846,562",
    "KLCP đang lưu hành:": "9,846,562",
    "Vốn hóa thị trường (tỷ đồng):": "92.56",
    "Doanh thu": "N/A",
    "Lợi nhuận trước thuế": "12 tỷ",
    "Lợi nhuận sau thuế": "N/A",
    "Cổ tức bằng tiền mặt": "6 %",
    "Cổ tức bằng cổ phiếu": "N/A",
    "Dự kiến tăng vốn lên": "N/A",
    "Giới thiệu công ty": "Gần 30 năm hoạt động trong ngành thép, Công ty cổ phần Kim khí Miền Trung - CEVIMETAL luôn nhận thức rằng: \"Chất lượng sản phẩm và dịch vụ là uy tín, quyết định đến sự ổn định và phát triển bền vững của Công ty\", và đó cũng là phương châm hàng đầu của Công ty trong suốt quá trình tổ chức sản xuất kinh doanh."
}