{
    "Url": "http://s.cafef.vn/hastc/KSD-cong-ty-co-phan-dau-tu-dna.chn",
    "CenterName": "HNX",
    "Symbol": "KSD",
    "TradeCenterID": 2,
    "ChangePrice": 4.761904761904759,
    "VonHoa": 76.8,
    "ChangeVolume": 46.30102040816327,
    "EPS": -0.1679583236311,
    "PE": -38.1046908640076,
    "Beta": 0.725527999298922,
    "Price": 6.6,
    "UpdatedDate": "/Date(1686037643765)/",
    "FullName": "Công ty cổ phần Đầu tư DNA",
    "ParentCategoryId": 339,
    "Cập nhật": "11:50 Thứ 4, 07/06/2023",
    "Mã công ty": "KSD",
    "Tên công ty": "Công ty cổ phần Đầu tư DNA (HNX)",
    "Giá điểm": "6.5",
    "Thay đổi": "N/A",
    "Khối lượng": "33,600",
    "Giá tham chiếu": "6.5",
    "Giá trần": "7.1",
    "Giá sàn": "5.9",
    "Giá mở cửa": "6.6",
    "Giá cao nhất": "N/A",
    "Giá thấp nhất": "N/A",
    "Giao dịch NĐTNN": "Giao dịch NĐTNN",
    "KLGD ròng": "6.6",
    "GT Mua": "0 (Tỷ)",
    "GT Bán": "0 (Tỷ)",
    "Room còn lại": "N/A",
    "(*)   EPS cơ bản (nghìn đồng):": "n/a",
    "EPS pha loãng (nghìn đồng):": "n/a",
    "P/E :": "n/a",
    "Giá trị sổ sách /cp (nghìn đồng):": "10.10",
    "(**) Hệ số beta:": "0.73",
    "KLGD khớp lệnh trung bình 10 phiên:": "56,334",
    "KLCP đang niêm yết:": "12,000,000",
    "KLCP đang lưu hành:": "12,000,000",
    "Vốn hóa thị trường (tỷ đồng):": "78.00",
    "Doanh thu": "120 tỷ",
    "Lợi nhuận trước thuế": "N/A",
    "Lợi nhuận sau thuế": "12 tỷ",
    "Cổ tức bằng tiền mặt": "8 %",
    "Cổ tức bằng cổ phiếu": "N/A",
    "Dự kiến tăng vốn lên": "N/A",
    "Giới thiệu công ty": "Tổng công ty cổ phần xuất khẩu Đông Nam Á Hamico, tiền thân là Công ty TNHH Đông Nam Á, thành lập vào tháng 3 năm 2003, ngành nghề kinh doanh chủ yếu là lắp ráp máy điều hòa, máy giặt. Sau 7 năm phấn đấu không ngừng của Ban lãnh đạo công ty cũng như toàn thể công nhân nhà máy, công ty đã có những bước tiến phát triển mạnh mẽ, sản phẩm của Tổng công ty sản xuất, được tiêu thụ trên 20 bang của nước Mỹ, được khách hàng đánh giá cao."
}