{
    "Url": "http://s.cafef.vn/hastc/KSF-cong-ty-co-phan-tap-doan-ksfinance.chn",
    "CenterName": "HNX",
    "Symbol": "KSF",
    "TradeCenterID": 2,
    "ChangePrice": 5.974025974025967,
    "VonHoa": 15570,
    "ChangeVolume": -66.61027513133291,
    "EPS": 1.05459511905667,
    "PE": 49.2131995134061,
    "Beta": 0,
    "Price": 40.8,
    "UpdatedDate": "/Date(1686037643765)/",
    "FullName": "Công ty Cổ phần Tập đoàn KSFinance",
    "ParentCategoryId": 345,
    "Cập nhật": "11:50 Thứ 4, 07/06/2023",
    "Mã công ty": "KSF",
    "Tên công ty": "Công ty Cổ phần Tập đoàn KSFinance (HNX)",
    "Giá điểm": "41.3",
    "Thay đổi": "0.1 (0.24%)",
    "Khối lượng": "118,660",
    "Giá tham chiếu": "41.2",
    "Giá trần": "45.3",
    "Giá sàn": "37.1",
    "Giá mở cửa": "41.5",
    "Giá cao nhất": "N/A",
    "Giá thấp nhất": "41",
    "Giao dịch NĐTNN": "Giao dịch NĐTNN",
    "KLGD ròng": "41.5",
    "GT Mua": "0 (Tỷ)",
    "GT Bán": "0 (Tỷ)",
    "Room còn lại": "N/A",
    "(*)   EPS cơ bản (nghìn đồng):": "1.01",
    "EPS pha loãng (nghìn đồng):": "1.01",
    "P/E :": "41.08",
    "Giá trị sổ sách /cp (nghìn đồng):": "12.94",
    "(**) Hệ số beta:": "n/a",
    "KLGD khớp lệnh trung bình 10 phiên:": "48,984",
    "KLCP đang niêm yết:": "300,000,000",
    "KLCP đang lưu hành:": "300,000,000",
    "Vốn hóa thị trường (tỷ đồng):": "15,570.00",
    "Doanh thu": "3,163.72 tỷ",
    "Lợi nhuận trước thuế": "N/A",
    "Lợi nhuận sau thuế": "414.45 tỷ",
    "Cổ tức bằng tiền mặt": "N/A",
    "Cổ tức bằng cổ phiếu": "N/A",
    "Dự kiến tăng vốn lên": "N/A",
    "Giới thiệu công ty": "KSF Group thành lập vào tháng 2/2021, hoạt động chính trong lĩnh vực đầu tư và phát triển dự án bất động sản; mở rộng hoạt động sang mảng Công nghệ - Tài chính với chiến lược trọng tâm là phát triển các dự án BĐS thương mại, văn phòng theo mô hình các Trung tâm tài chính 4.0. Ngoài ra, KSF Group tích cực gia tăng quỹ đất thông qua hình thức M&A, để tạo tiền đề cơ sở cho việc đẩy mạnh hoạt động kinh doanh phân phối các sản phẩm dự án BĐS."
}