{
    "Url": "http://s.cafef.vn/hastc/KSQ-cong-ty-co-phan-cnc-capital-viet-nam.chn",
    "CenterName": "HNX",
    "Symbol": "KSQ",
    "TradeCenterID": 2,
    "ChangePrice": 21.052631578947363,
    "VonHoa": 54,
    "ChangeVolume": -19.24687262835654,
    "EPS": -0.128389604766667,
    "PE": -14.0198266306006,
    "Beta": 1.49907983524669,
    "Price": 2.3,
    "UpdatedDate": "/Date(1686037643765)/",
    "FullName": "Công ty cổ phần CNC Capital Việt Nam",
    "ParentCategoryId": 344,
    "Cập nhật": "11:50 Thứ 4, 07/06/2023",
    "Mã công ty": "KSQ",
    "Tên công ty": "Công ty cổ phần CNC Capital Việt Nam (HNX)",
    "Giá điểm": "2.6",
    "Thay đổi": "0.1 (4%)",
    "Khối lượng": "381,901",
    "Giá tham chiếu": "2.5",
    "Giá trần": "2.7",
    "Giá sàn": "2.3",
    "Giá mở cửa": "N/A",
    "Giá cao nhất": "N/A",
    "Giá thấp nhất": "N/A",
    "Giao dịch NĐTNN": "Giao dịch NĐTNN",
    "KLGD ròng": "2.7",
    "GT Mua": "0 (Tỷ)",
    "GT Bán": "0 (Tỷ)",
    "Room còn lại": "N/A",
    "(*)   EPS cơ bản (nghìn đồng):": "n/a",
    "EPS pha loãng (nghìn đồng):": "n/a",
    "P/E :": "n/a",
    "Giá trị sổ sách /cp (nghìn đồng):": "10.64",
    "(**) Hệ số beta:": "1.50",
    "KLGD khớp lệnh trung bình 10 phiên:": "84,983",
    "KLCP đang niêm yết:": "30,000,000",
    "KLCP đang lưu hành:": "30,000,000",
    "Vốn hóa thị trường (tỷ đồng):": "54.00",
    "Doanh thu": "350 tỷ",
    "Lợi nhuận trước thuế": "8 tỷ",
    "Lợi nhuận sau thuế": "5.6 tỷ",
    "Cổ tức bằng tiền mặt": "N/A",
    "Cổ tức bằng cổ phiếu": "N/A",
    "Dự kiến tăng vốn lên": "N/A",
    "Giới thiệu công ty": "Công ty Cổ phần Khoáng sản Quang Anh tiền thân là Công ty TNHH Khoáng sản Quang Anh  - thành lập và hoạt động hoạt động theo Giấy chứng nhận đăng ký kinh doanh số 0102026705  do Sở Kế hoạch và Đầu tư thành phố Hà Nội cấp đăng ký lần đầu ngày 09/6/2006, với các ngành nghề kinh doanh chủ yếu là đầu tư chế biến khoáng sản như đồng, chì kẽm, thiếc, đất  hiếm, than cốc và que hàn công nghiệp."
}