{
    "Url": "http://s.cafef.vn/hastc/KST-cong-ty-co-phan-kasati.chn",
    "CenterName": "HNX",
    "Symbol": "KST",
    "TradeCenterID": 2,
    "ChangePrice": 0,
    "VonHoa": 82.090674,
    "ChangeVolume": 0,
    "EPS": 1.59770972573673,
    "PE": 8.57477411529351,
    "Beta": -0.0465340460958724,
    "Price": 13.7,
    "UpdatedDate": "/Date(1686037643765)/",
    "FullName": "Công ty cổ phần KASATI",
    "ParentCategoryId": 347,
    "Cập nhật": "11:50 Thứ 4, 07/06/2023",
    "Mã công ty": "KST",
    "Tên công ty": "Công ty cổ phần KASATI (HNX)",
    "Giá điểm": "13.7",
    "Thay đổi": "N/A",
    "Khối lượng": "0.0",
    "Giá tham chiếu": "13.7",
    "Giá trần": "15",
    "Giá sàn": "12.4",
    "Giá mở cửa": "N/A",
    "Giá cao nhất": "N/A",
    "Giá thấp nhất": "N/A",
    "Giao dịch NĐTNN": "Giao dịch NĐTNN",
    "KLGD ròng": "13.7",
    "GT Mua": "0 (Tỷ)",
    "GT Bán": "0 (Tỷ)",
    "Room còn lại": "N/A",
    "(*)   EPS cơ bản (nghìn đồng):": "1.68",
    "EPS pha loãng (nghìn đồng):": "1.68",
    "P/E :": "8.14",
    "Giá trị sổ sách /cp (nghìn đồng):": "12.03",
    "(**) Hệ số beta:": "-0.05",
    "KLGD khớp lệnh trung bình 10 phiên:": "20",
    "KLCP đang niêm yết:": "5,992,020",
    "KLCP đang lưu hành:": "5,992,020",
    "Vốn hóa thị trường (tỷ đồng):": "82.09",
    "Doanh thu": "306.23 tỷ",
    "Lợi nhuận trước thuế": "13.36 tỷ",
    "Lợi nhuận sau thuế": "10.69 tỷ",
    "Cổ tức bằng tiền mặt": "11.38 %",
    "Cổ tức bằng cổ phiếu": "N/A",
    "Dự kiến tăng vốn lên": "N/A",
    "Giới thiệu công ty": "Công ty Cổ phần KASATI tiền thân là \"Xí Nghiệp Sữa Chữa Thiết Bị Thông Tin 2\" thành lập năm 1976 đến nay. Ngày 8/10/1985 được đổi tên thành \"Xí Nghiệp Khoa Học Sản Xuất Thiết Bị Thông Tin 2\" và được chuyển thể sang hình thức Công ty Cổ phần vào ngày 2/12/2002. Trong suốt quá trình hoạt động của mình, Công ty đã tạo ra được nhiều sản phẩm, dịch vụ tham gia vào thị trường điện tử, viễn thông trong và ngoài nước."
}