{
    "Url": "http://s.cafef.vn/hastc/KTS-cong-ty-co-phan-duong-kon-tum.chn",
    "CenterName": "HNX",
    "Symbol": "KTS",
    "TradeCenterID": 2,
    "ChangePrice": -4.081632653061225,
    "VonHoa": 119.145,
    "ChangeVolume": -14.128692466223953,
    "EPS": 3.1964103856297,
    "PE": 7.35199713580283,
    "Beta": 0.313644728770485,
    "Price": 23.5,
    "UpdatedDate": "/Date(1686037643765)/",
    "FullName": "Công ty cổ phần Đường Kon Tum",
    "ParentCategoryId": 338,
    "Cập nhật": "11:50 Thứ 4, 07/06/2023",
    "Mã công ty": "KTS",
    "Tên công ty": "Công ty cổ phần Đường Kon Tum (HNX)",
    "Giá điểm": "23.6",
    "Thay đổi": "-0.3 (-1.26%)",
    "Khối lượng": "5,100",
    "Giá tham chiếu": "23.9",
    "Giá trần": "26.2",
    "Giá sàn": "21.6",
    "Giá mở cửa": "N/A",
    "Giá cao nhất": "N/A",
    "Giá thấp nhất": "23.6",
    "Giao dịch NĐTNN": "Giao dịch NĐTNN",
    "KLGD ròng": "23.9",
    "GT Mua": "0 (Tỷ)",
    "GT Bán": "0 (Tỷ)",
    "Room còn lại": "N/A",
    "(*)   EPS cơ bản (nghìn đồng):": "3.50",
    "EPS pha loãng (nghìn đồng):": "3.50",
    "P/E :": "6.74",
    "Giá trị sổ sách /cp (nghìn đồng):": "33.34",
    "(**) Hệ số beta:": "0.31",
    "KLGD khớp lệnh trung bình 10 phiên:": "6,647",
    "KLCP đang niêm yết:": "5,070,000",
    "KLCP đang lưu hành:": "5,070,000",
    "Vốn hóa thị trường (tỷ đồng):": "121.17",
    "Doanh thu": "405.67 tỷ",
    "Lợi nhuận trước thuế": "6.51 tỷ",
    "Lợi nhuận sau thuế": "N/A",
    "Cổ tức bằng tiền mặt": "N/A",
    "Cổ tức bằng cổ phiếu": "N/A",
    "Dự kiến tăng vốn lên": "N/A",
    "Giới thiệu công ty": "Công ty cổ phần Đường Kon Tum ngày nay tiền thân là Công ty Mía đường Kon Tum thành lập ngày 10/7/1995. Ngày 01/7/2008 tiến hành cổ phần trở thành Công ty cổ phần đường Kon Tum. Ngành nghề kinh doanh: trồng cây mía; sản xuất đương; sản xuất truyền tải phân phối điện; bán buôn nông lâm sản và động vật sống; mua bán phân bón; sản xuất bao bì..."
}