{
    "Url": "http://s.cafef.vn/hastc/KTT-cong-ty-co-phan-tap-doan-dau-tu-ktt.chn",
    "CenterName": "HNX",
    "Symbol": "KTT",
    "TradeCenterID": 2,
    "ChangePrice": 6.451612903225798,
    "VonHoa": 9.7515,
    "ChangeVolume": 24.71572151713007,
    "EPS": -2.99065714993489,
    "PE": -1.10343641365639,
    "Beta": -0.466121678981292,
    "Price": 3.3,
    "UpdatedDate": "/Date(1686037643765)/",
    "FullName": "Công ty cổ phần Tập đoàn đầu tư KTT",
    "ParentCategoryId": 345,
    "Cập nhật": "11:50 Thứ 4, 07/06/2023",
    "Mã công ty": "KTT",
    "Tên công ty": "Công ty cổ phần Tập đoàn đầu tư KTT (HNX)",
    "Giá điểm": "3.7",
    "Thay đổi": "0.1 (2.78%)",
    "Khối lượng": "37,626",
    "Giá tham chiếu": "3.6",
    "Giá trần": "3.9",
    "Giá sàn": "3.3",
    "Giá mở cửa": "3.7",
    "Giá cao nhất": "3.8",
    "Giá thấp nhất": "N/A",
    "Giao dịch NĐTNN": "Giao dịch NĐTNN",
    "KLGD ròng": "3.8",
    "GT Mua": "0 (Tỷ)",
    "GT Bán": "0 (Tỷ)",
    "Room còn lại": "N/A",
    "(*)   EPS cơ bản (nghìn đồng):": "n/a",
    "EPS pha loãng (nghìn đồng):": "n/a",
    "P/E :": "n/a",
    "Giá trị sổ sách /cp (nghìn đồng):": "13.80",
    "(**) Hệ số beta:": "-0.47",
    "KLGD khớp lệnh trung bình 10 phiên:": "52,701",
    "KLCP đang niêm yết:": "2,955,000",
    "KLCP đang lưu hành:": "2,955,000",
    "Vốn hóa thị trường (tỷ đồng):": "10.64",
    "Doanh thu": "750 tỷ",
    "Lợi nhuận trước thuế": "12.5 tỷ",
    "Lợi nhuận sau thuế": "10 tỷ",
    "Cổ tức bằng tiền mặt": "5 %",
    "Cổ tức bằng cổ phiếu": "N/A",
    "Dự kiến tăng vốn lên": "N/A",
    "Giới thiệu công ty": "Công ty cổ phần Đầu tư thiết bị và Xây lắp điện Thiện Trường tiền thân là Công ty cổ phần Thuận Hưng với đăng ký kinh doanh lần đầu cấp ngày 10/11/2003. Ngày 28/10/2011, cổ phiếu của công ty chính thức được niêm yết trên Sở giao dịch chứng khoán HN với mã KTT. Ngành nghề kinh doanh: xây lắp điện đường dây và trạm biến áp điện thế; san lấp mặt bằng; xây dựng công trình dân dụng, công nghiệp..."
}