{
    "Url": "http://s.cafef.vn/hastc/L14-cong-ty-co-phan-licogi-14.chn",
    "CenterName": "HNX",
    "Symbol": "L14",
    "TradeCenterID": 2,
    "ChangePrice": -1.1037527593818985,
    "VonHoa": 1382.497312,
    "ChangeVolume": -4.356303256469787,
    "EPS": -0.885435585551812,
    "PE": -50.5965659512998,
    "Beta": -0.0878976426255368,
    "Price": 44.8,
    "UpdatedDate": "/Date(1686037643765)/",
    "FullName": "Công ty cổ phần LICOGI 14",
    "ParentCategoryId": 345,
    "Cập nhật": "11:50 Thứ 4, 07/06/2023",
    "Mã công ty": "L14",
    "Tên công ty": "Công ty cổ phần LICOGI 14 (HNX)",
    "Giá điểm": "46.7",
    "Thay đổi": "1.7 (3.78%)",
    "Khối lượng": "776,516",
    "Giá tham chiếu": "45",
    "Giá trần": "49.5",
    "Giá sàn": "40.5",
    "Giá mở cửa": "45.3",
    "Giá cao nhất": "47.3",
    "Giá thấp nhất": "N/A",
    "Giao dịch NĐTNN": "Giao dịch NĐTNN",
    "KLGD ròng": "47.3",
    "GT Mua": "0 (Tỷ)",
    "GT Bán": "0 (Tỷ)",
    "Room còn lại": "N/A",
    "(*)   EPS cơ bản (nghìn đồng):": "n/a",
    "EPS pha loãng (nghìn đồng):": "n/a",
    "P/E :": "n/a",
    "Giá trị sổ sách /cp (nghìn đồng):": "12.01",
    "(**) Hệ số beta:": "-0.09",
    "KLGD khớp lệnh trung bình 10 phiên:": "450,112",
    "KLCP đang niêm yết:": "30,809,515",
    "KLCP đang lưu hành:": "30,859,315",
    "Vốn hóa thị trường (tỷ đồng):": "1,388.67",
    "Doanh thu": "195 tỷ",
    "Lợi nhuận trước thuế": "31 tỷ",
    "Lợi nhuận sau thuế": "25 tỷ",
    "Cổ tức bằng tiền mặt": "5 %",
    "Cổ tức bằng cổ phiếu": "N/A",
    "Dự kiến tăng vốn lên": "N/A",
    "Giới thiệu công ty": "Quá trình xây dựng và phát triển của Công ty LICOGI 14 được gắn liền với sự nghiệp xây dựng và bảo vệ Tổ quốc với sự phát triển của ngành xây dựng Việt Nam và của Tổng công ty xây dựng và phát triển hạ tầng. Mỗi một giai đoạn đều đánh dấu sự phấn đấu vươn lên, vượt qua khó khăn về mọi mặt hoàn thành nhiệm vụ được giao"
}