{
    "Url": "http://s.cafef.vn/hastc/L18-cong-ty-co-phan-dau-tu-va-xay-dung-so-18.chn",
    "CenterName": "HNX",
    "Symbol": "L18",
    "TradeCenterID": 2,
    "ChangePrice": -3.4574468085106496,
    "VonHoa": 1383.6299664,
    "ChangeVolume": 22.917039956996955,
    "EPS": 0.726483692773308,
    "PE": 49.9667100047723,
    "Beta": 0.768381386381562,
    "Price": 36.3,
    "UpdatedDate": "/Date(1686037643765)/",
    "FullName": "Công ty Cổ phần Đầu tư và Xây dựng số 18",
    "ParentCategoryId": 345,
    "Cập nhật": "11:50 Thứ 4, 07/06/2023",
    "Mã công ty": "L18",
    "Tên công ty": "Công ty Cổ phần Đầu tư và Xây dựng số 18 (HNX)",
    "Giá điểm": "36.9",
    "Thay đổi": "N/A",
    "Khối lượng": "30,500",
    "Giá tham chiếu": "36.9",
    "Giá trần": "40.5",
    "Giá sàn": "33.3",
    "Giá mở cửa": "37",
    "Giá cao nhất": "37.2",
    "Giá thấp nhất": "36.5",
    "Giao dịch NĐTNN": "Giao dịch NĐTNN",
    "KLGD ròng": "37.2",
    "GT Mua": "0 (Tỷ)",
    "GT Bán": "0 (Tỷ)",
    "Room còn lại": "N/A",
    "(*)   EPS cơ bản (nghìn đồng):": "0.75",
    "EPS pha loãng (nghìn đồng):": "0.75",
    "P/E :": "49.15",
    "Giá trị sổ sách /cp (nghìn đồng):": "12.69",
    "(**) Hệ số beta:": "0.77",
    "KLGD khớp lệnh trung bình 10 phiên:": "64,296",
    "KLCP đang niêm yết:": "38,116,528",
    "KLCP đang lưu hành:": "38,116,528",
    "Vốn hóa thị trường (tỷ đồng):": "1,406.50",
    "Doanh thu": "2,892.9 tỷ",
    "Lợi nhuận trước thuế": "70.7 tỷ",
    "Lợi nhuận sau thuế": "N/A",
    "Cổ tức bằng tiền mặt": "10 %",
    "Cổ tức bằng cổ phiếu": "N/A",
    "Dự kiến tăng vốn lên": "N/A",
    "Giới thiệu công ty": "CÔNG TY CỔ PHẦN ĐẦU TƯ VÀ XÂY DỰNG SỐ 18 (TÊN GIAO DỊCH : LICOGI 18) được thành lập ngày 19/05/1961 tại Quảng Ninh. Hiện tại Công ty thực hiện quản lý, điều hành theo mô hình Công ty mẹ - Công ty con với  7 đơn vị thành viên, gồm: 6 Công ty con và 1 Công ty TNHH một thành viên hoạt động trên địa bàn cả nước với lĩnh vực kinh doanh chính là thi công xây dựng các công trình dân dụng, công nghiệp, giao thông, thủy lợi..."
}