{
    "Url": "http://s.cafef.vn/hastc/L40-cong-ty-co-phan-dau-tu-va-xay-dung-40.chn",
    "CenterName": "HNX",
    "Symbol": "L40",
    "TradeCenterID": 2,
    "ChangePrice": 0,
    "VonHoa": 71.28,
    "ChangeVolume": 84.50184501845018,
    "EPS": -0.171477902104667,
    "PE": -115.466773018453,
    "Beta": 0,
    "Price": 19.8,
    "UpdatedDate": "/Date(1686037643765)/",
    "FullName": "Công ty Cổ phần Đầu tư và Xây dựng 40",
    "ParentCategoryId": 345,
    "Cập nhật": "11:50 Thứ 4, 07/06/2023",
    "Mã công ty": "L40",
    "Tên công ty": "Công ty Cổ phần Đầu tư và Xây dựng 40 (HNX)",
    "Giá điểm": "19.8",
    "Thay đổi": "N/A",
    "Khối lượng": "0.0",
    "Giá tham chiếu": "19.8",
    "Giá trần": "21.7",
    "Giá sàn": "17.9",
    "Giá mở cửa": "N/A",
    "Giá cao nhất": "N/A",
    "Giá thấp nhất": "N/A",
    "Giao dịch NĐTNN": "Giao dịch NĐTNN",
    "KLGD ròng": "19.8",
    "GT Mua": "0 (Tỷ)",
    "GT Bán": "0 (Tỷ)",
    "Room còn lại": "N/A",
    "(*)   EPS cơ bản (nghìn đồng):": "n/a",
    "EPS pha loãng (nghìn đồng):": "n/a",
    "P/E :": "n/a",
    "Giá trị sổ sách /cp (nghìn đồng):": "17.98",
    "(**) Hệ số beta:": "n/a",
    "KLGD khớp lệnh trung bình 10 phiên:": "431",
    "KLCP đang niêm yết:": "3,600,000",
    "KLCP đang lưu hành:": "3,600,000",
    "Vốn hóa thị trường (tỷ đồng):": "71.28",
    "Doanh thu": "180 tỷ",
    "Lợi nhuận trước thuế": "7.5 tỷ",
    "Lợi nhuận sau thuế": "6 tỷ",
    "Cổ tức bằng tiền mặt": "60 %",
    "Cổ tức bằng cổ phiếu": "N/A",
    "Dự kiến tăng vốn lên": "N/A"
}