{
    "Url": "http://s.cafef.vn/hastc/L43-cong-ty-co-phan-lilama-453.chn",
    "CenterName": "HNX",
    "Symbol": "L43",
    "TradeCenterID": 2,
    "ChangePrice": 0,
    "VonHoa": 17.15,
    "ChangeVolume": -100,
    "EPS": -3.80840428755634,
    "PE": -1.28662810721287,
    "Beta": 0.541056874945228,
    "Price": 4.9,
    "UpdatedDate": "/Date(1686037643765)/",
    "FullName": "Công ty Cổ phần Lilama 45.3",
    "ParentCategoryId": 345,
    "Cập nhật": "11:50 Thứ 4, 07/06/2023",
    "Mã công ty": "L43",
    "Tên công ty": "Công ty Cổ phần Lilama 45.3 (HNX)",
    "Giá điểm": "4.9",
    "Thay đổi": "N/A",
    "Khối lượng": "0.0",
    "Giá tham chiếu": "4.9",
    "Giá trần": "5.3",
    "Giá sàn": "4.5",
    "Giá mở cửa": "N/A",
    "Giá cao nhất": "N/A",
    "Giá thấp nhất": "N/A",
    "Giao dịch NĐTNN": "Giao dịch NĐTNN",
    "KLGD ròng": "4.9",
    "GT Mua": "0 (Tỷ)",
    "GT Bán": "0 (Tỷ)",
    "Room còn lại": "N/A",
    "(*)   EPS cơ bản (nghìn đồng):": "n/a",
    "EPS pha loãng (nghìn đồng):": "n/a",
    "P/E :": "n/a",
    "Giá trị sổ sách /cp (nghìn đồng):": "9.90",
    "(**) Hệ số beta:": "0.54",
    "KLGD khớp lệnh trung bình 10 phiên:": "10",
    "KLCP đang niêm yết:": "3,500,000",
    "KLCP đang lưu hành:": "3,500,000",
    "Vốn hóa thị trường (tỷ đồng):": "17.15",
    "Doanh thu": "49.78 tỷ",
    "Lợi nhuận trước thuế": "0.23 tỷ",
    "Lợi nhuận sau thuế": "0.23 tỷ",
    "Cổ tức bằng tiền mặt": "N/A",
    "Cổ tức bằng cổ phiếu": "N/A",
    "Dự kiến tăng vốn lên": "N/A",
    "Giới thiệu công ty": "Công ty cổ phần Lilama 45.3 tiền thân là Công ty Lắp máy & xây dựng 45.3 thuộc Tổng Công ty Lắp máy Việt Nam được thành lập ngày 27/01/1993. Ngày 11/06/2008 cổ phiếu Công ty cổ phần Lilama 45.3 (L43) chính thức giao dịch trên Trung tâm Giao dịch Chứng khoán Hà Nội. Ngành nghề kinh doanh: xây dựng, lắp đặt các công trình dân dụng, công nghiệp, đường dây tải điện, trạm biến thế; thi công xử lý nền móng, trang trí nội thất, lắp ráp máy móc..."
}