{
    "Url": "http://s.cafef.vn/hastc/L61-cong-ty-co-phan-lilama-691.chn",
    "CenterName": "HNX",
    "Symbol": "L61",
    "TradeCenterID": 2,
    "ChangePrice": 30.303030303030305,
    "VonHoa": 32.57766,
    "ChangeVolume": -87.8048780487805,
    "EPS": -11.1477150644612,
    "PE": -0.385729270539787,
    "Beta": 0.20340022785032,
    "Price": 4.3,
    "UpdatedDate": "/Date(1686037643765)/",
    "FullName": "Công ty Cổ phần Lilama 69-1",
    "ParentCategoryId": 345,
    "Cập nhật": "11:50 Thứ 4, 07/06/2023",
    "Mã công ty": "L61",
    "Tên công ty": "Công ty Cổ phần Lilama 69-1 (HNX)",
    "Giá điểm": "4.3",
    "Thay đổi": "N/A",
    "Khối lượng": "0.0",
    "Giá tham chiếu": "4.3",
    "Giá trần": "4.7",
    "Giá sàn": "3.9",
    "Giá mở cửa": "N/A",
    "Giá cao nhất": "N/A",
    "Giá thấp nhất": "N/A",
    "Giao dịch NĐTNN": "Giao dịch NĐTNN",
    "KLGD ròng": "4.3",
    "GT Mua": "0 (Tỷ)",
    "GT Bán": "0 (Tỷ)",
    "Room còn lại": "N/A",
    "(*)   EPS cơ bản (nghìn đồng):": "n/a",
    "EPS pha loãng (nghìn đồng):": "n/a",
    "P/E :": "n/a",
    "Giá trị sổ sách /cp (nghìn đồng):": "15.94",
    "(**) Hệ số beta:": "0.20",
    "KLGD khớp lệnh trung bình 10 phiên:": "440",
    "KLCP đang niêm yết:": "7,576,200",
    "KLCP đang lưu hành:": "7,576,200",
    "Vốn hóa thị trường (tỷ đồng):": "32.58",
    "Doanh thu": "150 tỷ",
    "Lợi nhuận trước thuế": "-55 tỷ",
    "Lợi nhuận sau thuế": "N/A",
    "Cổ tức bằng tiền mặt": "N/A",
    "Cổ tức bằng cổ phiếu": "N/A",
    "Dự kiến tăng vốn lên": "N/A",
    "Giới thiệu công ty": "Công ty cổ phần Lilama 69-1 là một doanh nghiệp Nhà nước, thành viên của Tổng công ty Lắp máy Việt Nam. Được hình thành vào năm 1961, tiền thân từ hai công trường: Công trường Lắp máy phân đạm Hà Bắc và công trường Lắp máy nhiệt điện Uông Bí - Quảng Ninh. Ngành nghề kinh doanh: lắp đặt máy móc thiết bị công nghiệp, hệ thống điện, hệ thống xây dựng khác; gia công cơ khí; vận tải hàng hóa bằng đường bộ; bán buôn tổng hợp..."
}