{
    "Url": "http://s.cafef.vn/hastc/L62-cong-ty-co-phan-lilama-692.chn",
    "CenterName": "HNX",
    "Symbol": "L62",
    "TradeCenterID": 2,
    "ChangePrice": 8.823529411764714,
    "VonHoa": 30.7034991,
    "ChangeVolume": -29.577464788732396,
    "EPS": -0.108645716432117,
    "PE": -34.055645464051,
    "Beta": 0.465432630219544,
    "Price": 3.7,
    "UpdatedDate": "/Date(1686037643765)/",
    "FullName": "Công ty Cổ phần Lilama 69-2",
    "ParentCategoryId": 345,
    "Cập nhật": "11:50 Thứ 4, 07/06/2023",
    "Mã công ty": "L62",
    "Tên công ty": "Công ty Cổ phần Lilama 69-2 (HNX)",
    "Giá điểm": "3.6",
    "Thay đổi": "-0.1 (-2.7%)",
    "Khối lượng": "4,000",
    "Giá tham chiếu": "3.7",
    "Giá trần": "4",
    "Giá sàn": "3.4",
    "Giá mở cửa": "N/A",
    "Giá cao nhất": "N/A",
    "Giá thấp nhất": "3.6",
    "Giao dịch NĐTNN": "Giao dịch NĐTNN",
    "KLGD ròng": "3.6",
    "GT Mua": "0 (Tỷ)",
    "GT Bán": "0 (Tỷ)",
    "Room còn lại": "N/A",
    "(*)   EPS cơ bản (nghìn đồng):": "n/a",
    "EPS pha loãng (nghìn đồng):": "n/a",
    "P/E :": "n/a",
    "Giá trị sổ sách /cp (nghìn đồng):": "12.06",
    "(**) Hệ số beta:": "0.47",
    "KLGD khớp lệnh trung bình 10 phiên:": "950",
    "KLCP đang niêm yết:": "8,298,243",
    "KLCP đang lưu hành:": "8,298,243",
    "Vốn hóa thị trường (tỷ đồng):": "30.70",
    "Doanh thu": "350 tỷ",
    "Lợi nhuận trước thuế": "0.2 tỷ",
    "Lợi nhuận sau thuế": "N/A",
    "Cổ tức bằng tiền mặt": "N/A",
    "Cổ tức bằng cổ phiếu": "N/A",
    "Dự kiến tăng vốn lên": "N/A",
    "Giới thiệu công ty": "Công ty Cổ phần Lilama 692 tiền thân là Công ty Lắp máy và Xây dựng 692 của Tổng Công ty Lắp máy Việt Nam trực thuộc Bộ Xây dựng, được thành lập ngày 01 tháng 12 năm 1960 trụ sở Công ty đặt tại 26 Tản Viên, phường Thượng Lý, quận Hồng Bàng, TP. Hải Phòng. Ngành nghề kinh doanh: lắp đặt máy móc và thiết bị công nghiệp; bán buôn kim loại và quặng kim loại; sản xuất các cấu kiện kim loại; cho thuê máy móc thiết bị..."
}