{
    "Url": "http://s.cafef.vn/hastc/LAS-cong-ty-co-phan-supe-phot-phat-va-hoa-chat-lam-thao.chn",
    "CenterName": "HNX",
    "Symbol": "LAS",
    "TradeCenterID": 2,
    "ChangePrice": 5.660377358490563,
    "VonHoa": 1263.99168,
    "ChangeVolume": 17.148398840222207,
    "EPS": 0.760685537235848,
    "PE": 14.7235611192217,
    "Beta": 0.387783717465603,
    "Price": 11.2,
    "UpdatedDate": "/Date(1686037643765)/",
    "FullName": "Công ty cổ phần Supe Phốt phát và Hóa chất Lâm Thao",
    "ParentCategoryId": 338,
    "Cập nhật": "11:50 Thứ 4, 07/06/2023",
    "Mã công ty": "LAS",
    "Tên công ty": "Công ty cổ phần Supe Phốt phát và Hóa chất Lâm Thao (HNX)",
    "Giá điểm": "11",
    "Thay đổi": "N/A",
    "Khối lượng": "369,380",
    "Giá tham chiếu": "11",
    "Giá trần": "12.1",
    "Giá sàn": "9.9",
    "Giá mở cửa": "11.2",
    "Giá cao nhất": "N/A",
    "Giá thấp nhất": "N/A",
    "Giao dịch NĐTNN": "Giao dịch NĐTNN",
    "KLGD ròng": "11.2",
    "GT Mua": "0 (Tỷ)",
    "GT Bán": "0 (Tỷ)",
    "Room còn lại": "N/A",
    "(*)   EPS cơ bản (nghìn đồng):": "0.80",
    "EPS pha loãng (nghìn đồng):": "0.80",
    "P/E :": "13.83",
    "Giá trị sổ sách /cp (nghìn đồng):": "11.73",
    "(**) Hệ số beta:": "0.39",
    "KLGD khớp lệnh trung bình 10 phiên:": "774,823",
    "KLCP đang niêm yết:": "112,856,400",
    "KLCP đang lưu hành:": "112,856,400",
    "Vốn hóa thị trường (tỷ đồng):": "1,241.42",
    "Doanh thu": "3,248 tỷ",
    "Lợi nhuận trước thuế": "120 tỷ",
    "Lợi nhuận sau thuế": "N/A",
    "Cổ tức bằng tiền mặt": "N/A",
    "Cổ tức bằng cổ phiếu": "N/A",
    "Dự kiến tăng vốn lên": "N/A",
    "Giới thiệu công ty": "Công ty Cổ phần Supe phốt phát và Hóa chất Lâm Thao (tiền thân là nhà máy Supe Phốt phát Lâm Thao) chính thức đi vào sản xuất ngày 24/06/1962. Ngày 1/3/2012, cổ phiếu của Công ty chính thức được giao dịch trên sàn giao dịch chứng khoán Hà Nội (HNX). Ngành nghề kinh doanh chính: sản xuất và kinh doanh phân bón, hóa chất. Hầu hết các tỉnh, thành phố đều có đại lý kinh doanh phân phối sản phẩm của công ty."
}