{
    "Url": "http://s.cafef.vn/hastc/LBE-cong-ty-co-phan-sach-va-thiet-bi-truong-hoc-long-an.chn",
    "CenterName": "HNX",
    "Symbol": "LBE",
    "TradeCenterID": 2,
    "ChangePrice": -12.121212121212121,
    "VonHoa": 29,
    "ChangeVolume": -100,
    "EPS": 0.441309659725,
    "PE": 32.8567473665444,
    "Beta": 0.141091928840592,
    "Price": 14.5,
    "UpdatedDate": "/Date(1686037643765)/",
    "FullName": "Công ty Cổ phần Sách và Thiết bị trường học Long An ",
    "ParentCategoryId": 346,
    "Cập nhật": "11:50 Thứ 4, 07/06/2023",
    "Mã công ty": "LBE",
    "Tên công ty": "Công ty Cổ phần Sách và Thiết bị trường học Long An  (HNX)",
    "Giá điểm": "15.6",
    "Thay đổi": "N/A",
    "Khối lượng": "1",
    "Giá tham chiếu": "15.6",
    "Giá trần": "17.1",
    "Giá sàn": "14.1",
    "Giá mở cửa": "N/A",
    "Giá cao nhất": "N/A",
    "Giá thấp nhất": "N/A",
    "Giao dịch NĐTNN": "Giao dịch NĐTNN",
    "KLGD ròng": "15.6",
    "GT Mua": "0 (Tỷ)",
    "GT Bán": "0 (Tỷ)",
    "Room còn lại": "N/A",
    "(*)   EPS cơ bản (nghìn đồng):": "0.80",
    "EPS pha loãng (nghìn đồng):": "1.46",
    "P/E :": "19.44",
    "Giá trị sổ sách /cp (nghìn đồng):": "11.07",
    "(**) Hệ số beta:": "0.14",
    "KLGD khớp lệnh trung bình 10 phiên:": "10,795",
    "KLCP đang niêm yết:": "1,100,000",
    "KLCP đang lưu hành:": "2,000,000",
    "Vốn hóa thị trường (tỷ đồng):": "31.20",
    "Doanh thu": "85 tỷ",
    "Lợi nhuận trước thuế": "2 tỷ",
    "Lợi nhuận sau thuế": "N/A",
    "Cổ tức bằng tiền mặt": "N/A",
    "Cổ tức bằng cổ phiếu": "N/A",
    "Dự kiến tăng vốn lên": "N/A",
    "Giới thiệu công ty": "Công ty CP Sách và Thiết bị trường học Long An được thành lập theo quyết định số 4834/QĐ-UB ngày 9 tháng 12 năm 2004 của UBND tỉnh Long An. Công ty là đơn vị hạch toán độc lập hoạt động sản xuất kinh doanh theo luật Doanh nghiệp, Điều lệ công ty và các quy định pháp lý hiện hành có liên quan. Ngành nghề kinh doanh chính là phát hành sách giáo khoa và các loại sách khác, kinh doanh hàng hóa dịch vụ phục vụ nhu cầu văn hóa học tập, vui chơi lành mạnh..."
}