{
    "Url": "http://s.cafef.vn/hastc/LCD-cong-ty-co-phan-lap-may-thi-nghiem-co-dien.chn",
    "CenterName": "HNX",
    "Symbol": "LCD",
    "TradeCenterID": 2,
    "ChangePrice": 0,
    "VonHoa": 40.0485315,
    "ChangeVolume": 0,
    "EPS": 0.00850340627156329,
    "PE": 3139.9181865847,
    "Beta": 0.0556480588905442,
    "Price": 26.7,
    "UpdatedDate": "/Date(1686037643765)/",
    "FullName": "Công ty Cổ phần Lắp máy - Thí nghiệm Cơ điện",
    "ParentCategoryId": 345,
    "Cập nhật": "11:50 Thứ 4, 07/06/2023",
    "Mã công ty": "LCD",
    "Tên công ty": "Công ty Cổ phần Lắp máy - Thí nghiệm Cơ điện (HNX)",
    "Giá điểm": "26.7",
    "Thay đổi": "N/A",
    "Khối lượng": "0.0",
    "Giá tham chiếu": "26.7",
    "Giá trần": "29.3",
    "Giá sàn": "24.1",
    "Giá mở cửa": "N/A",
    "Giá cao nhất": "N/A",
    "Giá thấp nhất": "N/A",
    "Giao dịch NĐTNN": "Giao dịch NĐTNN",
    "KLGD ròng": "26.7",
    "GT Mua": "0 (Tỷ)",
    "GT Bán": "0 (Tỷ)",
    "Room còn lại": "N/A",
    "(*)   EPS cơ bản (nghìn đồng):": "0.01",
    "EPS pha loãng (nghìn đồng):": "0.01",
    "P/E :": "2,888.72",
    "Giá trị sổ sách /cp (nghìn đồng):": "20.67",
    "(**) Hệ số beta:": "0.06",
    "KLGD khớp lệnh trung bình 10 phiên:": "n/a",
    "KLCP đang niêm yết:": "1,474,000",
    "KLCP đang lưu hành:": "1,499,945",
    "Vốn hóa thị trường (tỷ đồng):": "40.05",
    "Doanh thu": "50.56 tỷ",
    "Lợi nhuận trước thuế": "1.01 tỷ",
    "Lợi nhuận sau thuế": "N/A",
    "Cổ tức bằng tiền mặt": "3 %",
    "Cổ tức bằng cổ phiếu": "N/A",
    "Dự kiến tăng vốn lên": "N/A",
    "Giới thiệu công ty": "Công ty Cổ phần Lilama Thí nghiệm Cơ điện tiền thân là Trung tâm nghiên cứu kinh tế kỹ thuật Lắp máy thành lập năm 1980 (thành lập Trung tâm). Ngành nghề kinh doanh: xây dựng công trình công nghiệp đường dây tải điện, trạm biến thế; lắp ráp thiết bị máy móc công trình; sản xuất phụ tùng, vật liệu xây dựng; tư vấn thiết kế điện dân dụng và công nghiệp..."
}