{
    "Url": "http://s.cafef.vn/hastc/LDP-cong-ty-co-phan-duoc-lam-dong-ladophar.chn",
    "CenterName": "HNX",
    "Symbol": "LDP",
    "TradeCenterID": 2,
    "ChangePrice": -4.109589041095888,
    "VonHoa": 88.921945,
    "ChangeVolume": 152.38419125627703,
    "EPS": -2.99771710984051,
    "PE": -2.33511026674976,
    "Beta": 0.517439862542955,
    "Price": 7,
    "UpdatedDate": "/Date(1686037643765)/",
    "FullName": "Công ty Cổ phần Dược Lâm Đồng - Ladophar",
    "ParentCategoryId": 342,
    "Cập nhật": "11:50 Thứ 4, 07/06/2023",
    "Mã công ty": "LDP",
    "Tên công ty": "Công ty Cổ phần Dược Lâm Đồng - Ladophar (HNX)",
    "Giá điểm": "6.9",
    "Thay đổi": "-0.1 (-1.43%)",
    "Khối lượng": "18,300",
    "Giá tham chiếu": "7",
    "Giá trần": "7.7",
    "Giá sàn": "6.3",
    "Giá mở cửa": "7.1",
    "Giá cao nhất": "7.1",
    "Giá thấp nhất": "6.9",
    "Giao dịch NĐTNN": "Giao dịch NĐTNN",
    "KLGD ròng": "7.1",
    "GT Mua": "0 (Tỷ)",
    "GT Bán": "0 (Tỷ)",
    "Room còn lại": "N/A",
    "(*)   EPS cơ bản (nghìn đồng):": "n/a",
    "EPS pha loãng (nghìn đồng):": "n/a",
    "P/E :": "n/a",
    "Giá trị sổ sách /cp (nghìn đồng):": "9.77",
    "(**) Hệ số beta:": "0.52",
    "KLGD khớp lệnh trung bình 10 phiên:": "58,827",
    "KLCP đang niêm yết:": "12,703,167",
    "KLCP đang lưu hành:": "12,703,135",
    "Vốn hóa thị trường (tỷ đồng):": "88.92",
    "Doanh thu": "227 tỷ",
    "Lợi nhuận trước thuế": "-23 tỷ",
    "Lợi nhuận sau thuế": "N/A",
    "Cổ tức bằng tiền mặt": "N/A",
    "Cổ tức bằng cổ phiếu": "N/A",
    "Dự kiến tăng vốn lên": "N/A",
    "Giới thiệu công ty": "Công ty Cổ phần Dược Lâm Đồng – Ladophar tiền thân là Xí nghiệp Liên hiệp Dược Lâm Đồng được hình thành từ năm 1982 dựa trên sự sáp nhập hai Công ty Dược liệu và Dược phẩm, trực thuộc Sở Y Tế Lâm Đồng. Ngành nghề kinh doanh: sản xuất tân dược, đông dược; mua bán thuốc, dược liệu, thiết bị y tế; xuất nhập khẩu thuốc, dược liệu..."
}