{
    "Url": "http://s.cafef.vn/hastc/LHC-cong-ty-co-phan-dau-tu-va-xay-dung-thuy-loi-lam-dong.chn",
    "CenterName": "HNX",
    "Symbol": "LHC",
    "TradeCenterID": 2,
    "ChangePrice": 1.0224948875255624,
    "VonHoa": 711.36,
    "ChangeVolume": -90.58653149891383,
    "EPS": 6.31919759945338,
    "PE": 7.81744821593697,
    "Beta": 0.0418894049601262,
    "Price": 49.4,
    "UpdatedDate": "/Date(1686037643765)/",
    "FullName": "Công ty Cổ phần Đầu tư và Xây dựng Thủy lợi Lâm Đồng",
    "ParentCategoryId": 345,
    "Cập nhật": "11:50 Thứ 4, 07/06/2023",
    "Mã công ty": "LHC",
    "Tên công ty": "Công ty Cổ phần Đầu tư và Xây dựng Thủy lợi Lâm Đồng (HNX)",
    "Giá điểm": "48.8",
    "Thay đổi": "-0.5 (-1.01%)",
    "Khối lượng": "1,700",
    "Giá tham chiếu": "49.3",
    "Giá trần": "54.2",
    "Giá sàn": "44.4",
    "Giá mở cửa": "N/A",
    "Giá cao nhất": "N/A",
    "Giá thấp nhất": "49",
    "Giao dịch NĐTNN": "Giao dịch NĐTNN",
    "KLGD ròng": "49",
    "GT Mua": "0 (Tỷ)",
    "GT Bán": "0 (Tỷ)",
    "Room còn lại": "N/A",
    "(*)   EPS cơ bản (nghìn đồng):": "6.38",
    "EPS pha loãng (nghìn đồng):": "6.38",
    "P/E :": "7.64",
    "Giá trị sổ sách /cp (nghìn đồng):": "27.04",
    "(**) Hệ số beta:": "0.04",
    "KLGD khớp lệnh trung bình 10 phiên:": "16,710",
    "KLCP đang niêm yết:": "14,400,000",
    "KLCP đang lưu hành:": "14,400,000",
    "Vốn hóa thị trường (tỷ đồng):": "709.92",
    "Doanh thu": "1,200 tỷ",
    "Lợi nhuận trước thuế": "144 tỷ",
    "Lợi nhuận sau thuế": "N/A",
    "Cổ tức bằng tiền mặt": "N/A",
    "Cổ tức bằng cổ phiếu": "N/A",
    "Dự kiến tăng vốn lên": "N/A",
    "Giới thiệu công ty": "Công ty hoạt động với mục tiêu chủ yếu là phát huy thế mạnh trong lĩnh vực xây lắp thủy lợi, thủy điện, tham gia vào một dự án Thủy lợi, thủy điện lớn, trọng điểm quốc gia đã, đang và sẽ thi công trên cả nước."
}