{
    "Url": "http://s.cafef.vn/hastc/LIG-cong-ty-co-phan-licogi-13.chn",
    "CenterName": "HNX",
    "Symbol": "LIG",
    "TradeCenterID": 2,
    "ChangePrice": 4.0000000000000036,
    "VonHoa": 489.948316,
    "ChangeVolume": 2.598935965214847,
    "EPS": 0.0162162103176124,
    "PE": 320.666783308323,
    "Beta": 0.455173620222164,
    "Price": 5.2,
    "UpdatedDate": "/Date(1686037643765)/",
    "FullName": "Công ty Cổ phần Licogi 13",
    "ParentCategoryId": 345,
    "Cập nhật": "11:50 Thứ 4, 07/06/2023",
    "Mã công ty": "LIG",
    "Tên công ty": "Công ty Cổ phần Licogi 13 (HNX)",
    "Giá điểm": "5.4",
    "Thay đổi": "N/A",
    "Khối lượng": "765,136",
    "Giá tham chiếu": "5.4",
    "Giá trần": "5.9",
    "Giá sàn": "4.9",
    "Giá mở cửa": "5.6",
    "Giá cao nhất": "N/A",
    "Giá thấp nhất": "5.3",
    "Giao dịch NĐTNN": "Giao dịch NĐTNN",
    "KLGD ròng": "5.6",
    "GT Mua": "0 (Tỷ)",
    "GT Bán": "0 (Tỷ)",
    "Room còn lại": "N/A",
    "(*)   EPS cơ bản (nghìn đồng):": "0.02",
    "EPS pha loãng (nghìn đồng):": "0.02",
    "P/E :": "317.15",
    "Giá trị sổ sách /cp (nghìn đồng):": "10.30",
    "(**) Hệ số beta:": "0.46",
    "KLGD khớp lệnh trung bình 10 phiên:": "2,363,927",
    "KLCP đang niêm yết:": "95,084,569",
    "KLCP đang lưu hành:": "94,220,830",
    "Vốn hóa thị trường (tỷ đồng):": "508.79",
    "Doanh thu": "2,500 tỷ",
    "Lợi nhuận trước thuế": "10 tỷ",
    "Lợi nhuận sau thuế": "N/A",
    "Cổ tức bằng tiền mặt": "N/A",
    "Cổ tức bằng cổ phiếu": "N/A",
    "Dự kiến tăng vốn lên": "N/A",
    "Giới thiệu công ty": "Công ty Cổ phần LICOGI 13 được hình thành và phát triển từ cái nôi của Tổng công ty Xây dựng và Phát triển Hạ tầng (LICOGI), tiền thân là Đội thi công cơ giới số 57 sau đó phát triển thành Công trường Cơ giới 57 chuyên thi công hạ tầng các công trình phục vụ công cuộc xây dựng Xã hội chủ nghĩa tại Miền Bắc. Qua hơn 50 năm phát triển, Công ty đã đạt được nhiều bằng khen, huân chương lao động của Chính phủ, Chủ tịch nước và Bộ Xây dựng trao tặng."
}