{
    "Url": "http://s.cafef.vn/hastc/LUT-cong-ty-co-phan-dau-tu-xay-dung-luong-tai.chn",
    "CenterName": "HNX",
    "Symbol": "LUT",
    "TradeCenterID": 2,
    "ChangePrice": 0,
    "VonHoa": 25.432,
    "ChangeVolume": 0,
    "EPS": -0.145405277848456,
    "PE": -11.6914600704644,
    "Beta": 0.221244231755256,
    "Price": 1.7,
    "UpdatedDate": "/Date(1686037643765)/",
    "FullName": "Công ty Cổ phần Đầu tư Xây dựng Lương Tài",
    "ParentCategoryId": 345,
    "Cập nhật": "10:17 Thứ 4, 07/06/2023",
    "Mã công ty": "LUT",
    "Tên công ty": "Công ty Cổ phần Đầu tư Xây dựng Lương Tài (HNX)",
    "Giá điểm": "0",
    "Thay đổi": "N/A",
    "Khối lượng": "0.0",
    "Giá tham chiếu": "0",
    "Giá trần": "0",
    "Giá sàn": "0",
    "Giá mở cửa": "N/A",
    "Giá cao nhất": "N/A",
    "Giá thấp nhất": "N/A",
    "Giao dịch NĐTNN": "Giao dịch NĐTNN",
    "KLGD ròng": "0",
    "GT Mua": "0 (Tỷ)",
    "GT Bán": "0 (Tỷ)",
    "Room còn lại": "N/A",
    "(*)   EPS cơ bản (nghìn đồng):": "n/a",
    "EPS pha loãng (nghìn đồng):": "n/a",
    "P/E :": "n/a",
    "Giá trị sổ sách /cp (nghìn đồng):": "11.03",
    "(**) Hệ số beta:": "0.22",
    "KLGD khớp lệnh trung bình 10 phiên:": "n/a",
    "KLCP đang niêm yết:": "15,000,000",
    "KLCP đang lưu hành:": "14,960,000",
    "Vốn hóa thị trường (tỷ đồng):": "25.43",
    "Doanh thu": "200 tỷ",
    "Lợi nhuận trước thuế": "N/A",
    "Lợi nhuận sau thuế": "0.5 tỷ",
    "Cổ tức bằng tiền mặt": "N/A",
    "Cổ tức bằng cổ phiếu": "N/A",
    "Dự kiến tăng vốn lên": "N/A",
    "Giới thiệu công ty": "Công ty Cổ phần Xây dựng Công trình Lương Tài (LUTACO) tiền thân là Đội thi công cơ giới và duy tu đường bộ được thành lập vào ngày 26/03/1987, thuộc “Liên Hiệp Xí Nghiệp Giao thông 7”, nay là Tổng Công Ty Quản Lý Đường Bộ 7. Ngành nghề kinh doanh: xây dựng công trình dân dụng; san lấp mặt bằng; kinh doanh nhà, môi giới bất động sản; thiết kế công trình giao thông; trang trí nội thất..."
}