{
    "Url": "http://s.cafef.vn/hastc/MAC-cong-ty-co-phan-cung-ung-va-dich-vu-ky-thuat-hang-hai.chn",
    "CenterName": "HNX",
    "Symbol": "MAC",
    "TradeCenterID": 2,
    "ChangePrice": 0,
    "VonHoa": 146.8555265,
    "ChangeVolume": 199.09646685192536,
    "EPS": 1.0464640403835,
    "PE": 9.26931038781343,
    "Beta": 0.995968802033126,
    "Price": 9.7,
    "UpdatedDate": "/Date(1686037643765)/",
    "FullName": "Công ty Cổ phần Cung ứng và Dịch vụ Kỹ thuật Hàng Hải",
    "ParentCategoryId": 343,
    "Cập nhật": "11:50 Thứ 4, 07/06/2023",
    "Mã công ty": "MAC",
    "Tên công ty": "Công ty Cổ phần Cung ứng và Dịch vụ Kỹ thuật Hàng Hải (HNX)",
    "Giá điểm": "9.8",
    "Thay đổi": "0.3 (3.16%)",
    "Khối lượng": "1,000",
    "Giá tham chiếu": "9.5",
    "Giá trần": "10.4",
    "Giá sàn": "8.6",
    "Giá mở cửa": "10",
    "Giá cao nhất": "N/A",
    "Giá thấp nhất": "N/A",
    "Giao dịch NĐTNN": "Giao dịch NĐTNN",
    "KLGD ròng": "10",
    "GT Mua": "0 (Tỷ)",
    "GT Bán": "0 (Tỷ)",
    "Room còn lại": "N/A",
    "(*)   EPS cơ bản (nghìn đồng):": "1.14",
    "EPS pha loãng (nghìn đồng):": "1.14",
    "P/E :": "8.57",
    "Giá trị sổ sách /cp (nghìn đồng):": "9.77",
    "(**) Hệ số beta:": "1.00",
    "KLGD khớp lệnh trung bình 10 phiên:": "55,582",
    "KLCP đang niêm yết:": "15,139,745",
    "KLCP đang lưu hành:": "15,139,745",
    "Vốn hóa thị trường (tỷ đồng):": "143.83",
    "Doanh thu": "100 tỷ",
    "Lợi nhuận trước thuế": "N/A",
    "Lợi nhuận sau thuế": "8 tỷ",
    "Cổ tức bằng tiền mặt": "N/A",
    "Cổ tức bằng cổ phiếu": "N/A",
    "Dự kiến tăng vốn lên": "N/A",
    "Giới thiệu công ty": "Công ty Cổ phần Cung ứng và Dịch vụ Kỹ thuật Hàng hải là Doanh nghiệp được thành lập theo Quyết định số 2375/QĐ-BGTVT ngày 14/08/2003 của Bộ trưởng Bộ Giao thông vận tải về việc chuyển doanh nghiệp Nhà nước Công ty Cung ứng và Dịch vụ Hàng hải I, trực thuộc Tổng Công ty Hàng hải Việt Nam thành Công ty cổ phần. Ngành nghề kinh doanh chủ yếu của Công ty là dịch vụ giao nhận hàng hóa, kê khai hải quan, hoạt động môi giới tàu biển, xuất nhập khẩu hàng hóa..."
}