{
    "Url": "http://s.cafef.vn/hastc/MAS-cong-ty-co-phan-dich-vu-hang-khong-san-bay-da-nang.chn",
    "CenterName": "HNX",
    "Symbol": "MAS",
    "TradeCenterID": 2,
    "ChangePrice": 0,
    "VonHoa": 162.5987223,
    "ChangeVolume": -100,
    "EPS": 0.695609489588777,
    "PE": 54.7721107463953,
    "Beta": 0.150205941635264,
    "Price": 38.1,
    "UpdatedDate": "/Date(1686037643765)/",
    "FullName": "Công ty cổ phần Dịch vụ Hàng không Sân bay Đà Nẵng",
    "ParentCategoryId": 343,
    "Cập nhật": "11:50 Thứ 4, 07/06/2023",
    "Mã công ty": "MAS",
    "Tên công ty": "Công ty cổ phần Dịch vụ Hàng không Sân bay Đà Nẵng (HNX)",
    "Giá điểm": "38.1",
    "Thay đổi": "N/A",
    "Khối lượng": "0.0",
    "Giá tham chiếu": "38.1",
    "Giá trần": "41.9",
    "Giá sàn": "34.3",
    "Giá mở cửa": "N/A",
    "Giá cao nhất": "N/A",
    "Giá thấp nhất": "N/A",
    "Giao dịch NĐTNN": "Giao dịch NĐTNN",
    "KLGD ròng": "38.1",
    "GT Mua": "0 (Tỷ)",
    "GT Bán": "0 (Tỷ)",
    "Room còn lại": "N/A",
    "(*)   EPS cơ bản (nghìn đồng):": "0.73",
    "EPS pha loãng (nghìn đồng):": "0.73",
    "P/E :": "51.87",
    "Giá trị sổ sách /cp (nghìn đồng):": "5.90",
    "(**) Hệ số beta:": "0.15",
    "KLGD khớp lệnh trung bình 10 phiên:": "23",
    "KLCP đang niêm yết:": "4,267,683",
    "KLCP đang lưu hành:": "4,267,683",
    "Vốn hóa thị trường (tỷ đồng):": "162.60",
    "Doanh thu": "158.01 tỷ",
    "Lợi nhuận trước thuế": "6.62 tỷ",
    "Lợi nhuận sau thuế": "6.62 tỷ",
    "Cổ tức bằng tiền mặt": "N/A",
    "Cổ tức bằng cổ phiếu": "N/A",
    "Dự kiến tăng vốn lên": "N/A",
    "Giới thiệu công ty": "Công ty CP Dịch vụ hàng không sân bay Đà Nẵng trước đây là một công ty Nhà nước, trải qua gần 25 năm hình thành và phát triển, MASCO ngày càng lớn mạnh và đóng vai trò quan trọng trong kinh doanh dịch vụ tại các cảng Hàng không sân bay miền Trung và các đơn vị trực thuộc. Ngành nghề kinh doanh chủ yếu của Công ty: cung cấp suất ăn, vật dụng trên tàu bay, kinh doanh vận tải hàn khách bằng ôtô, dịch vu khai thác kỹ thuật thương mại hàng không, đào tạo dạy lái xe ô tô..."
}