{
    "Url": "http://s.cafef.vn/hastc/MBG-cong-ty-co-phan-tap-doan-mbg.chn",
    "CenterName": "HNX",
    "Symbol": "MBG",
    "TradeCenterID": 2,
    "ChangePrice": 3.3898305084745637,
    "VonHoa": 733.333094,
    "ChangeVolume": -28.47654449960419,
    "EPS": 0.781452691128839,
    "PE": 7.80597478164457,
    "Beta": 0,
    "Price": 6.1,
    "UpdatedDate": "/Date(1686037643765)/",
    "FullName": "Công ty cổ phần Tập đoàn MBG",
    "ParentCategoryId": 347,
    "Cập nhật": "11:50 Thứ 4, 07/06/2023",
    "Mã công ty": "MBG",
    "Tên công ty": "Công ty cổ phần Tập đoàn MBG (HNX)",
    "Giá điểm": "6.3",
    "Thay đổi": "N/A",
    "Khối lượng": "1,190,809",
    "Giá tham chiếu": "6.3",
    "Giá trần": "6.9",
    "Giá sàn": "5.7",
    "Giá mở cửa": "6.4",
    "Giá cao nhất": "N/A",
    "Giá thấp nhất": "6.2",
    "Giao dịch NĐTNN": "Giao dịch NĐTNN",
    "KLGD ròng": "6.4",
    "GT Mua": "0 (Tỷ)",
    "GT Bán": "0.04 (Tỷ)",
    "Room còn lại": "N/A",
    "(*)   EPS cơ bản (nghìn đồng):": "0.84",
    "EPS pha loãng (nghìn đồng):": "0.84",
    "P/E :": "7.53",
    "Giá trị sổ sách /cp (nghìn đồng):": "10.73",
    "(**) Hệ số beta:": "n/a",
    "KLGD khớp lệnh trung bình 10 phiên:": "2,606,570",
    "KLCP đang niêm yết:": "120,218,540",
    "KLCP đang lưu hành:": "120,218,540",
    "Vốn hóa thị trường (tỷ đồng):": "757.38",
    "Doanh thu": "1,279.91 tỷ",
    "Lợi nhuận trước thuế": "N/A",
    "Lợi nhuận sau thuế": "105.45 tỷ",
    "Cổ tức bằng tiền mặt": "5 %",
    "Cổ tức bằng cổ phiếu": "N/A",
    "Dự kiến tăng vốn lên": "N/A",
    "Giới thiệu công ty": "Công ty cổ phần Đầu tư Phát triển Xây dựng và Thương mại Việt Nam tiền thân là Công ty TNHH Xuất nhập khẩu và Thương mại Việt Nam được thành lập ngày 04/10/2007. Ngày 27/10/2015, cổ phiếu của Công ty được niêm yết trên Sở giao dịch chứng khoán Hà Nội với mã: MBG. Ngành nghề kinh doanh: xây dựng nhà các loại; sản xuất thiết bị đèn chiếu sáng, đèn trang trí, sản xuất đồ điện gia dụng; bán buôn vật liệu xây dựng; buôn bán trang thiết bị y tế..."
}