{
    "Url": "http://s.cafef.vn/hastc/MBS-cong-ty-co-phan-chung-khoan-mb.chn",
    "CenterName": "HNX",
    "Symbol": "MBS",
    "TradeCenterID": 2,
    "ChangePrice": -1.6216216216216255,
    "VonHoa": 6926.2407214,
    "ChangeVolume": 11.454795991821873,
    "EPS": 1.23350875329926,
    "PE": 14.7546581662437,
    "Beta": 0,
    "Price": 18.2,
    "UpdatedDate": "/Date(1686037643765)/",
    "FullName": "Công ty cổ phần Chứng khoán MB",
    "ParentCategoryId": 341,
    "Cập nhật": "11:50 Thứ 4, 07/06/2023",
    "Mã công ty": "MBS",
    "Tên công ty": "Công ty cổ phần Chứng khoán MB (HNX)",
    "Giá điểm": "18.6",
    "Thay đổi": "-0.2 (-1.06%)",
    "Khối lượng": "2,015,593",
    "Giá tham chiếu": "18.8",
    "Giá trần": "20.6",
    "Giá sàn": "17",
    "Giá mở cửa": "18.9",
    "Giá cao nhất": "19",
    "Giá thấp nhất": "18.5",
    "Giao dịch NĐTNN": "Giao dịch NĐTNN",
    "KLGD ròng": "19",
    "GT Mua": "0.06 (Tỷ)",
    "GT Bán": "0.1 (Tỷ)",
    "Room còn lại": "N/A",
    "(*)   EPS cơ bản (nghìn đồng):": "1.61",
    "EPS pha loãng (nghìn đồng):": "1.61",
    "P/E :": "11.55",
    "Giá trị sổ sách /cp (nghìn đồng):": "10.03",
    "(**) Hệ số beta:": "n/a",
    "KLGD khớp lệnh trung bình 10 phiên:": "3,701,154",
    "KLCP đang niêm yết:": "380,593,118",
    "KLCP đang lưu hành:": "380,562,677",
    "Vốn hóa thị trường (tỷ đồng):": "7,154.58",
    "Doanh thu": "2,700 tỷ",
    "Lợi nhuận trước thuế": "900 tỷ",
    "Lợi nhuận sau thuế": "N/A",
    "Cổ tức bằng tiền mặt": "N/A",
    "Cổ tức bằng cổ phiếu": "N/A",
    "Dự kiến tăng vốn lên": "N/A",
    "Giới thiệu công ty": "Công ty cổ phần Chứng khoán MB được thành lập ngày 11/05/2000 với tên gọi ban đầu là Công ty Chứng khoán Thăng Long. Công ty tự hào là một trong 6 công ty chứng khoán đầu tiên và có nhiều đóng góp cho sự phát triển của thị trường chứng khoán nói riêng và nền kinh tế VN nói chung. Ngành nghề kinh doanh: môi giới và đầu tư chứng khoán; lưu ký chứng khoán; bảo lãnh phát hành chứng khoán; tư vấn tài chính."
}