{
    "Url": "http://s.cafef.vn/hastc/MCC-cong-ty-co-phan-gach-ngoi-cao-cap.chn",
    "CenterName": "HNX",
    "Symbol": "MCC",
    "TradeCenterID": 2,
    "ChangePrice": 0,
    "VonHoa": 45.3741743,
    "ChangeVolume": 0,
    "EPS": 0.940857724966221,
    "PE": 9.67202559805385,
    "Beta": 0.0090263780562615,
    "Price": 9.1,
    "UpdatedDate": "/Date(1686037643765)/",
    "FullName": "Công ty Cổ phần Gạch ngói cao cấp",
    "ParentCategoryId": 345,
    "Cập nhật": "11:50 Thứ 4, 07/06/2023",
    "Mã công ty": "MCC",
    "Tên công ty": "Công ty Cổ phần Gạch ngói cao cấp (HNX)",
    "Giá điểm": "9.1",
    "Thay đổi": "N/A",
    "Khối lượng": "0.0",
    "Giá tham chiếu": "9.1",
    "Giá trần": "10",
    "Giá sàn": "8.2",
    "Giá mở cửa": "N/A",
    "Giá cao nhất": "N/A",
    "Giá thấp nhất": "N/A",
    "Giao dịch NĐTNN": "Giao dịch NĐTNN",
    "KLGD ròng": "9.1",
    "GT Mua": "0 (Tỷ)",
    "GT Bán": "0 (Tỷ)",
    "Room còn lại": "N/A",
    "(*)   EPS cơ bản (nghìn đồng):": "0.97",
    "EPS pha loãng (nghìn đồng):": "0.96",
    "P/E :": "9.39",
    "Giá trị sổ sách /cp (nghìn đồng):": "14.73",
    "(**) Hệ số beta:": "0.01",
    "KLGD khớp lệnh trung bình 10 phiên:": "n/a",
    "KLCP đang niêm yết:": "5,016,124",
    "KLCP đang lưu hành:": "4,986,173",
    "Vốn hóa thị trường (tỷ đồng):": "45.37",
    "Doanh thu": "43.53 tỷ",
    "Lợi nhuận trước thuế": "5.03 tỷ",
    "Lợi nhuận sau thuế": "N/A",
    "Cổ tức bằng tiền mặt": "N/A",
    "Cổ tức bằng cổ phiếu": "N/A",
    "Dự kiến tăng vốn lên": "N/A",
    "Giới thiệu công ty": "Công ty Cổ Phần Gạch Ngói Cao Cấp tiền thân là một đợn vị trực thuộc Công ty Vật Liệu Và Xây Dựng Bình Dương (M&C), bắt đầu ra riêng và họat động dưới hình thức công ty cổ phần từ tháng 12/2006. Ngành nghề kinh doanh chủ yếu của Công ty là chuyên Sản xuất Gạch ngói đất sét\r\nnung và khai thác kinh doanh đất sét sản xuất gạch ngói."
}