{
    "Url": "http://s.cafef.vn/hastc/MCF-ctcp-xay-lap-co-khi-va-luong-thuc-thuc-pham.chn",
    "CenterName": "HNX",
    "Symbol": "MCF",
    "TradeCenterID": 2,
    "ChangePrice": -1.315789473684206,
    "VonHoa": 80.833785,
    "ChangeVolume": -92.15840031366399,
    "EPS": 0.858480097815759,
    "PE": 8.7363702654055,
    "Beta": -0.439050039435632,
    "Price": 7.5,
    "UpdatedDate": "/Date(1686037643765)/",
    "FullName": "CTCP Xây lắp Cơ khí và Lương thực Thực phẩm ",
    "ParentCategoryId": 343,
    "Cập nhật": "11:50 Thứ 4, 07/06/2023",
    "Mã công ty": "MCF",
    "Tên công ty": "CTCP Xây lắp Cơ khí và Lương thực Thực phẩm  (HNX)",
    "Giá điểm": "7.6",
    "Thay đổi": "N/A",
    "Khối lượng": "5,602",
    "Giá tham chiếu": "7.6",
    "Giá trần": "8.3",
    "Giá sàn": "6.9",
    "Giá mở cửa": "N/A",
    "Giá cao nhất": "N/A",
    "Giá thấp nhất": "N/A",
    "Giao dịch NĐTNN": "Giao dịch NĐTNN",
    "KLGD ròng": "7.6",
    "GT Mua": "0 (Tỷ)",
    "GT Bán": "0 (Tỷ)",
    "Room còn lại": "N/A",
    "(*)   EPS cơ bản (nghìn đồng):": "0.94",
    "EPS pha loãng (nghìn đồng):": "0.94",
    "P/E :": "8.05",
    "Giá trị sổ sách /cp (nghìn đồng):": "11.15",
    "(**) Hệ số beta:": "-0.44",
    "KLGD khớp lệnh trung bình 10 phiên:": "3,960",
    "KLCP đang niêm yết:": "10,777,838",
    "KLCP đang lưu hành:": "10,777,838",
    "Vốn hóa thị trường (tỷ đồng):": "81.91",
    "Doanh thu": "511.54 tỷ",
    "Lợi nhuận trước thuế": "13.8 tỷ",
    "Lợi nhuận sau thuế": "N/A",
    "Cổ tức bằng tiền mặt": "7.4 %",
    "Cổ tức bằng cổ phiếu": "N/A",
    "Dự kiến tăng vốn lên": "N/A",
    "Giới thiệu công ty": "Ngày 9/12/2004 Bộ trưởng Bộ Nông Nghiệp và phát triển Nông thôn đã ra quyết định về việc chuyển bộ phận Doanh nghiệp Nhà nước Xí nghiệp Xây lắp Cơ khí Nông nghiệp thành Công ty cổ phần với tên gọi đầy đủ là Công ty Cổ phần Xây lắp Cơ khí và Lương thực Thực phẩm, viết tắt là MECOFOOD.  Ngành nghề kinh doanh của công ty: sản xuất, chế biến, kinh doanh xuất nhập khẩu và tiêu thụ nội địa các mặt hàng về lương thức, thực phẩm, nông sản; sản xuất kinh doanh máy móc thiết bị chế biến lương thực, thực phẩm..."
}