{
    "Url": "http://s.cafef.vn/hastc/MCO-cong-ty-co-phan-dau-tu-va-xay-dung-bdc-viet-nam.chn",
    "CenterName": "HNX",
    "Symbol": "MCO",
    "TradeCenterID": 2,
    "ChangePrice": 2.2222222222222143,
    "VonHoa": 18.8780734,
    "ChangeVolume": -62.0253164556962,
    "EPS": 0.0353019052414406,
    "PE": 130.304581821836,
    "Beta": 0.671217488982978,
    "Price": 4.6,
    "UpdatedDate": "/Date(1686037643765)/",
    "FullName": "Công ty Cổ phần Đầu tư và Xây dựng BDC Việt Nam",
    "ParentCategoryId": 345,
    "Cập nhật": "11:50 Thứ 4, 07/06/2023",
    "Mã công ty": "MCO",
    "Tên công ty": "Công ty Cổ phần Đầu tư và Xây dựng BDC Việt Nam (HNX)",
    "Giá điểm": "4.5",
    "Thay đổi": "-0.1 (-2.17%)",
    "Khối lượng": "1,705",
    "Giá tham chiếu": "4.6",
    "Giá trần": "5",
    "Giá sàn": "4.2",
    "Giá mở cửa": "N/A",
    "Giá cao nhất": "N/A",
    "Giá thấp nhất": "4.5",
    "Giao dịch NĐTNN": "Giao dịch NĐTNN",
    "KLGD ròng": "4.5",
    "GT Mua": "0 (Tỷ)",
    "GT Bán": "0 (Tỷ)",
    "Room còn lại": "N/A",
    "(*)   EPS cơ bản (nghìn đồng):": "0.04",
    "EPS pha loãng (nghìn đồng):": "0.04",
    "P/E :": "120.51",
    "Giá trị sổ sách /cp (nghìn đồng):": "12.80",
    "(**) Hệ số beta:": "0.67",
    "KLGD khớp lệnh trung bình 10 phiên:": "11,230",
    "KLCP đang niêm yết:": "4,103,929",
    "KLCP đang lưu hành:": "4,103,929",
    "Vốn hóa thị trường (tỷ đồng):": "18.88",
    "Doanh thu": "72 tỷ",
    "Lợi nhuận trước thuế": "N/A",
    "Lợi nhuận sau thuế": "0.2 tỷ",
    "Cổ tức bằng tiền mặt": "N/A",
    "Cổ tức bằng cổ phiếu": "N/A",
    "Dự kiến tăng vốn lên": "N/A",
    "Giới thiệu công ty": "Công ty cổ phần đầu tư và xây dựng BDC Việt Nam có tiền thân là Công trường 1 được thành lập năm 1997 trực thuộc Tổng công ty xây dựng đường thuỷ. Ngành nghề kinh doanh: xây dựng các công trình giao thông trong và ngoài nước; xây dựng công trình công nghiệp, dân dụng, thủy lợi, đường điện; khai thác, kinh doanh đá, vật liệu xây dựng..."
}