{
    "Url": "http://s.cafef.vn/hastc/MDC-cong-ty-co-phan-than-mong-duong-vinacomin.chn",
    "CenterName": "HNX",
    "Symbol": "MDC",
    "TradeCenterID": 2,
    "ChangePrice": 5.737704918032796,
    "VonHoa": 276.2966634,
    "ChangeVolume": -52.24904366178605,
    "EPS": 5.18670739520274,
    "PE": 2.48712699928502,
    "Beta": -0.217597055472789,
    "Price": 12.9,
    "UpdatedDate": "/Date(1686037643765)/",
    "FullName": "Công ty cổ phần Than Mông Dương - Vinacomin",
    "ParentCategoryId": 340,
    "Cập nhật": "11:50 Thứ 4, 07/06/2023",
    "Mã công ty": "MDC",
    "Tên công ty": "Công ty cổ phần Than Mông Dương - Vinacomin (HNX)",
    "Giá điểm": "12.5",
    "Thay đổi": "-0.1 (-0.79%)",
    "Khối lượng": "9,900",
    "Giá tham chiếu": "12.6",
    "Giá trần": "13.8",
    "Giá sàn": "11.4",
    "Giá mở cửa": "12.7",
    "Giá cao nhất": "12.7",
    "Giá thấp nhất": "12.5",
    "Giao dịch NĐTNN": "Giao dịch NĐTNN",
    "KLGD ròng": "12.7",
    "GT Mua": "0 (Tỷ)",
    "GT Bán": "0 (Tỷ)",
    "Room còn lại": "N/A",
    "(*)   EPS cơ bản (nghìn đồng):": "5.48",
    "EPS pha loãng (nghìn đồng):": "5.48",
    "P/E :": "2.28",
    "Giá trị sổ sách /cp (nghìn đồng):": "11.16",
    "(**) Hệ số beta:": "-0.22",
    "KLGD khớp lệnh trung bình 10 phiên:": "24,982",
    "KLCP đang niêm yết:": "21,418,346",
    "KLCP đang lưu hành:": "21,418,346",
    "Vốn hóa thị trường (tỷ đồng):": "269.87",
    "Doanh thu": "2,276.96 tỷ",
    "Lợi nhuận trước thuế": "29.35 tỷ",
    "Lợi nhuận sau thuế": "N/A",
    "Cổ tức bằng tiền mặt": "6 - 8 %",
    "Cổ tức bằng cổ phiếu": "N/A",
    "Dự kiến tăng vốn lên": "N/A",
    "Giới thiệu công ty": "Công ty cổ phần Than Mông Dương - TKV tiền thân là Mỏ than Mông Dương được thành lập từ ngày 01 tháng 4 năm 1982. Ngành nghề sản xuất chính của Công ty: sản xuất, chế biến, kinh doanh than và các loại khoáng sản khác; chế tạo, sửa chữa, phục hồi thiết bị mỏ, vận tải đường bộ đường sắt đường biển; xây dựng công trình mỏ..."
}