{
    "Url": "http://s.cafef.vn/hastc/MED-cong-ty-co-phan-duoc-trung-uong-mediplantex.chn",
    "CenterName": "HNX",
    "Symbol": "MED",
    "TradeCenterID": 2,
    "ChangePrice": 0,
    "VonHoa": 306.527,
    "ChangeVolume": 400,
    "EPS": 0.955812430483675,
    "PE": 25.841890325177,
    "Beta": 0,
    "Price": 24.7,
    "UpdatedDate": "/Date(1686037643765)/",
    "FullName": "Công ty cổ phần Dược Trung ương Mediplantex",
    "ParentCategoryId": 342,
    "Cập nhật": "11:50 Thứ 4, 07/06/2023",
    "Mã công ty": "MED",
    "Tên công ty": "Công ty cổ phần Dược Trung ương Mediplantex (HNX)",
    "Giá điểm": "24",
    "Thay đổi": "1.7 (7.62%)",
    "Khối lượng": "2,500",
    "Giá tham chiếu": "22.3",
    "Giá trần": "24.5",
    "Giá sàn": "20.1",
    "Giá mở cửa": "24",
    "Giá cao nhất": "24",
    "Giá thấp nhất": "N/A",
    "Giao dịch NĐTNN": "Giao dịch NĐTNN",
    "KLGD ròng": "24",
    "GT Mua": "0 (Tỷ)",
    "GT Bán": "0 (Tỷ)",
    "Room còn lại": "N/A",
    "(*)   EPS cơ bản (nghìn đồng):": "0.97",
    "EPS pha loãng (nghìn đồng):": "0.97",
    "P/E :": "24.82",
    "Giá trị sổ sách /cp (nghìn đồng):": "25.58",
    "(**) Hệ số beta:": "n/a",
    "KLGD khớp lệnh trung bình 10 phiên:": "83",
    "KLCP đang niêm yết:": "12,410,000",
    "KLCP đang lưu hành:": "12,410,000",
    "Vốn hóa thị trường (tỷ đồng):": "276.74",
    "Doanh thu": "N/A",
    "Lợi nhuận trước thuế": "12.48 tỷ",
    "Lợi nhuận sau thuế": "N/A",
    "Cổ tức bằng tiền mặt": "N/A",
    "Cổ tức bằng cổ phiếu": "N/A",
    "Dự kiến tăng vốn lên": "N/A",
    "Giới thiệu công ty": "Sau hơn 20 năm phấn đấu theo định hướng tăng cường sản xuất công nghiệp, CTCP Dược Trung ương Mediplantex đã sản xuất nhiều sản phẩm với chất lượng tốt, đủ sức cạnh tranh trong nước và xuất khẩu ra một số quốc gia khác. Công ty luôn đứng vững và phát triển với vai trò là một công ty đầu ngành trong lĩnh vực sản xuất và phân phối dược phẩm, đóng góp tích cực cho sự nghiệp chăm sóc sức khỏe nhân dân và phát triển kinh tế xã hội của đất nước."
}