{
    "Url": "http://s.cafef.vn/hastc/MEL-cong-ty-co-phan-thep-me-lin.chn",
    "CenterName": "HNX",
    "Symbol": "MEL",
    "TradeCenterID": 2,
    "ChangePrice": 0,
    "VonHoa": 94.5,
    "ChangeVolume": -100,
    "EPS": -0.294232352202787,
    "PE": -21.4116495104454,
    "Beta": 0,
    "Price": 6.3,
    "UpdatedDate": "/Date(1686037643765)/",
    "FullName": "Công ty Cổ phần Thép Mê Lin",
    "ParentCategoryId": 344,
    "Cập nhật": "11:50 Thứ 4, 07/06/2023",
    "Mã công ty": "MEL",
    "Tên công ty": "Công ty Cổ phần Thép Mê Lin (HNX)",
    "Giá điểm": "6.4",
    "Thay đổi": "0.1 (1.59%)",
    "Khối lượng": "3,500",
    "Giá tham chiếu": "6.3",
    "Giá trần": "6.9",
    "Giá sàn": "5.7",
    "Giá mở cửa": "6.4",
    "Giá cao nhất": "N/A",
    "Giá thấp nhất": "N/A",
    "Giao dịch NĐTNN": "Giao dịch NĐTNN",
    "KLGD ròng": "6.4",
    "GT Mua": "0 (Tỷ)",
    "GT Bán": "0 (Tỷ)",
    "Room còn lại": "N/A",
    "(*)   EPS cơ bản (nghìn đồng):": "n/a",
    "EPS pha loãng (nghìn đồng):": "n/a",
    "P/E :": "n/a",
    "Giá trị sổ sách /cp (nghìn đồng):": "16.96",
    "(**) Hệ số beta:": "n/a",
    "KLGD khớp lệnh trung bình 10 phiên:": "110",
    "KLCP đang niêm yết:": "15,000,000",
    "KLCP đang lưu hành:": "15,000,000",
    "Vốn hóa thị trường (tỷ đồng):": "94.50",
    "Doanh thu": "800 tỷ",
    "Lợi nhuận trước thuế": "10 tỷ",
    "Lợi nhuận sau thuế": "N/A",
    "Cổ tức bằng tiền mặt": "N/A",
    "Cổ tức bằng cổ phiếu": "N/A",
    "Dự kiến tăng vốn lên": "N/A",
    "Giới thiệu công ty": "Công ty cổ phần Thép Mê Lin tiền thân là Công ty TNHH thức được thành lập theo giấy chứng nhận đăng ký kinh doanh Phòng ĐKKD - Sở KH&ĐT Tỉnh Vĩnh Phúc cấp lần đầu ngày 13/01/2003 và chính\r\nthức đi vào hoạt động với vốn điều lệ là 10.000.000.000 đồng.Trải qua gần 15 năm hoạt động, Công ty đã khẳng định được Vị thế và quy mô của mình trong ngành thép. Công ty xây dựng được mối quan hệ bạn hàng với các nhà sản xuất thép lớn trên thể giới, mạng lưới khách hàng trong nước không ngừng mở rộng."
}