{
    "Url": "http://s.cafef.vn/hastc/MHL-cong-ty-co-phan-minh-huu-lien.chn",
    "CenterName": "HNX",
    "Symbol": "MHL",
    "TradeCenterID": 2,
    "ChangePrice": -6.976744186046507,
    "VonHoa": 21.154492,
    "ChangeVolume": 272.18468468468467,
    "EPS": 3.92363197693528,
    "PE": 1.01946360502556,
    "Beta": 0.115414950486373,
    "Price": 4,
    "UpdatedDate": "/Date(1686037643765)/",
    "FullName": "Công ty Cổ phần Minh Hữu Liên",
    "ParentCategoryId": 339,
    "Cập nhật": "10:17 Thứ 4, 07/06/2023",
    "Mã công ty": "MHL",
    "Tên công ty": "Công ty Cổ phần Minh Hữu Liên (HNX)",
    "Giá điểm": "4",
    "Thay đổi": "N/A",
    "Khối lượng": "0.0",
    "Giá tham chiếu": "4",
    "Giá trần": "4.4",
    "Giá sàn": "3.6",
    "Giá mở cửa": "N/A",
    "Giá cao nhất": "N/A",
    "Giá thấp nhất": "N/A",
    "Giao dịch NĐTNN": "Giao dịch NĐTNN",
    "KLGD ròng": "4",
    "GT Mua": "0 (Tỷ)",
    "GT Bán": "0 (Tỷ)",
    "Room còn lại": "N/A",
    "(*)   EPS cơ bản (nghìn đồng):": "4.32",
    "EPS pha loãng (nghìn đồng):": "4.20",
    "P/E :": "0.93",
    "Giá trị sổ sách /cp (nghìn đồng):": "11.97",
    "(**) Hệ số beta:": "0.12",
    "KLGD khớp lệnh trung bình 10 phiên:": "17,050",
    "KLCP đang niêm yết:": "5,430,923",
    "KLCP đang lưu hành:": "5,288,623",
    "Vốn hóa thị trường (tỷ đồng):": "21.15",
    "Doanh thu": "600 tỷ",
    "Lợi nhuận trước thuế": "N/A",
    "Lợi nhuận sau thuế": "30 tỷ",
    "Cổ tức bằng tiền mặt": "N/A",
    "Cổ tức bằng cổ phiếu": "N/A",
    "Dự kiến tăng vốn lên": "N/A",
    "Giới thiệu công ty": "Năm 2007, Công ty Cổ phần Minh Hữu Liên được thành lập với vốn điều lệ ban đầu là 6,5 tỷ đồng và quy mô nhà xưởng với diện tích là 8.131,8 m2. Công ty chuyên sản xuất các sản phẩm mang tính tiện dụng cao với nguyên liệu từ sắt thép phục vụ cho nhu cầu vận chuyển, dân dụng thích hợp sử dụng cho gia đình, công ty, nhà máy, bệnh viện và trường học."
}