{
    "Url": "http://s.cafef.vn/hastc/MKV-cong-ty-co-phan-duoc-thu-y-cai-lay.chn",
    "CenterName": "HNX",
    "Symbol": "MKV",
    "TradeCenterID": 2,
    "ChangePrice": -11.40350877192983,
    "VonHoa": 50.5003838,
    "ChangeVolume": -95.49549549549549,
    "EPS": 1.20042809834797,
    "PE": 9.33000486694157,
    "Beta": -0.0384648260535088,
    "Price": 10.1,
    "UpdatedDate": "/Date(1686037643765)/",
    "FullName": "Công ty Cổ phần Dược Thú y Cai Lậy",
    "ParentCategoryId": 338,
    "Cập nhật": "11:51 Thứ 4, 07/06/2023",
    "Mã công ty": "MKV",
    "Tên công ty": "Công ty Cổ phần Dược Thú y Cai Lậy (HNX)",
    "Giá điểm": "10",
    "Thay đổi": "0.1 (1.01%)",
    "Khối lượng": "600",
    "Giá tham chiếu": "9.9",
    "Giá trần": "10.8",
    "Giá sàn": "9",
    "Giá mở cửa": "10.7",
    "Giá cao nhất": "10.7",
    "Giá thấp nhất": "N/A",
    "Giao dịch NĐTNN": "Giao dịch NĐTNN",
    "KLGD ròng": "10.7",
    "GT Mua": "0 (Tỷ)",
    "GT Bán": "0 (Tỷ)",
    "Room còn lại": "N/A",
    "(*)   EPS cơ bản (nghìn đồng):": "1.33",
    "EPS pha loãng (nghìn đồng):": "1.33",
    "P/E :": "7.54",
    "Giá trị sổ sách /cp (nghìn đồng):": "14.40",
    "(**) Hệ số beta:": "-0.04",
    "KLGD khớp lệnh trung bình 10 phiên:": "1,157",
    "KLCP đang niêm yết:": "5,000,038",
    "KLCP đang lưu hành:": "5,000,038",
    "Vốn hóa thị trường (tỷ đồng):": "49.50",
    "Doanh thu": "150 tỷ",
    "Lợi nhuận trước thuế": "9 tỷ",
    "Lợi nhuận sau thuế": "N/A",
    "Cổ tức bằng tiền mặt": "N/A",
    "Cổ tức bằng cổ phiếu": "N/A",
    "Dự kiến tăng vốn lên": "N/A",
    "Giới thiệu công ty": "Công ty Cổ phần dược thú y Cai Lậy tiền thân là Công ty Chăn nuôi thú y cai Lậy được thành lập vào tháng 06/1990 trên cơ sở sáp nhập Trạm thú y huyện Cai Lậy và Liên hiệp Xí nghiệp chăn nuôi huyện Cai Lậy. Ngành nghề kinh doanh chính của công ty: sản xuất, kinh doanh thuốc thú y; sản xuất con giống gia súc, gia cầm, thủy sản; sản xuất gia công chế biến hàng nông, lâm sản..."
}