{
    "Url": "http://s.cafef.vn/hastc/MST-cong-ty-co-phan-dau-tu-mst.chn",
    "CenterName": "HNX",
    "Symbol": "MST",
    "TradeCenterID": 2,
    "ChangePrice": 5.263157894736839,
    "VonHoa": 408.844146,
    "ChangeVolume": -19.905337891138576,
    "EPS": 0.491068259835287,
    "PE": 12.2182606589408,
    "Beta": 0,
    "Price": 6,
    "UpdatedDate": "/Date(1686037643765)/",
    "FullName": "Công ty Cổ phần Đầu tư MST",
    "ParentCategoryId": 0,
    "Cập nhật": "11:51 Thứ 4, 07/06/2023",
    "Mã công ty": "MST",
    "Tên công ty": "Công ty Cổ phần Đầu tư MST (HNX)",
    "Giá điểm": "6.8",
    "Thay đổi": "0.2 (3.03%)",
    "Khối lượng": "1,187,726",
    "Giá tham chiếu": "6.6",
    "Giá trần": "7.2",
    "Giá sàn": "6",
    "Giá mở cửa": "6.9",
    "Giá cao nhất": "N/A",
    "Giá thấp nhất": "N/A",
    "Giao dịch NĐTNN": "Giao dịch NĐTNN",
    "KLGD ròng": "6.9",
    "GT Mua": "0 (Tỷ)",
    "GT Bán": "0 (Tỷ)",
    "Room còn lại": "N/A",
    "(*)   EPS cơ bản (nghìn đồng):": "0.52",
    "EPS pha loãng (nghìn đồng):": "0.52",
    "P/E :": "13.17",
    "Giá trị sổ sách /cp (nghìn đồng):": "12.26",
    "(**) Hệ số beta:": "n/a",
    "KLGD khớp lệnh trung bình 10 phiên:": "2,529,581",
    "KLCP đang niêm yết:": "68,140,691",
    "KLCP đang lưu hành:": "68,140,691",
    "Vốn hóa thị trường (tỷ đồng):": "449.73",
    "Doanh thu": "1,100 tỷ",
    "Lợi nhuận trước thuế": "108.4 tỷ",
    "Lợi nhuận sau thuế": "86.72 tỷ",
    "Cổ tức bằng tiền mặt": "10 %",
    "Cổ tức bằng cổ phiếu": "N/A",
    "Dự kiến tăng vốn lên": "N/A",
    "Giới thiệu công ty": "Công ty cổ phần Xây dựng 1.1.6.8 được thành lập theo quyết định số 0103983390 ngày 18/06/2009 của Sở Kế hoạch và Đầu tư thành phố Hà Nội, với mức vốn điều lệ ban đầu là 10 tỷ đồng, hoạt động chủ yếu trong lĩnh vực xây dựng Công trình cầu, đường bộ. Lĩnh vực Xây dựng Công trình là hoạt động truyền thống và chủ đạo của Công ty trong nhiều năm qua, đạt hơn  90% Doanh thu của Công ty trong các năm."
}