{
    "Url": "http://s.cafef.vn/hastc/MVB-tong-cong-ty-cong-nghiep-mo-viet-bac-tkv-ctcp.chn",
    "CenterName": "HNX",
    "Symbol": "MVB",
    "TradeCenterID": 2,
    "ChangePrice": 0,
    "VonHoa": 1995,
    "ChangeVolume": -100,
    "EPS": 1.99225456591681,
    "PE": 9.53693384623087,
    "Beta": 0,
    "Price": 19,
    "UpdatedDate": "/Date(1686037643765)/",
    "FullName": "Tổng công ty Công nghiệp mỏ Việt Bắc TKV - CTCP",
    "ParentCategoryId": 344,
    "Cập nhật": "11:51 Thứ 4, 07/06/2023",
    "Mã công ty": "MVB",
    "Tên công ty": "Tổng công ty Công nghiệp mỏ Việt Bắc TKV - CTCP (HNX)",
    "Giá điểm": "19.8",
    "Thay đổi": "1.6 (8.79%)",
    "Khối lượng": "200",
    "Giá tham chiếu": "18.2",
    "Giá trần": "20",
    "Giá sàn": "16.4",
    "Giá mở cửa": "19.8",
    "Giá cao nhất": "N/A",
    "Giá thấp nhất": "18.1",
    "Giao dịch NĐTNN": "Giao dịch NĐTNN",
    "KLGD ròng": "19.8",
    "GT Mua": "0 (Tỷ)",
    "GT Bán": "0 (Tỷ)",
    "Room còn lại": "N/A",
    "(*)   EPS cơ bản (nghìn đồng):": "2.15",
    "EPS pha loãng (nghìn đồng):": "2.15",
    "P/E :": "9.20",
    "Giá trị sổ sách /cp (nghìn đồng):": "14.63",
    "(**) Hệ số beta:": "n/a",
    "KLGD khớp lệnh trung bình 10 phiên:": "530",
    "KLCP đang niêm yết:": "105,000,000",
    "KLCP đang lưu hành:": "105,000,000",
    "Vốn hóa thị trường (tỷ đồng):": "2,016.00",
    "Doanh thu": "2,108.41 tỷ",
    "Lợi nhuận trước thuế": "248.61 tỷ",
    "Lợi nhuận sau thuế": "207.08 tỷ",
    "Cổ tức bằng tiền mặt": "9 %",
    "Cổ tức bằng cổ phiếu": "N/A",
    "Dự kiến tăng vốn lên": "N/A",
    "Giới thiệu công ty": "Tổng Công ty Công nghiệp Mỏ Việt Bắc - Vinacomin là Doanh nghiệp Nhà nước trực thuộc Tập đoàn Công nghiệp Than- Khoáng sản Việt Nam. Tổng số cán bộ công nhân là gần 6000 người, hoạt động theo mô hình Công ty mẹ ( Công ty con) với gần 20 Công ty và Đơn vị trực thuộc đóng chân trên địa bàn của 6 tỉnh và thành phố. Ngành nghề kinh doanh chính: Công nghiệp than; Công nghiệp khoáng sản; Công nghiệp VLXD"
}