{
    "Url": "http://s.cafef.vn/hastc/NAG-cong-ty-co-phan-tap-doan-nagakawa.chn",
    "CenterName": "HNX",
    "Symbol": "NAG",
    "TradeCenterID": 2,
    "ChangePrice": -2.2598870056497096,
    "VonHoa": 547.4851247,
    "ChangeVolume": 90.35290671651616,
    "EPS": 0.660701220302568,
    "PE": 26.1843015698949,
    "Beta": 0.867934449215669,
    "Price": 17.3,
    "UpdatedDate": "/Date(1686037643765)/",
    "FullName": "Công ty cổ phần Tập đoàn Nagakawa ",
    "ParentCategoryId": 339,
    "Cập nhật": "11:51 Thứ 4, 07/06/2023",
    "Mã công ty": "NAG",
    "Tên công ty": "Công ty cổ phần Tập đoàn Nagakawa  (HNX)",
    "Giá điểm": "17.2",
    "Thay đổi": "-0.1 (-0.58%)",
    "Khối lượng": "149,810",
    "Giá tham chiếu": "17.3",
    "Giá trần": "19",
    "Giá sàn": "15.6",
    "Giá mở cửa": "17.4",
    "Giá cao nhất": "17.4",
    "Giá thấp nhất": "17.1",
    "Giao dịch NĐTNN": "Giao dịch NĐTNN",
    "KLGD ròng": "17.4",
    "GT Mua": "0 (Tỷ)",
    "GT Bán": "0 (Tỷ)",
    "Room còn lại": "N/A",
    "(*)   EPS cơ bản (nghìn đồng):": "0.68",
    "EPS pha loãng (nghìn đồng):": "0.68",
    "P/E :": "25.21",
    "Giá trị sổ sách /cp (nghìn đồng):": "11.62",
    "(**) Hệ số beta:": "0.87",
    "KLGD khớp lệnh trung bình 10 phiên:": "490,460",
    "KLCP đang niêm yết:": "31,646,541",
    "KLCP đang lưu hành:": "31,646,539",
    "Vốn hóa thị trường (tỷ đồng):": "547.49",
    "Doanh thu": "2,100 tỷ",
    "Lợi nhuận trước thuế": "N/A",
    "Lợi nhuận sau thuế": "35 tỷ",
    "Cổ tức bằng tiền mặt": "5 - 10 %",
    "Cổ tức bằng cổ phiếu": "N/A",
    "Dự kiến tăng vốn lên": "N/A",
    "Giới thiệu công ty": "Tập đoàn Nagakawa – Tiền thân là Công ty liên doanh Nagakawa Việt Nam, tên giao dịch NAGAKAWA VIETNAM JOINT VENTURE COMPANY. Được thành lập từ năm 2002, Tập đoàn Nagakawa là tập đoàn kinh tế tư nhân đa ngành, hoạt động trong lĩnh vực điện lạnh, gia dụng và thiết bị nhà bếp cao cấp thương hiệu Nagakawa. Gần 20 năm hình thành và phát triển, với định hướng “lấy khách hàng làm trung tâm”, Tập đoàn Nagakawa luôn nỗ lực phát triển sản phẩm có chất lượng nhất, với mức giá hợp lý nhất, mang lại sự an tâm trọn vẹn cho người tiêu dùng, góp phần nâng tầm cuộc sống mỗi gia đình Việt."
}