{
    "Url": "http://s.cafef.vn/hastc/NAP-cong-ty-co-phan-cang-nghe-tinh.chn",
    "CenterName": "HNX",
    "Symbol": "NAP",
    "TradeCenterID": 2,
    "ChangePrice": 0,
    "VonHoa": 150.6204,
    "ChangeVolume": 0,
    "EPS": 0.722821196229607,
    "PE": 9.68427605127454,
    "Beta": 0,
    "Price": 7,
    "UpdatedDate": "/Date(1686037643765)/",
    "FullName": "Công ty cổ phần Cảng Nghệ Tĩnh",
    "ParentCategoryId": 343,
    "Cập nhật": "11:51 Thứ 4, 07/06/2023",
    "Mã công ty": "NAP",
    "Tên công ty": "Công ty cổ phần Cảng Nghệ Tĩnh (HNX)",
    "Giá điểm": "7",
    "Thay đổi": "N/A",
    "Khối lượng": "0.0",
    "Giá tham chiếu": "7",
    "Giá trần": "7.7",
    "Giá sàn": "6.3",
    "Giá mở cửa": "N/A",
    "Giá cao nhất": "N/A",
    "Giá thấp nhất": "N/A",
    "Giao dịch NĐTNN": "Giao dịch NĐTNN",
    "KLGD ròng": "7",
    "GT Mua": "0 (Tỷ)",
    "GT Bán": "0 (Tỷ)",
    "Room còn lại": "N/A",
    "(*)   EPS cơ bản (nghìn đồng):": "0.75",
    "EPS pha loãng (nghìn đồng):": "0.75",
    "P/E :": "9.27",
    "Giá trị sổ sách /cp (nghìn đồng):": "10.72",
    "(**) Hệ số beta:": "n/a",
    "KLGD khớp lệnh trung bình 10 phiên:": "n/a",
    "KLCP đang niêm yết:": "21,517,200",
    "KLCP đang lưu hành:": "21,517,200",
    "Vốn hóa thị trường (tỷ đồng):": "150.62",
    "Doanh thu": "180 tỷ",
    "Lợi nhuận trước thuế": "18 tỷ",
    "Lợi nhuận sau thuế": "N/A",
    "Cổ tức bằng tiền mặt": "N/A",
    "Cổ tức bằng cổ phiếu": "N/A",
    "Dự kiến tăng vốn lên": "N/A",
    "Giới thiệu công ty": "Cảng Nghệ Tĩnh tiền thân là Cảng Bến Thủy, đã có lịch sử gần 100 năm hình thành và phát triển, trong đó có hơn 50 năm xây dựng và trưởng thành. Kể từ ngày 31/12/2009 Cảng Nghệ Tĩnh đã hoàn thành công tác chuyển đổi doanh nghiệp thành Công ty TNHH MTV Cảng Nghệ Tĩnh - Thành viên của Tổng Công ty Hàng hải Việt Nam. Hiện tại, Công ty đang tập trung đầu tư chiều sâu; nâng cao năng suất lao động, giải phóng tàu nhanh đáp ứng tốt hơn nữa cho các nhu cầu vận tải, xuất nhập khẩu hàng hoá của tỉnh Nghệ An và khu vực góp phần xứng đáng vào công cuộc Công nghiệp hoá - Hiện đại hoá đất nước."
}