{
    "Url": "http://s.cafef.vn/hastc/NBC-cong-ty-co-phan-than-nui-beo-vinacomin.chn",
    "CenterName": "HNX",
    "Symbol": "NBC",
    "TradeCenterID": 2,
    "ChangePrice": 7.317073170731696,
    "VonHoa": 488.3884368,
    "ChangeVolume": -28.92995413809475,
    "EPS": 1.38878763975477,
    "PE": 9.50469288618586,
    "Beta": 0.402944527210586,
    "Price": 13.2,
    "UpdatedDate": "/Date(1686037643765)/",
    "FullName": "Công ty cổ phần Than Núi Béo – Vinacomin",
    "ParentCategoryId": 340,
    "Cập nhật": "11:51 Thứ 4, 07/06/2023",
    "Mã công ty": "NBC",
    "Tên công ty": "Công ty cổ phần Than Núi Béo – Vinacomin (HNX)",
    "Giá điểm": "13",
    "Thay đổi": "-0.1 (-0.76%)",
    "Khối lượng": "100,700",
    "Giá tham chiếu": "13.1",
    "Giá trần": "14.4",
    "Giá sàn": "11.8",
    "Giá mở cửa": "13.2",
    "Giá cao nhất": "13.2",
    "Giá thấp nhất": "13",
    "Giao dịch NĐTNN": "Giao dịch NĐTNN",
    "KLGD ròng": "13.2",
    "GT Mua": "0 (Tỷ)",
    "GT Bán": "0 (Tỷ)",
    "Room còn lại": "N/A",
    "(*)   EPS cơ bản (nghìn đồng):": "1.44",
    "EPS pha loãng (nghìn đồng):": "1.44",
    "P/E :": "9.04",
    "Giá trị sổ sách /cp (nghìn đồng):": "12.49",
    "(**) Hệ số beta:": "0.40",
    "KLGD khớp lệnh trung bình 10 phiên:": "333,151",
    "KLCP đang niêm yết:": "36,999,124",
    "KLCP đang lưu hành:": "36,999,124",
    "Vốn hóa thị trường (tỷ đồng):": "484.69",
    "Doanh thu": "2,971.2 tỷ",
    "Lợi nhuận trước thuế": "76.43 tỷ",
    "Lợi nhuận sau thuế": "N/A",
    "Cổ tức bằng tiền mặt": "5 %",
    "Cổ tức bằng cổ phiếu": "N/A",
    "Dự kiến tăng vốn lên": "N/A",
    "Giới thiệu công ty": "Công Ty cổ phần than Núi Béo - TKV tiền thân là một công trình hợp tác hữu nghị giữa Liên Xô (cũ) và Việt Nam, do Liên Xô thiết kế và đầu tư xây dựng Mỏ được Chủ tịch Hội Đồng Bộ Trưởng duyệt ngày 3/7/1985. Ngành nghề kinh doanh: Khai thác, chế biến, kinh doanh than và các khoáng sản khác; Xây dựng các công trình thuộc mỏ; Sửa chữa thiết bị mỏ và phương tiện vận tải đường bộ; Kinh doanh vật tư, thiết bị ngành than."
}