{
    "Url": "http://s.cafef.vn/hastc/NBP-cong-ty-co-phan-nhiet-dien-ninh-binh.chn",
    "CenterName": "HNX",
    "Symbol": "NBP",
    "TradeCenterID": 2,
    "ChangePrice": 0,
    "VonHoa": 192.9825,
    "ChangeVolume": 0,
    "EPS": 1.55833329432143,
    "PE": 9.62566869017045,
    "Beta": 0.262904215230918,
    "Price": 15,
    "UpdatedDate": "/Date(1686037643765)/",
    "FullName": "Công ty Cổ phần Nhiệt điện Ninh Bình",
    "ParentCategoryId": 340,
    "Cập nhật": "11:51 Thứ 4, 07/06/2023",
    "Mã công ty": "NBP",
    "Tên công ty": "Công ty Cổ phần Nhiệt điện Ninh Bình (HNX)",
    "Giá điểm": "14.5",
    "Thay đổi": "N/A",
    "Khối lượng": "0.0",
    "Giá tham chiếu": "14.5",
    "Giá trần": "15.9",
    "Giá sàn": "13.1",
    "Giá mở cửa": "N/A",
    "Giá cao nhất": "N/A",
    "Giá thấp nhất": "N/A",
    "Giao dịch NĐTNN": "Giao dịch NĐTNN",
    "KLGD ròng": "14.5",
    "GT Mua": "0 (Tỷ)",
    "GT Bán": "0 (Tỷ)",
    "Room còn lại": "N/A",
    "(*)   EPS cơ bản (nghìn đồng):": "1.71",
    "EPS pha loãng (nghìn đồng):": "1.71",
    "P/E :": "8.46",
    "Giá trị sổ sách /cp (nghìn đồng):": "21.72",
    "(**) Hệ số beta:": "0.26",
    "KLGD khớp lệnh trung bình 10 phiên:": "80",
    "KLCP đang niêm yết:": "12,865,500",
    "KLCP đang lưu hành:": "12,865,500",
    "Vốn hóa thị trường (tỷ đồng):": "186.55",
    "Doanh thu": "729.72 tỷ",
    "Lợi nhuận trước thuế": "29.78 tỷ",
    "Lợi nhuận sau thuế": "23.83 tỷ",
    "Cổ tức bằng tiền mặt": "10 %",
    "Cổ tức bằng cổ phiếu": "N/A",
    "Dự kiến tăng vốn lên": "N/A",
    "Giới thiệu công ty": "Công ty Cổ phần Nhiệt điện Ninh Bình tiền thân là Nhà máy Điện Ninh Bình được thành lập theo Quyết định số 119/ĐT-NCQLKT ngày 17/01/1974. Ngành nghề kinh doanh chính của Công ty: sản xuất điện và các sản phẩm hóa chất: đất đèn, vật liệu xây dựng, phụ gia xi măng; sửa chữa thiết bị điện, lắp đặt hệ thống điện..."
}