{
    "Url": "http://s.cafef.vn/hastc/NBW-cong-ty-co-phan-cap-nuoc-nha-be.chn",
    "CenterName": "HNX",
    "Symbol": "NBW",
    "TradeCenterID": 2,
    "ChangePrice": 7.246376811594203,
    "VonHoa": 322.64,
    "ChangeVolume": 170.49180327868854,
    "EPS": 1.8729624121396,
    "PE": 15.8038409143439,
    "Beta": -0.0232155100175211,
    "Price": 29.6,
    "UpdatedDate": "/Date(1686037643765)/",
    "FullName": "Công ty Cổ phần Cấp nước Nhà Bè",
    "ParentCategoryId": 346,
    "Cập nhật": "11:51 Thứ 4, 07/06/2023",
    "Mã công ty": "NBW",
    "Tên công ty": "Công ty Cổ phần Cấp nước Nhà Bè (HNX)",
    "Giá điểm": "27.7",
    "Thay đổi": "-1.9 (-6.42%)",
    "Khối lượng": "500",
    "Giá tham chiếu": "29.6",
    "Giá trần": "32.5",
    "Giá sàn": "26.7",
    "Giá mở cửa": "N/A",
    "Giá cao nhất": "N/A",
    "Giá thấp nhất": "27.9",
    "Giao dịch NĐTNN": "Giao dịch NĐTNN",
    "KLGD ròng": "27.9",
    "GT Mua": "0 (Tỷ)",
    "GT Bán": "0 (Tỷ)",
    "Room còn lại": "N/A",
    "(*)   EPS cơ bản (nghìn đồng):": "1.99",
    "EPS pha loãng (nghìn đồng):": "1.99",
    "P/E :": "13.92",
    "Giá trị sổ sách /cp (nghìn đồng):": "15.26",
    "(**) Hệ số beta:": "-0.02",
    "KLGD khớp lệnh trung bình 10 phiên:": "1,500",
    "KLCP đang niêm yết:": "10,900,000",
    "KLCP đang lưu hành:": "10,900,000",
    "Vốn hóa thị trường (tỷ đồng):": "322.64",
    "Doanh thu": "873.23 tỷ",
    "Lợi nhuận trước thuế": "27.9 tỷ",
    "Lợi nhuận sau thuế": "N/A",
    "Cổ tức bằng tiền mặt": "N/A",
    "Cổ tức bằng cổ phiếu": "N/A",
    "Dự kiến tăng vốn lên": "N/A",
    "Giới thiệu công ty": "Công ty Cổ phần Cấp nước Nhà Bè được thành lập trên cơ sở cổ phần hóa Chi nhánh Cấp nước Nhà Bè trực thuộc Tổng Công ty Cấp nước Sài Gòn theo quyết định số 6659/QĐ-UBND ngày 30/12/2005 của Ủy ban Nhân dân TP. HCM. Ngành nghề kinh doanh: quản lý phát triển hệ thống cấp nước; cung ứng, kinh doanh nước sạch cho nhu cầu tiêu dùng và sản xuất; tư vấn xây dựng công trình cấp thoát nước..."
}