{
    "Url": "http://s.cafef.vn/hastc/NDN-cong-ty-co-phan-dau-tu-phat-trien-nha-da-nang.chn",
    "CenterName": "HNX",
    "Symbol": "NDN",
    "TradeCenterID": 2,
    "ChangePrice": -1.098901098901095,
    "VonHoa": 644.921424,
    "ChangeVolume": -67.62824602460967,
    "EPS": -1.66051119817504,
    "PE": -5.42001764871643,
    "Beta": 1.39470686180002,
    "Price": 9,
    "UpdatedDate": "/Date(1686037643765)/",
    "FullName": "Công ty Cổ phần Đầu tư Phát triển Nhà Đà Nẵng  ",
    "ParentCategoryId": 345,
    "Cập nhật": "11:51 Thứ 4, 07/06/2023",
    "Mã công ty": "NDN",
    "Tên công ty": "Công ty Cổ phần Đầu tư Phát triển Nhà Đà Nẵng   (HNX)",
    "Giá điểm": "9.7",
    "Thay đổi": "0.5 (5.43%)",
    "Khối lượng": "392,734",
    "Giá tham chiếu": "9.2",
    "Giá trần": "10.1",
    "Giá sàn": "8.3",
    "Giá mở cửa": "9.8",
    "Giá cao nhất": "N/A",
    "Giá thấp nhất": "N/A",
    "Giao dịch NĐTNN": "Giao dịch NĐTNN",
    "KLGD ròng": "9.8",
    "GT Mua": "0.03 (Tỷ)",
    "GT Bán": "0.01 (Tỷ)",
    "Room còn lại": "N/A",
    "(*)   EPS cơ bản (nghìn đồng):": "n/a",
    "EPS pha loãng (nghìn đồng):": "n/a",
    "P/E :": "n/a",
    "Giá trị sổ sách /cp (nghìn đồng):": "11.12",
    "(**) Hệ số beta:": "1.39",
    "KLGD khớp lệnh trung bình 10 phiên:": "428,608",
    "KLCP đang niêm yết:": "71,657,936",
    "KLCP đang lưu hành:": "71,657,936",
    "Vốn hóa thị trường (tỷ đồng):": "659.25",
    "Doanh thu": "358.77 tỷ",
    "Lợi nhuận trước thuế": "134.06 tỷ",
    "Lợi nhuận sau thuế": "107.25 tỷ",
    "Cổ tức bằng tiền mặt": "14 %",
    "Cổ tức bằng cổ phiếu": "N/A",
    "Dự kiến tăng vốn lên": "N/A",
    "Giới thiệu công ty": "Công ty cổ phần Đầu tư Phát triển Nhà Đà Nẵng nguyên là Doanh nghiệp nhà nước được thành lập ngày 05/11/1992. Ngày 05/04/2011, công ty được Sở giao dịch Chứng khoán Hà Nội chấp thuận niêm yết với mã chứng khoán: NDN. Ngành nghề kinh doanh: kinh doanh, đầu tư phát triển các dự án bất động sản; đầu tư khai thác thủy điện; xây dựng công trình dân dụng, công nghiệp, giao thông thủy lợi...; đầu tư BOT, BT,tài chính..."
}