{
    "Url": "http://s.cafef.vn/hastc/NDX-cong-ty-co-phan-xay-lap-phat-trien-nha-da-nang.chn",
    "CenterName": "HNX",
    "Symbol": "NDX",
    "TradeCenterID": 2,
    "ChangePrice": 1.4492753623188355,
    "VonHoa": 67.112899,
    "ChangeVolume": -42.5254258762281,
    "EPS": 1.41542622725302,
    "PE": 4.9455067775487,
    "Beta": -0.16054684076768,
    "Price": 7,
    "UpdatedDate": "/Date(1686037643765)/",
    "FullName": "Công ty Cổ phần Xây lắp Phát triển Nhà Đà Nẵng",
    "ParentCategoryId": 345,
    "Cập nhật": "11:51 Thứ 4, 07/06/2023",
    "Mã công ty": "NDX",
    "Tên công ty": "Công ty Cổ phần Xây lắp Phát triển Nhà Đà Nẵng (HNX)",
    "Giá điểm": "7",
    "Thay đổi": "0.1 (1.45%)",
    "Khối lượng": "83,600",
    "Giá tham chiếu": "6.9",
    "Giá trần": "7.5",
    "Giá sàn": "6.3",
    "Giá mở cửa": "7.2",
    "Giá cao nhất": "N/A",
    "Giá thấp nhất": "N/A",
    "Giao dịch NĐTNN": "Giao dịch NĐTNN",
    "KLGD ròng": "7.2",
    "GT Mua": "0 (Tỷ)",
    "GT Bán": "0.3 (Tỷ)",
    "Room còn lại": "N/A",
    "(*)   EPS cơ bản (nghìn đồng):": "1.50",
    "EPS pha loãng (nghìn đồng):": "1.44",
    "P/E :": "4.67",
    "Giá trị sổ sách /cp (nghìn đồng):": "12.40",
    "(**) Hệ số beta:": "-0.16",
    "KLGD khớp lệnh trung bình 10 phiên:": "62,901",
    "KLCP đang niêm yết:": "9,987,557",
    "KLCP đang lưu hành:": "9,587,557",
    "Vốn hóa thị trường (tỷ đồng):": "66.15",
    "Doanh thu": "206.2 tỷ",
    "Lợi nhuận trước thuế": "10.31 tỷ",
    "Lợi nhuận sau thuế": "8.25 tỷ",
    "Cổ tức bằng tiền mặt": "8 %",
    "Cổ tức bằng cổ phiếu": "N/A",
    "Dự kiến tăng vốn lên": "N/A",
    "Giới thiệu công ty": "Công ty Cổ phần Xây lắp Phát triển Nhà Đà Nẵng là đơn vị được hình thành từ Xí nghiệp Công trình Giao thông và Xây dựng trực thuộc Công ty Đầu tư Phát triển Nhà Đà Nẵng, thực hiện Cổ phần hóa theo Quyết định của UBND Thành phố Đà Nẵng. Ngành nghề sản xuất chính: xây dựng công trình dân dụng, công nghiệp, giao thông, thủy lợi; xây dựng công trình hạ tầng kỹ thuật đô thị, khu công nghiệp; ..."
}