{
    "Url": "http://s.cafef.vn/hastc/NET-cong-ty-co-phan-bot-giat-net.chn",
    "CenterName": "HNX",
    "Symbol": "NET",
    "TradeCenterID": 2,
    "ChangePrice": 1.9323671497584645,
    "VonHoa": 945.2113828,
    "ChangeVolume": 66.35859519408503,
    "EPS": 3.36008847745572,
    "PE": 12.5591930936158,
    "Beta": -0.0497765314170537,
    "Price": 42.2,
    "UpdatedDate": "/Date(1686037643765)/",
    "FullName": "Công ty Cổ phần Bột giặt Net",
    "ParentCategoryId": 339,
    "Cập nhật": "11:51 Thứ 4, 07/06/2023",
    "Mã công ty": "NET",
    "Tên công ty": "Công ty Cổ phần Bột giặt Net (HNX)",
    "Giá điểm": "41.3",
    "Thay đổi": "-0.9 (-2.13%)",
    "Khối lượng": "600",
    "Giá tham chiếu": "42.2",
    "Giá trần": "46.4",
    "Giá sàn": "38",
    "Giá mở cửa": "N/A",
    "Giá cao nhất": "N/A",
    "Giá thấp nhất": "41.3",
    "Giao dịch NĐTNN": "Giao dịch NĐTNN",
    "KLGD ròng": "41.3",
    "GT Mua": "0 (Tỷ)",
    "GT Bán": "0.02 (Tỷ)",
    "Room còn lại": "N/A",
    "(*)   EPS cơ bản (nghìn đồng):": "3.69",
    "EPS pha loãng (nghìn đồng):": "3.69",
    "P/E :": "11.20",
    "Giá trị sổ sách /cp (nghìn đồng):": "13.84",
    "(**) Hệ số beta:": "-0.05",
    "KLGD khớp lệnh trung bình 10 phiên:": "666",
    "KLCP đang niêm yết:": "22,398,374",
    "KLCP đang lưu hành:": "22,398,374",
    "Vốn hóa thị trường (tỷ đồng):": "945.21",
    "Doanh thu": "1,500 - 2,000 tỷ",
    "Lợi nhuận trước thuế": "N/A",
    "Lợi nhuận sau thuế": "80 - 100 tỷ",
    "Cổ tức bằng tiền mặt": "N/A",
    "Cổ tức bằng cổ phiếu": "N/A",
    "Dự kiến tăng vốn lên": "N/A",
    "Giới thiệu công ty": "NETCO chọn cho mình con đường riêng để đến với người tiêu dùng bằng tấm lòng của một nhà sản xuất chân chính, luôn giữ chữ “TÍN” với khách hàng qua “CHẤT LƯỢNG & GIÁ CẢ”. Vì vậy, so với sản phẩm của các công ty khác, các  sản phẩm của NETCO luôn dành được sự chấp nhận và tin tưởng của đông đảo người tiêu dùng."
}