{
    "Url": "http://s.cafef.vn/hastc/NFC-cong-ty-co-phan-phan-lan-ninh-binh.chn",
    "CenterName": "HNX",
    "Symbol": "NFC",
    "TradeCenterID": 2,
    "ChangePrice": 0,
    "VonHoa": 185.6296586,
    "ChangeVolume": 0,
    "EPS": 1.31146446736629,
    "PE": 8.99757507246615,
    "Beta": -0.140127946718079,
    "Price": 11.8,
    "UpdatedDate": "/Date(1686037643765)/",
    "FullName": "Công ty Cổ phần Phân lân Ninh Bình ",
    "ParentCategoryId": 338,
    "Cập nhật": "11:51 Thứ 4, 07/06/2023",
    "Mã công ty": "NFC",
    "Tên công ty": "Công ty Cổ phần Phân lân Ninh Bình  (HNX)",
    "Giá điểm": "11.8",
    "Thay đổi": "N/A",
    "Khối lượng": "0.0",
    "Giá tham chiếu": "11.8",
    "Giá trần": "12.9",
    "Giá sàn": "10.7",
    "Giá mở cửa": "N/A",
    "Giá cao nhất": "N/A",
    "Giá thấp nhất": "N/A",
    "Giao dịch NĐTNN": "Giao dịch NĐTNN",
    "KLGD ròng": "11.8",
    "GT Mua": "0 (Tỷ)",
    "GT Bán": "0 (Tỷ)",
    "Room còn lại": "N/A",
    "(*)   EPS cơ bản (nghìn đồng):": "1.45",
    "EPS pha loãng (nghìn đồng):": "1.45",
    "P/E :": "8.16",
    "Giá trị sổ sách /cp (nghìn đồng):": "12.32",
    "(**) Hệ số beta:": "-0.14",
    "KLGD khớp lệnh trung bình 10 phiên:": "n/a",
    "KLCP đang niêm yết:": "15,731,260",
    "KLCP đang lưu hành:": "15,731,327",
    "Vốn hóa thị trường (tỷ đồng):": "185.63",
    "Doanh thu": "764.5 tỷ",
    "Lợi nhuận trước thuế": "32.5 tỷ",
    "Lợi nhuận sau thuế": "N/A",
    "Cổ tức bằng tiền mặt": "13 %",
    "Cổ tức bằng cổ phiếu": "N/A",
    "Dự kiến tăng vốn lên": "N/A",
    "Giới thiệu công ty": "Công ty Cổ phần Phân lân Ninh Bình tiền thân là Nhà máy Phân lân Ninh Bình được thành lập từ ngày 01 tháng 8 năm 1977, trực thuộc Tổng cục Hoá chất Việt Nam trước đây, nay là Tập đoàn Hoá chất Việt Nam. Ngành nghề kinh doanh: sản xuất phân bón và hợp chất nitơ; sản xuất xi măng; bán buôn vật liệu, thiết bị khác trong xây dựng; sản xuất máy chuyên dụng khác..."
}