{
    "Url": "http://s.cafef.vn/hastc/NHC-cong-ty-co-phan-gach-ngoi-nhi-hiep.chn",
    "CenterName": "HNX",
    "Symbol": "NHC",
    "TradeCenterID": 2,
    "ChangePrice": 0,
    "VonHoa": 93.9836478,
    "ChangeVolume": 400,
    "EPS": 0.707429978860262,
    "PE": 43.6792345862736,
    "Beta": 0.585750591534484,
    "Price": 30.9,
    "UpdatedDate": "/Date(1686037643765)/",
    "FullName": "Công ty Cổ phần Gạch Ngói Nhị Hiệp",
    "ParentCategoryId": 345,
    "Cập nhật": "11:51 Thứ 4, 07/06/2023",
    "Mã công ty": "NHC",
    "Tên công ty": "Công ty Cổ phần Gạch Ngói Nhị Hiệp (HNX)",
    "Giá điểm": "30",
    "Thay đổi": "N/A",
    "Khối lượng": "0.0",
    "Giá tham chiếu": "30",
    "Giá trần": "33",
    "Giá sàn": "27",
    "Giá mở cửa": "N/A",
    "Giá cao nhất": "N/A",
    "Giá thấp nhất": "N/A",
    "Giao dịch NĐTNN": "Giao dịch NĐTNN",
    "KLGD ròng": "30",
    "GT Mua": "0 (Tỷ)",
    "GT Bán": "0 (Tỷ)",
    "Room còn lại": "N/A",
    "(*)   EPS cơ bản (nghìn đồng):": "0.75",
    "EPS pha loãng (nghìn đồng):": "0.75",
    "P/E :": "40.02",
    "Giá trị sổ sách /cp (nghìn đồng):": "20.16",
    "(**) Hệ số beta:": "0.59",
    "KLGD khớp lệnh trung bình 10 phiên:": "121",
    "KLCP đang niêm yết:": "3,041,542",
    "KLCP đang lưu hành:": "3,041,542",
    "Vốn hóa thị trường (tỷ đồng):": "93.98",
    "Doanh thu": "30.19 tỷ",
    "Lợi nhuận trước thuế": "3.37 tỷ",
    "Lợi nhuận sau thuế": "N/A",
    "Cổ tức bằng tiền mặt": "N/A",
    "Cổ tức bằng cổ phiếu": "N/A",
    "Dự kiến tăng vốn lên": "N/A",
    "Giới thiệu công ty": "Công ty cổ phần Gạch Ngói Nhị Điệp trước đây là Xí nghiệp sản xuất Gạch ngói trực thuộc Công ty Sản xuất và Xuất Nhập Khẩu Vật liệu xây dựng sông Bé (nay là Công ty Vật Liệu Và Xây Dựng Bình Dương). Ngành nghề kinh doanh chính của Công ty: sản xuất gạch ngói xây dựng chất lượng cao các loại từ đất sét và kinh doanh chế biến các loại đá, cho thuê mặt bằng kinh doanh bến thủy nội địa."
}