{
    "Url": "http://s.cafef.vn/hastc/NRC-cong-ty-co-phan-tap-doan-danh-khoi.chn",
    "CenterName": "HNX",
    "Symbol": "NRC",
    "TradeCenterID": 2,
    "ChangePrice": 5.769230769230766,
    "VonHoa": 509.287691,
    "ChangeVolume": -3.6655897371146944,
    "EPS": 0.457634201314123,
    "PE": 12.0183325114391,
    "Beta": 0,
    "Price": 5.5,
    "UpdatedDate": "/Date(1686037643765)/",
    "FullName": "Công ty Cổ phần Tập đoàn Danh Khôi",
    "ParentCategoryId": 345,
    "Cập nhật": "11:51 Thứ 4, 07/06/2023",
    "Mã công ty": "NRC",
    "Tên công ty": "Công ty Cổ phần Tập đoàn Danh Khôi (HNX)",
    "Giá điểm": "6.4",
    "Thay đổi": "0.4 (6.67%)",
    "Khối lượng": "2,180,282",
    "Giá tham chiếu": "6",
    "Giá trần": "6.6",
    "Giá sàn": "5.4",
    "Giá mở cửa": "6.2",
    "Giá cao nhất": "6.2",
    "Giá thấp nhất": "N/A",
    "Giao dịch NĐTNN": "Giao dịch NĐTNN",
    "KLGD ròng": "6.6",
    "GT Mua": "0 (Tỷ)",
    "GT Bán": "0 (Tỷ)",
    "Room còn lại": "N/A",
    "(*)   EPS cơ bản (nghìn đồng):": "0.48",
    "EPS pha loãng (nghìn đồng):": "0.48",
    "P/E :": "13.32",
    "Giá trị sổ sách /cp (nghìn đồng):": "13.72",
    "(**) Hệ số beta:": "n/a",
    "KLGD khớp lệnh trung bình 10 phiên:": "3,085,009",
    "KLCP đang niêm yết:": "92,597,762",
    "KLCP đang lưu hành:": "92,597,762",
    "Vốn hóa thị trường (tỷ đồng):": "555.59",
    "Doanh thu": "200 tỷ",
    "Lợi nhuận trước thuế": "N/A",
    "Lợi nhuận sau thuế": "50 tỷ",
    "Cổ tức bằng tiền mặt": "N/A",
    "Cổ tức bằng cổ phiếu": "N/A",
    "Dự kiến tăng vốn lên": "N/A",
    "Giới thiệu công ty": "Công ty cổ phần Bất động sản Netland tiền thân là Công ty cổ phần Dịch vụ thông tin bất động sản Netland được thành lập theo Giấy CNĐKDN lần đầu do Sở KH&ĐT TP.HCM cấp ngày 19/03/2014 với vốn điều lệ ban đầu là 1,9 tỷ đồng. Với tiềm lực tài chính dồi dào cùng đội ngũ nhân sự giàu kinh nghiệm, sáng tạo, chuyên nghiệp, nhiệt huyết đã giúp Netland khẳng định được vị thế trên thị trường Bất động sản."
}