{
    "Url": "http://s.cafef.vn/hastc/NSH-cong-ty-co-phan-tap-doan-nhom-song-hong-shalumi.chn",
    "CenterName": "HNX",
    "Symbol": "NSH",
    "TradeCenterID": 2,
    "ChangePrice": 13.461538461538463,
    "VonHoa": 93.1204665,
    "ChangeVolume": -49.36440072359905,
    "EPS": -0.179670778034601,
    "PE": -25.0458090582398,
    "Beta": 0,
    "Price": 5.9,
    "UpdatedDate": "/Date(1686037643765)/",
    "FullName": "Công ty Cổ phần Tập đoàn Nhôm Sông Hồng Shalumi",
    "ParentCategoryId": 344,
    "Cập nhật": "11:51 Thứ 4, 07/06/2023",
    "Mã công ty": "NSH",
    "Tên công ty": "Công ty Cổ phần Tập đoàn Nhôm Sông Hồng Shalumi (HNX)",
    "Giá điểm": "6.3",
    "Thay đổi": "0.2 (3.28%)",
    "Khối lượng": "63,500",
    "Giá tham chiếu": "6.1",
    "Giá trần": "6.7",
    "Giá sàn": "5.5",
    "Giá mở cửa": "6.2",
    "Giá cao nhất": "6.4",
    "Giá thấp nhất": "N/A",
    "Giao dịch NĐTNN": "Giao dịch NĐTNN",
    "KLGD ròng": "6.4",
    "GT Mua": "0 (Tỷ)",
    "GT Bán": "0 (Tỷ)",
    "Room còn lại": "N/A",
    "(*)   EPS cơ bản (nghìn đồng):": "n/a",
    "EPS pha loãng (nghìn đồng):": "n/a",
    "P/E :": "n/a",
    "Giá trị sổ sách /cp (nghìn đồng):": "11.39",
    "(**) Hệ số beta:": "n/a",
    "KLGD khớp lệnh trung bình 10 phiên:": "51,808",
    "KLCP đang niêm yết:": "20,693,437",
    "KLCP đang lưu hành:": "20,693,437",
    "Vốn hóa thị trường (tỷ đồng):": "93.12",
    "Doanh thu": "1,200 tỷ",
    "Lợi nhuận trước thuế": "N/A",
    "Lợi nhuận sau thuế": "10 tỷ",
    "Cổ tức bằng tiền mặt": "3 %",
    "Cổ tức bằng cổ phiếu": "N/A",
    "Dự kiến tăng vốn lên": "N/A",
    "Giới thiệu công ty": "Công ty CP Tập đoàn Nhôm Sông Hồng Shalumig được thành lập từ năm 1999 với vốn điều lệ 8 tỷ đồng. Tiền thân là doanh nghiệp nhà nước do Bộ Xây dựng sở hữu 100% vốn, Công ty đã trải qua nhiều giai đoạn phát triển, tăng trưởng vượt bậc về năng lực sản xuất và sản lượng tiêu thụ. Đến nay, Salumi là một trong những công ty lớn nhất Việt Nam trong lĩnh vực sản xuất nhôm thanh định hình."
}