{
    "Url": "http://s.cafef.vn/hastc/NST-cong-ty-co-phan-ngan-son.chn",
    "CenterName": "HNX",
    "Symbol": "NST",
    "TradeCenterID": 2,
    "ChangePrice": 0,
    "VonHoa": 76.1736204,
    "ChangeVolume": -48.137670909948135,
    "EPS": 1.22110625185242,
    "PE": 5.56872097713395,
    "Beta": -0.305061082024433,
    "Price": 6.8,
    "UpdatedDate": "/Date(1686037643765)/",
    "FullName": "Công ty Cổ phần Ngân Sơn",
    "ParentCategoryId": 339,
    "Cập nhật": "11:51 Thứ 4, 07/06/2023",
    "Mã công ty": "NST",
    "Tên công ty": "Công ty Cổ phần Ngân Sơn (HNX)",
    "Giá điểm": "7",
    "Thay đổi": "N/A",
    "Khối lượng": "200",
    "Giá tham chiếu": "7",
    "Giá trần": "7.7",
    "Giá sàn": "6.3",
    "Giá mở cửa": "N/A",
    "Giá cao nhất": "N/A",
    "Giá thấp nhất": "6.8",
    "Giao dịch NĐTNN": "Giao dịch NĐTNN",
    "KLGD ròng": "7",
    "GT Mua": "0 (Tỷ)",
    "GT Bán": "0 (Tỷ)",
    "Room còn lại": "N/A",
    "(*)   EPS cơ bản (nghìn đồng):": "1.28",
    "EPS pha loãng (nghìn đồng):": "1.28",
    "P/E :": "5.47",
    "Giá trị sổ sách /cp (nghìn đồng):": "15.77",
    "(**) Hệ số beta:": "-0.31",
    "KLGD khớp lệnh trung bình 10 phiên:": "1,151",
    "KLCP đang niêm yết:": "11,202,003",
    "KLCP đang lưu hành:": "11,202,003",
    "Vốn hóa thị trường (tỷ đồng):": "78.41",
    "Doanh thu": "630 tỷ",
    "Lợi nhuận trước thuế": "9.5 tỷ",
    "Lợi nhuận sau thuế": "N/A",
    "Cổ tức bằng tiền mặt": "3.5 %",
    "Cổ tức bằng cổ phiếu": "N/A",
    "Dự kiến tăng vốn lên": "N/A",
    "Giới thiệu công ty": "Công ty Cổ phần Ngân Sơn, tiền thân là Công ty Nguyên liệu Thuốc lá Bắc, là đơn vị thành viên hạch toán độc lập thuộc Tổng Công ty Thuốc lá Việt Nam (Vinataba), được thành lập theo Quyết định số 1987/QĐ-TCCB ngày 20 tháng 7 năm 1996 của Bộ trưởng Bộ Công nghiệp, hoạt động chủ yếu trong lĩnh vực sản xuất, chế biến, kinh doanh và xuất khẩu nguyên liệu thuốc lá."
}