{
    "Url": "http://s.cafef.vn/hastc/NTH-cong-ty-co-phan-thuy-dien-nuoc-trong.chn",
    "CenterName": "HNX",
    "Symbol": "NTH",
    "TradeCenterID": 2,
    "ChangePrice": 3.868075241963413,
    "VonHoa": 638.4013323,
    "ChangeVolume": 93.54838709677419,
    "EPS": 6.23269224044231,
    "PE": 9.48225866448459,
    "Beta": 0,
    "Price": 59.1,
    "UpdatedDate": "/Date(1686037643765)/",
    "FullName": "Công ty Cổ phần thủy điện Nước Trong",
    "ParentCategoryId": 340,
    "Cập nhật": "11:51 Thứ 4, 07/06/2023",
    "Mã công ty": "NTH",
    "Tên công ty": "Công ty Cổ phần thủy điện Nước Trong (HNX)",
    "Giá điểm": "59.1",
    "Thay đổi": "N/A",
    "Khối lượng": "0.0",
    "Giá tham chiếu": "59.1",
    "Giá trần": "65",
    "Giá sàn": "53.2",
    "Giá mở cửa": "N/A",
    "Giá cao nhất": "N/A",
    "Giá thấp nhất": "N/A",
    "Giao dịch NĐTNN": "Giao dịch NĐTNN",
    "KLGD ròng": "59.1",
    "GT Mua": "0 (Tỷ)",
    "GT Bán": "0 (Tỷ)",
    "Room còn lại": "N/A",
    "(*)   EPS cơ bản (nghìn đồng):": "6.40",
    "EPS pha loãng (nghìn đồng):": "6.40",
    "P/E :": "9.24",
    "Giá trị sổ sách /cp (nghìn đồng):": "15.93",
    "(**) Hệ số beta:": "n/a",
    "KLGD khớp lệnh trung bình 10 phiên:": "350",
    "KLCP đang niêm yết:": "10,802,053",
    "KLCP đang lưu hành:": "10,802,053",
    "Vốn hóa thị trường (tỷ đồng):": "638.40",
    "Doanh thu": "90,316.78 tỷ",
    "Lợi nhuận trước thuế": "35.79 tỷ",
    "Lợi nhuận sau thuế": "33.98 tỷ",
    "Cổ tức bằng tiền mặt": "N/A",
    "Cổ tức bằng cổ phiếu": "N/A",
    "Dự kiến tăng vốn lên": "N/A",
    "Giới thiệu công ty": "CTCP Thủy điện Nước Trong tiền thân là CTCP Nước Trong, được thành lập ngày 11/02/2004 với vốn điều lệ đăng ký là 9 tỷ đồng, ngành nghề kinh doanh chính là sản xuất, truyền tải và phân phối điện năng. Cùng với sự phát triển, Công ty đã trải qua 3 đợt tăng vốn, với số VĐL hiện tại là 108.020.530.000 đồng."
}