{
    "Url": "http://s.cafef.vn/hastc/NTP-cong-ty-co-phan-nhua-thieu-nien-tien-phong.chn",
    "CenterName": "HNX",
    "Symbol": "NTP",
    "TradeCenterID": 2,
    "ChangePrice": 2.3048858508020054,
    "VonHoa": 4599.924357,
    "ChangeVolume": -26.644918721663164,
    "EPS": 3.41184775383391,
    "PE": 10.404919140987,
    "Beta": 0.59898343703444,
    "Price": 35.5,
    "UpdatedDate": "/Date(1686037643765)/",
    "FullName": "Công ty Cổ phần Nhựa Thiếu niên Tiền Phong",
    "ParentCategoryId": 345,
    "Cập nhật": "11:51 Thứ 4, 07/06/2023",
    "Mã công ty": "NTP",
    "Tên công ty": "Công ty Cổ phần Nhựa Thiếu niên Tiền Phong (HNX)",
    "Giá điểm": "35.5",
    "Thay đổi": "N/A",
    "Khối lượng": "19,700",
    "Giá tham chiếu": "35.5",
    "Giá trần": "39",
    "Giá sàn": "32",
    "Giá mở cửa": "36.1",
    "Giá cao nhất": "N/A",
    "Giá thấp nhất": "35.4",
    "Giao dịch NĐTNN": "Giao dịch NĐTNN",
    "KLGD ròng": "36.1",
    "GT Mua": "0 (Tỷ)",
    "GT Bán": "0 (Tỷ)",
    "Room còn lại": "N/A",
    "(*)   EPS cơ bản (nghìn đồng):": "3.46",
    "EPS pha loãng (nghìn đồng):": "3.46",
    "P/E :": "10.26",
    "Giá trị sổ sách /cp (nghìn đồng):": "22.81",
    "(**) Hệ số beta:": "0.60",
    "KLGD khớp lệnh trung bình 10 phiên:": "27,988",
    "KLCP đang niêm yết:": "129,575,334",
    "KLCP đang lưu hành:": "129,575,334",
    "Vốn hóa thị trường (tỷ đồng):": "4,599.92",
    "Doanh thu": "5,875 tỷ",
    "Lợi nhuận trước thuế": "535 tỷ",
    "Lợi nhuận sau thuế": "N/A",
    "Cổ tức bằng tiền mặt": "20 %",
    "Cổ tức bằng cổ phiếu": "N/A",
    "Dự kiến tăng vốn lên": "N/A",
    "Giới thiệu công ty": "Công ty Cổ phần Nhựa Thiếu niên Tiền Phong được thành lập ngày 19 tháng 5 năm 1960.  Ngành nghề kinh doanh: sản xuất kinh doanh các sản phẩm ống và phụ tùng nhựa xây dưng, phục vụ ngành xây dựng dân dụng và những dự ản trọng điểm quốc gia trong các lĩnh vực giao thông vận tải, bất động sản, nông lâm ngư nghiệp..."
}