{
    "Url": "http://s.cafef.vn/hastc/NVB-ngan-hang-thuong-mai-co-phan-quoc-dan.chn",
    "CenterName": "HNX",
    "Symbol": "NVB",
    "TradeCenterID": 2,
    "ChangePrice": 23.4848484848485,
    "VonHoa": 9075.8984681,
    "ChangeVolume": -63.59221341160769,
    "EPS": 1.14941788261145e-05,
    "PE": 1418109.13564062,
    "Beta": 0.320129699412847,
    "Price": 16.3,
    "UpdatedDate": "/Date(1686037643765)/",
    "FullName": "Ngân hàng Thương mại cổ phần Quốc Dân",
    "ParentCategoryId": 341,
    "Cập nhật": "11:51 Thứ 4, 07/06/2023",
    "Giá điểm": "15.9",
    "Thay đổi": "-0.4 (-2.45%)",
    "Khối lượng": "144,685",
    "Giá tham chiếu": "16.3",
    "Giá trần": "17.9",
    "Giá sàn": "14.7",
    "Giá mở cửa": "N/A",
    "Giá cao nhất": "N/A",
    "Giá thấp nhất": "16.1",
    "Giao dịch NĐTNN": "Giao dịch NĐTNN",
    "KLGD ròng": "16.1",
    "GT Mua": "0.03 (Tỷ)",
    "GT Bán": "0.21 (Tỷ)",
    "Room còn lại": "N/A",
    "(*)   EPS cơ bản (nghìn đồng):": "0.00",
    "EPS pha loãng (nghìn đồng):": "0.00",
    "P/E :": "1,106,647.13",
    "Giá trị sổ sách /cp (nghìn đồng):": "10.36",
    "(**) Hệ số beta:": "0.32",
    "KLGD khớp lệnh trung bình 10 phiên:": "293,847",
    "KLCP đang niêm yết:": "560,155,587",
    "KLCP đang lưu hành:": "556,803,587",
    "Vốn hóa thị trường (tỷ đồng):": "9,075.90",
    "Tổng tài sản": "94.500 tỷ đồng",
    "Huy động từ khách hàng": "78.000 tỷ đồng",
    "Cho vay khách hàng": "57.700 tỷ đồng",
    "Tỷ lệ nợ xấu": "",
    "Lợi nhuận trước PACCL": "16 tỷ đồng",
    "Quy mô khách hàng": "1.000.000 khách hàng"
}