{
    "Url": "http://s.cafef.vn/hastc/OCH-cong-ty-co-phan-one-capital-hospitality.chn",
    "CenterName": "HNX",
    "Symbol": "OCH",
    "TradeCenterID": 2,
    "ChangePrice": 2.5641025641025665,
    "VonHoa": 1600,
    "ChangeVolume": -24.770130955697965,
    "EPS": 0.37397566502234,
    "PE": 21.3917662250085,
    "Beta": 0.00560862325825957,
    "Price": 8,
    "UpdatedDate": "/Date(1686037643765)/",
    "FullName": "Công ty Cổ phần One Capital Hospitality",
    "ParentCategoryId": 345,
    "Cập nhật": "11:51 Thứ 4, 07/06/2023",
    "Mã công ty": "OCH",
    "Tên công ty": "Công ty Cổ phần One Capital Hospitality (HNX)",
    "Giá điểm": "8.1",
    "Thay đổi": "N/A",
    "Khối lượng": "61,700",
    "Giá tham chiếu": "8.1",
    "Giá trần": "8.9",
    "Giá sàn": "7.3",
    "Giá mở cửa": "8.3",
    "Giá cao nhất": "8.3",
    "Giá thấp nhất": "8",
    "Giao dịch NĐTNN": "Giao dịch NĐTNN",
    "KLGD ròng": "8.3",
    "GT Mua": "0 (Tỷ)",
    "GT Bán": "0 (Tỷ)",
    "Room còn lại": "N/A",
    "(*)   EPS cơ bản (nghìn đồng):": "0.55",
    "EPS pha loãng (nghìn đồng):": "0.55",
    "P/E :": "14.66",
    "Giá trị sổ sách /cp (nghìn đồng):": "6.52",
    "(**) Hệ số beta:": "0.01",
    "KLGD khớp lệnh trung bình 10 phiên:": "74,531",
    "KLCP đang niêm yết:": "200,000,000",
    "KLCP đang lưu hành:": "200,000,000",
    "Vốn hóa thị trường (tỷ đồng):": "1,620.00",
    "Doanh thu": "991.01 tỷ",
    "Lợi nhuận trước thuế": "54.81 tỷ",
    "Lợi nhuận sau thuế": "21.54 tỷ",
    "Cổ tức bằng tiền mặt": "N/A",
    "Cổ tức bằng cổ phiếu": "N/A",
    "Dự kiến tăng vốn lên": "N/A",
    "Giới thiệu công ty": "Công ty Cổ phần Khách sạn và Dịch vụ Đại Dương được thành lập ngày 24 tháng 7 năm 2006 với tên gọi trước đây là Công ty Cổ phần Xây dựng – Thương mại Bảo Long. Là thành viên của Tập đoàn Đại Dương, Công ty CP Khách sạn và Dịch vụ Đại Dương hoạt động chuyên nghiệp trong lĩnh vực kinh doanh khách sạn, quản lý khách sạn, nhà hàng và các dịch vụ liên quan..."
}