{
    "Url": "http://s.cafef.vn/hastc/ONE-cong-ty-co-phan-truyen-thong-so-1.chn",
    "CenterName": "HNX",
    "Symbol": "ONE",
    "TradeCenterID": 2,
    "ChangePrice": 3.8461538461538494,
    "VonHoa": 42.6257532,
    "ChangeVolume": -10.06038917468128,
    "EPS": 0.371072797540709,
    "PE": 14.5524005957553,
    "Beta": 0.459556568223644,
    "Price": 5.4,
    "UpdatedDate": "/Date(1686037643765)/",
    "FullName": "Công ty Cổ phần Truyền thông số 1",
    "ParentCategoryId": 347,
    "Cập nhật": "11:51 Thứ 4, 07/06/2023",
    "Mã công ty": "ONE",
    "Tên công ty": "Công ty Cổ phần Truyền thông số 1 (HNX)",
    "Giá điểm": "5.5",
    "Thay đổi": "0.1 (1.85%)",
    "Khối lượng": "16,638",
    "Giá tham chiếu": "5.4",
    "Giá trần": "5.9",
    "Giá sàn": "4.9",
    "Giá mở cửa": "5.5",
    "Giá cao nhất": "N/A",
    "Giá thấp nhất": "N/A",
    "Giao dịch NĐTNN": "Giao dịch NĐTNN",
    "KLGD ròng": "5.5",
    "GT Mua": "0 (Tỷ)",
    "GT Bán": "0 (Tỷ)",
    "Room còn lại": "N/A",
    "(*)   EPS cơ bản (nghìn đồng):": "0.40",
    "EPS pha loãng (nghìn đồng):": "0.40",
    "P/E :": "13.59",
    "Giá trị sổ sách /cp (nghìn đồng):": "12.51",
    "(**) Hệ số beta:": "0.46",
    "KLGD khớp lệnh trung bình 10 phiên:": "20,420",
    "KLCP đang niêm yết:": "7,960,310",
    "KLCP đang lưu hành:": "7,893,658",
    "Vốn hóa thị trường (tỷ đồng):": "42.63",
    "Doanh thu": "700 tỷ",
    "Lợi nhuận trước thuế": "8 tỷ",
    "Lợi nhuận sau thuế": "N/A",
    "Cổ tức bằng tiền mặt": "5 %",
    "Cổ tức bằng cổ phiếu": "N/A",
    "Dự kiến tăng vốn lên": "N/A",
    "Giới thiệu công ty": "Công ty Cổ phần Truyền thông số 1 được thành lập ngày 06/10/1994 với tên gọi ban đầu là công ty TNHH Thương mạ và công nghệ Tin học Số 1. Đến nay, Công ty đã có trên 20 năm hoạt động chuyên sâu trong lĩnh vực tích hợp hệ thống, thiết bị tin học, viễn thông, phần mềm đi kèm và giải pháp tổng thể thiết kế, xây dựng cơ sở hạ tầng CNTT, viễn thông, điện nhẹ...đồng bộ."
}