{
    "Url": "http://s.cafef.vn/hastc/PBP-cong-ty-co-phan-bao-bi-dau-khi-viet-nam.chn",
    "CenterName": "HNX",
    "Symbol": "PBP",
    "TradeCenterID": 2,
    "ChangePrice": 6.956521739130441,
    "VonHoa": 59.0340468,
    "ChangeVolume": -72.79367138940627,
    "EPS": 1.34864942707171,
    "PE": 9.12023521687671,
    "Beta": 2.51831610044313,
    "Price": 12.3,
    "UpdatedDate": "/Date(1686037643765)/",
    "FullName": "Công ty cổ phần Bao bì Dầu khí Việt Nam",
    "ParentCategoryId": 344,
    "Cập nhật": "11:51 Thứ 4, 07/06/2023",
    "Mã công ty": "PBP",
    "Tên công ty": "Công ty cổ phần Bao bì Dầu khí Việt Nam (HNX)",
    "Giá điểm": "12.7",
    "Thay đổi": "0.1 (0.79%)",
    "Khối lượng": "11,100",
    "Giá tham chiếu": "12.6",
    "Giá trần": "13.8",
    "Giá sàn": "11.4",
    "Giá mở cửa": "12.8",
    "Giá cao nhất": "N/A",
    "Giá thấp nhất": "N/A",
    "Giao dịch NĐTNN": "Giao dịch NĐTNN",
    "KLGD ròng": "12.8",
    "GT Mua": "0 (Tỷ)",
    "GT Bán": "0 (Tỷ)",
    "Room còn lại": "N/A",
    "(*)   EPS cơ bản (nghìn đồng):": "1.40",
    "EPS pha loãng (nghìn đồng):": "1.40",
    "P/E :": "9.09",
    "Giá trị sổ sách /cp (nghìn đồng):": "13.14",
    "(**) Hệ số beta:": "2.52",
    "KLGD khớp lệnh trung bình 10 phiên:": "30,749",
    "KLCP đang niêm yết:": "4,799,516",
    "KLCP đang lưu hành:": "4,799,516",
    "Vốn hóa thị trường (tỷ đồng):": "60.47",
    "Doanh thu": "347.86 tỷ",
    "Lợi nhuận trước thuế": "8.08 tỷ",
    "Lợi nhuận sau thuế": "6.46 tỷ",
    "Cổ tức bằng tiền mặt": "8.5 %",
    "Cổ tức bằng cổ phiếu": "N/A",
    "Dự kiến tăng vốn lên": "N/A",
    "Giới thiệu công ty": "Công ty CP Bao bì Dầu khí Việt Nam được thành lập vào tháng 8 năm 2010 với chức năng chính là sản xuất và kinh doanh bao bì PP, PE. Công ty có trụ trở, nhà máy tọa lạc tại KCN Trà Kha, Tp. Bạc Liêu, tỉnh Bạc Liêu – một vị thế thuận lợi cho việc cung ứng bao bì trong khu vực Tây Nam Bộ."
}