{
    "Url": "http://s.cafef.vn/hastc/PCE-cong-ty-co-phan-phan-bon-va-hoa-chat-dau-khi-mien-trung.chn",
    "CenterName": "HNX",
    "Symbol": "PCE",
    "TradeCenterID": 2,
    "ChangePrice": -9.090909090909093,
    "VonHoa": 230,
    "ChangeVolume": -100,
    "EPS": 2.16368175360744,
    "PE": 10.6300290981577,
    "Beta": 0,
    "Price": 23,
    "UpdatedDate": "/Date(1686037643765)/",
    "FullName": "Công ty cổ phần Phân bón và Hóa chất Dầu khí Miền Trung",
    "ParentCategoryId": 338,
    "Cập nhật": "11:51 Thứ 4, 07/06/2023",
    "Mã công ty": "PCE",
    "Tên công ty": "Công ty cổ phần Phân bón và Hóa chất Dầu khí Miền Trung (HNX)",
    "Giá điểm": "23",
    "Thay đổi": "N/A",
    "Khối lượng": "69",
    "Giá tham chiếu": "23",
    "Giá trần": "25.3",
    "Giá sàn": "20.7",
    "Giá mở cửa": "N/A",
    "Giá cao nhất": "N/A",
    "Giá thấp nhất": "N/A",
    "Giao dịch NĐTNN": "Giao dịch NĐTNN",
    "KLGD ròng": "23",
    "GT Mua": "0 (Tỷ)",
    "GT Bán": "0 (Tỷ)",
    "Room còn lại": "N/A",
    "(*)   EPS cơ bản (nghìn đồng):": "2.35",
    "EPS pha loãng (nghìn đồng):": "2.35",
    "P/E :": "9.79",
    "Giá trị sổ sách /cp (nghìn đồng):": "20.32",
    "(**) Hệ số beta:": "n/a",
    "KLGD khớp lệnh trung bình 10 phiên:": "1,450",
    "KLCP đang niêm yết:": "10,000,000",
    "KLCP đang lưu hành:": "10,000,000",
    "Vốn hóa thị trường (tỷ đồng):": "230.00",
    "Doanh thu": "4,657.99 tỷ",
    "Lợi nhuận trước thuế": "30.16 tỷ",
    "Lợi nhuận sau thuế": "24.13 tỷ",
    "Cổ tức bằng tiền mặt": "14 %",
    "Cổ tức bằng cổ phiếu": "N/A",
    "Dự kiến tăng vốn lên": "N/A",
    "Giới thiệu công ty": "Ngày 14/01/2005, Hội đồng quản trị Tổng công ty Dầu khí Việt Nam thành lập Chi nhánh Công ty Phân Đạm và Hóa chất Dầu khí tại Miền Trung và Tây Nguyên. Với mục đích tổ chức thực hiện kinh doanh, phát triển thị trường bán buôn, bán lẻ sản phẩm phân đạm và hóa chất dầu khí tại khu vực Miền Trung và Tây Nguyên. Đến ngày 01/01/2011, chuyển đổi thành Công ty cổ phần Phân bón và Hóa chất Dầu khí Miền Trung."
}