{
    "Url": "http://s.cafef.vn/hastc/PCG-cong-ty-co-phan-dau-tu-va-phat-trien-gas-do-thi.chn",
    "CenterName": "HNX",
    "Symbol": "PCG",
    "TradeCenterID": 2,
    "ChangePrice": -5.797101449275368,
    "VonHoa": 122.655,
    "ChangeVolume": 216.73379714390333,
    "EPS": 0.0330249444333651,
    "PE": 196.820921625323,
    "Beta": -0.0324229222520107,
    "Price": 6.5,
    "UpdatedDate": "/Date(1686037643765)/",
    "FullName": "Công ty Cổ phần Đầu tư và Phát triển Gas Đô Thị",
    "ParentCategoryId": 340,
    "Cập nhật": "11:51 Thứ 4, 07/06/2023",
    "Mã công ty": "PCG",
    "Tên công ty": "Công ty Cổ phần Đầu tư và Phát triển Gas Đô Thị (HNX)",
    "Giá điểm": "6.1",
    "Thay đổi": "-0.1 (-1.61%)",
    "Khối lượng": "300",
    "Giá tham chiếu": "6.2",
    "Giá trần": "6.8",
    "Giá sàn": "5.6",
    "Giá mở cửa": "N/A",
    "Giá cao nhất": "N/A",
    "Giá thấp nhất": "6.1",
    "Giao dịch NĐTNN": "Giao dịch NĐTNN",
    "KLGD ròng": "6.2",
    "GT Mua": "0 (Tỷ)",
    "GT Bán": "0 (Tỷ)",
    "Room còn lại": "N/A",
    "(*)   EPS cơ bản (nghìn đồng):": "0.03",
    "EPS pha loãng (nghìn đồng):": "0.03",
    "P/E :": "179.02",
    "Giá trị sổ sách /cp (nghìn đồng):": "8.80",
    "(**) Hệ số beta:": "-0.03",
    "KLGD khớp lệnh trung bình 10 phiên:": "8,195",
    "KLCP đang niêm yết:": "18,870,000",
    "KLCP đang lưu hành:": "18,870,000",
    "Vốn hóa thị trường (tỷ đồng):": "116.99",
    "Doanh thu": "479.9 tỷ",
    "Lợi nhuận trước thuế": "2.86 tỷ",
    "Lợi nhuận sau thuế": "2.86 tỷ",
    "Cổ tức bằng tiền mặt": "N/A",
    "Cổ tức bằng cổ phiếu": "N/A",
    "Dự kiến tăng vốn lên": "N/A",
    "Giới thiệu công ty": "Công ty Cổ phần Đầu tư Phát triển Gas Đô thị được thành lập tháng 6 năm 2007 do Tổng Công ty Khí - đơn vị thành viên của Tập đoàn Dầu khí Quốc gia Việt Nam quản lý. Ngành nghề kinh doanh: tư vấn thiết kế đầu tư, chuyển giao công nghệ, bảo dưỡng sửa chữa, lắp đặt máy thiết bị và các dịch vụ khác phục vụ cho hoạt động sản xuất kinh doanh gas; kinh doanh vật tư, thiết bị, hóa chất phụ kiện ngành khí..."
}