{
    "Url": "http://s.cafef.vn/hastc/PCH-cong-ty-co-phan-nhua-picomat.chn",
    "CenterName": "HNX",
    "Symbol": "PCH",
    "TradeCenterID": 2,
    "ChangePrice": 2.0833333333333446,
    "VonHoa": 100,
    "ChangeVolume": -67.5413365899121,
    "EPS": 0.49656702785,
    "PE": 10.0691341139758,
    "Beta": 0,
    "Price": 4.9,
    "UpdatedDate": "/Date(1686037643765)/",
    "FullName": "Công ty Cổ phần Nhựa Picomat",
    "ParentCategoryId": 343,
    "Cập nhật": "11:51 Thứ 4, 07/06/2023",
    "Mã công ty": "PCH",
    "Tên công ty": "Công ty Cổ phần Nhựa Picomat (HNX)",
    "Giá điểm": "5.1",
    "Thay đổi": "-0.1 (-1.92%)",
    "Khối lượng": "23,200",
    "Giá tham chiếu": "5.2",
    "Giá trần": "5.7",
    "Giá sàn": "4.7",
    "Giá mở cửa": "N/A",
    "Giá cao nhất": "N/A",
    "Giá thấp nhất": "5.1",
    "Giao dịch NĐTNN": "Giao dịch NĐTNN",
    "KLGD ròng": "5.2",
    "GT Mua": "0 (Tỷ)",
    "GT Bán": "0 (Tỷ)",
    "Room còn lại": "N/A",
    "(*)   EPS cơ bản (nghìn đồng):": "0.50",
    "EPS pha loãng (nghìn đồng):": "0.50",
    "P/E :": "10.27",
    "Giá trị sổ sách /cp (nghìn đồng):": "11.47",
    "(**) Hệ số beta:": "n/a",
    "KLGD khớp lệnh trung bình 10 phiên:": "15,939",
    "KLCP đang niêm yết:": "20,000,000",
    "KLCP đang lưu hành:": "20,000,000",
    "Vốn hóa thị trường (tỷ đồng):": "100.00",
    "Doanh thu": "167.53 tỷ",
    "Lợi nhuận trước thuế": "18.07 tỷ",
    "Lợi nhuận sau thuế": "14.45 tỷ",
    "Cổ tức bằng tiền mặt": "10 %",
    "Cổ tức bằng cổ phiếu": "N/A",
    "Dự kiến tăng vốn lên": "N/A",
    "Giới thiệu công ty": "Trải qua hơn 12 năm hình thành và phát triển, Công ty Cổ phần Nhựa Picomat đã từng bước khẳng định được vị trí và vai trò của mình trong lĩnh vực sản xuất vật liệu nhựa nội thất và vật liệu trang trí của ngành nội thất."
}