{
    "Url": "http://s.cafef.vn/hastc/PCT-cong-ty-co-phan-van-tai-khi-va-hoa-chat-viet-nam.chn",
    "CenterName": "HNX",
    "Symbol": "PCT",
    "TradeCenterID": 2,
    "ChangePrice": -7.499999999999996,
    "VonHoa": 204.2392304,
    "ChangeVolume": -60.80954609265325,
    "EPS": 0.466231648660676,
    "PE": 15.8719383835432,
    "Beta": 0.929103496626063,
    "Price": 7.4,
    "UpdatedDate": "/Date(1686037643765)/",
    "FullName": "Công ty cổ phần Vận tải khí và hóa chất Việt Nam",
    "ParentCategoryId": 343,
    "Cập nhật": "11:51 Thứ 4, 07/06/2023",
    "Mã công ty": "PCT",
    "Tên công ty": "Công ty cổ phần Vận tải khí và hóa chất Việt Nam (HNX)",
    "Giá điểm": "7.8",
    "Thay đổi": "N/A",
    "Khối lượng": "700",
    "Giá tham chiếu": "7.8",
    "Giá trần": "8.5",
    "Giá sàn": "7.1",
    "Giá mở cửa": "N/A",
    "Giá cao nhất": "N/A",
    "Giá thấp nhất": "N/A",
    "Giao dịch NĐTNN": "Giao dịch NĐTNN",
    "KLGD ròng": "7.8",
    "GT Mua": "0 (Tỷ)",
    "GT Bán": "0 (Tỷ)",
    "Room còn lại": "N/A",
    "(*)   EPS cơ bản (nghìn đồng):": "0.56",
    "EPS pha loãng (nghìn đồng):": "0.56",
    "P/E :": "13.94",
    "Giá trị sổ sách /cp (nghìn đồng):": "13.50",
    "(**) Hệ số beta:": "0.93",
    "KLGD khớp lệnh trung bình 10 phiên:": "12,298",
    "KLCP đang niêm yết:": "27,599,896",
    "KLCP đang lưu hành:": "27,599,896",
    "Vốn hóa thị trường (tỷ đồng):": "215.28",
    "Doanh thu": "236.69 tỷ",
    "Lợi nhuận trước thuế": "17.57 tỷ",
    "Lợi nhuận sau thuế": "13.94 tỷ",
    "Cổ tức bằng tiền mặt": "N/A",
    "Cổ tức bằng cổ phiếu": "N/A",
    "Dự kiến tăng vốn lên": "N/A",
    "Giới thiệu công ty": "Được thành lập vào năm 2007, Công ty Cổ phần Dịch vụ Vận tải Dầu khí Cửu Long (PCT) là nhà cung cấp dịch vụ hàng đầu cho ngành hàng hải quốc tế, vận tải biển và vận tải đường bộ. Ngày 12/11/2018 Công ty Cổ phần Dịch vụ Vận tải Dầu khí Cửu Long đã tổ chức thành công Đại hội Cổ đông Bất thường thông qua việc thay đổi Logo và tên Công ty chính thức là Công ty Cổ phần Vận tải Khí và Hóa chất Việt Nam."
}