{
    "Url": "http://s.cafef.vn/hastc/PDB-cong-ty-co-phan-tap-doan-dau-tu-din-capital.chn",
    "CenterName": "HNX",
    "Symbol": "PDB",
    "TradeCenterID": 2,
    "ChangePrice": 17.391304347826104,
    "VonHoa": 96.2277948,
    "ChangeVolume": -71.31147540983606,
    "EPS": -0.411266107234819,
    "PE": -26.2603696487772,
    "Beta": 0,
    "Price": 10.8,
    "UpdatedDate": "/Date(1686037643765)/",
    "FullName": "Công ty Cổ phần Tập đoàn đầu tư DIN Capital",
    "ParentCategoryId": 345,
    "Cập nhật": "11:51 Thứ 4, 07/06/2023",
    "Mã công ty": "PDB",
    "Tên công ty": "Công ty Cổ phần Tập đoàn đầu tư DIN Capital (HNX)",
    "Giá điểm": "10.8",
    "Thay đổi": "-0.1 (-0.92%)",
    "Khối lượng": "9,000",
    "Giá tham chiếu": "10.9",
    "Giá trần": "11.9",
    "Giá sàn": "9.9",
    "Giá mở cửa": "N/A",
    "Giá cao nhất": "N/A",
    "Giá thấp nhất": "10.4",
    "Giao dịch NĐTNN": "Giao dịch NĐTNN",
    "KLGD ròng": "10.9",
    "GT Mua": "0 (Tỷ)",
    "GT Bán": "0 (Tỷ)",
    "Room còn lại": "N/A",
    "(*)   EPS cơ bản (nghìn đồng):": "n/a",
    "EPS pha loãng (nghìn đồng):": "n/a",
    "P/E :": "n/a",
    "Giá trị sổ sách /cp (nghìn đồng):": "14.91",
    "(**) Hệ số beta:": "n/a",
    "KLGD khớp lệnh trung bình 10 phiên:": "12,320",
    "KLCP đang niêm yết:": "8,909,981",
    "KLCP đang lưu hành:": "8,909,981",
    "Vốn hóa thị trường (tỷ đồng):": "97.12",
    "Doanh thu": "N/A",
    "Lợi nhuận trước thuế": "N/A",
    "Lợi nhuận sau thuế": "5.17 tỷ",
    "Cổ tức bằng tiền mặt": "5 %",
    "Cổ tức bằng cổ phiếu": "N/A",
    "Dự kiến tăng vốn lên": "N/A",
    "Giới thiệu công ty": "Công ty cổ phần Tập đoàn đầu tư DIN Capital tiền thân là Xí nghiệp Bêtông Dinco - trực thuộc Công ty cổ phần Dinco, được thành lập năm 2007, ngành nghề sản xuất kinh doanh chính là sản xuất bê tông thương phẩm chất lượng cao phục vụ cho nhu cầu xây dựng tại thành phố Đà Nẵng và các tỉnh thành khác trên cả nước."
}