{
    "Url": "http://s.cafef.vn/hastc/PEN-cong-ty-co-phan-xay-lap-iii-petrolimex.chn",
    "CenterName": "HNX",
    "Symbol": "PEN",
    "TradeCenterID": 2,
    "ChangePrice": 5.263157894736842,
    "VonHoa": 50,
    "ChangeVolume": -68.75,
    "EPS": 1.31603091465786,
    "PE": 7.5986056927848,
    "Beta": 1.60289346777729,
    "Price": 10,
    "UpdatedDate": "/Date(1686037643765)/",
    "FullName": "Công ty cổ phần Xây lắp III Petrolimex",
    "ParentCategoryId": 345,
    "Cập nhật": "11:51 Thứ 4, 07/06/2023",
    "Mã công ty": "PEN",
    "Tên công ty": "Công ty cổ phần Xây lắp III Petrolimex (HNX)",
    "Giá điểm": "9.1",
    "Thay đổi": "0.1 (1.11%)",
    "Khối lượng": "1,000",
    "Giá tham chiếu": "9",
    "Giá trần": "9.9",
    "Giá sàn": "8.1",
    "Giá mở cửa": "9.1",
    "Giá cao nhất": "9.1",
    "Giá thấp nhất": "N/A",
    "Giao dịch NĐTNN": "Giao dịch NĐTNN",
    "KLGD ròng": "9.1",
    "GT Mua": "0 (Tỷ)",
    "GT Bán": "0 (Tỷ)",
    "Room còn lại": "N/A",
    "(*)   EPS cơ bản (nghìn đồng):": "1.48",
    "EPS pha loãng (nghìn đồng):": "1.48",
    "P/E :": "6.16",
    "Giá trị sổ sách /cp (nghìn đồng):": "13.01",
    "(**) Hệ số beta:": "1.60",
    "KLGD khớp lệnh trung bình 10 phiên:": "443",
    "KLCP đang niêm yết:": "5,000,000",
    "KLCP đang lưu hành:": "5,000,000",
    "Vốn hóa thị trường (tỷ đồng):": "45.00",
    "Doanh thu": "255.6 tỷ",
    "Lợi nhuận trước thuế": "N/A",
    "Lợi nhuận sau thuế": "N/A",
    "Cổ tức bằng tiền mặt": "N/A",
    "Cổ tức bằng cổ phiếu": "N/A",
    "Dự kiến tăng vốn lên": "N/A",
    "Giới thiệu công ty": "Sau ngày Miền Nam hoàn toàn giải phóng, để đáp ứng với yêu cầu nhiệm vụ kiến thiết đất nước ở các tỉnh phía Nam, năm 1977, Bộ Vật Tư thành lập Công ty Xây Lắp III là một doanh nghiệp Nhà nước với chức năng và nhiệm vụ là duy tu sửa chữa các công trình xăng dầu tiếp quản của chế độ cũ và xây mới các công trình kho xăng dầu, cầu cảng thuộc ngành xăng dầu cho các  tỉnh từ Quảng Bình đến Cà Mau."
}