{
    "Url": "http://s.cafef.vn/hastc/PGN-cong-ty-co-phan-phu-gia-nhua.chn",
    "CenterName": "HNX",
    "Symbol": "PGN",
    "TradeCenterID": 2,
    "ChangePrice": 3.370786516853921,
    "VonHoa": 77.748648,
    "ChangeVolume": -6.497528437853612,
    "EPS": 0.897390334799016,
    "PE": 10.2519490607846,
    "Beta": 0,
    "Price": 9.2,
    "UpdatedDate": "/Date(1686037643765)/",
    "FullName": "Công ty Cổ phần Phụ gia Nhựa",
    "ParentCategoryId": 344,
    "Cập nhật": "11:51 Thứ 4, 07/06/2023",
    "Mã công ty": "PGN",
    "Tên công ty": "Công ty Cổ phần Phụ gia Nhựa (HNX)",
    "Giá điểm": "9.2",
    "Thay đổi": "N/A",
    "Khối lượng": "20,025",
    "Giá tham chiếu": "9.2",
    "Giá trần": "10.1",
    "Giá sàn": "8.3",
    "Giá mở cửa": "N/A",
    "Giá cao nhất": "N/A",
    "Giá thấp nhất": "9.1",
    "Giao dịch NĐTNN": "Giao dịch NĐTNN",
    "KLGD ròng": "9.2",
    "GT Mua": "0 (Tỷ)",
    "GT Bán": "0 (Tỷ)",
    "Room còn lại": "N/A",
    "(*)   EPS cơ bản (nghìn đồng):": "1.45",
    "EPS pha loãng (nghìn đồng):": "1.45",
    "P/E :": "6.34",
    "Giá trị sổ sách /cp (nghìn đồng):": "11.45",
    "(**) Hệ số beta:": "n/a",
    "KLGD khớp lệnh trung bình 10 phiên:": "62,425",
    "KLCP đang niêm yết:": "8,450,940",
    "KLCP đang lưu hành:": "8,450,940",
    "Vốn hóa thị trường (tỷ đồng):": "77.75",
    "Doanh thu": "280 tỷ",
    "Lợi nhuận trước thuế": "N/A",
    "Lợi nhuận sau thuế": "13.2 tỷ",
    "Cổ tức bằng tiền mặt": "12 %",
    "Cổ tức bằng cổ phiếu": "N/A",
    "Dự kiến tăng vốn lên": "N/A",
    "Giới thiệu công ty": "Với khát vọng sản xuất các sản phẩm phụ gia, hóa chất công nghiệp tại Việt nam thay thế cho hàng nhập khẩu, Công ty Cổ phần Phụ Gia Nhựa được thành lập năm 2007. Qua nhiều năm xây dựng và trưởng thành, công ty PGN đã nghiên cứu và phát triển thành công công nghệ sản xuất stearat kim loại (metallic stearate)."
}