{
    "Url": "http://s.cafef.vn/hastc/PGS-cong-ty-co-phan-kinh-doanh-khi-mien-nam.chn",
    "CenterName": "HNX",
    "Symbol": "PGS",
    "TradeCenterID": 2,
    "ChangePrice": -1.486988847583638,
    "VonHoa": 1324.968041,
    "ChangeVolume": -88.69630746043708,
    "EPS": 1.84199518501686,
    "PE": 14.3865739799735,
    "Beta": 1.48917710980633,
    "Price": 26.5,
    "UpdatedDate": "/Date(1686037643765)/",
    "FullName": "Công ty Cổ phần Kinh doanh Khí Miền Nam",
    "ParentCategoryId": 340,
    "Cập nhật": "11:51 Thứ 4, 07/06/2023",
    "Mã công ty": "PGS",
    "Tên công ty": "Công ty Cổ phần Kinh doanh Khí Miền Nam (HNX)",
    "Giá điểm": "26.3",
    "Thay đổi": "N/A",
    "Khối lượng": "0.0",
    "Giá tham chiếu": "26.3",
    "Giá trần": "28.9",
    "Giá sàn": "23.7",
    "Giá mở cửa": "N/A",
    "Giá cao nhất": "N/A",
    "Giá thấp nhất": "N/A",
    "Giao dịch NĐTNN": "Giao dịch NĐTNN",
    "KLGD ròng": "26.3",
    "GT Mua": "0 (Tỷ)",
    "GT Bán": "0 (Tỷ)",
    "Room còn lại": "N/A",
    "(*)   EPS cơ bản (nghìn đồng):": "1.95",
    "EPS pha loãng (nghìn đồng):": "1.95",
    "P/E :": "13.50",
    "Giá trị sổ sách /cp (nghìn đồng):": "20.44",
    "(**) Hệ số beta:": "1.49",
    "KLGD khớp lệnh trung bình 10 phiên:": "1,802",
    "KLCP đang niêm yết:": "50,000,000",
    "KLCP đang lưu hành:": "49,998,794",
    "Vốn hóa thị trường (tỷ đồng):": "1,314.97",
    "Doanh thu": "6,568.23 tỷ",
    "Lợi nhuận trước thuế": "102.35 tỷ",
    "Lợi nhuận sau thuế": "N/A",
    "Cổ tức bằng tiền mặt": "N/A",
    "Cổ tức bằng cổ phiếu": "N/A",
    "Dự kiến tăng vốn lên": "N/A",
    "Giới thiệu công ty": "Tiền thân của Công ty cổ phần Kinh doanh Khí miền Nam (Gas South) là Xí nghiệp Kinh doanh các sản phẩm Khí miền Nam trực thuộc Công ty Chế biến và Kinh doanh sản phẩm Khí (PV Gas). Với hơn 20 năm hoạt động trong lĩnh vực kinh doanh khí, Gas South đã từng bước xây dựng thương hiệu uy tín đối với khách hàng, trở thành một trong những công ty kinh doanh LPG hàng đầu Việt Nam."
}