{
    "Url": "http://s.cafef.vn/hastc/PGT-cong-ty-co-phan-pgt-holdings.chn",
    "CenterName": "HNX",
    "Symbol": "PGT",
    "TradeCenterID": 2,
    "ChangePrice": 24.24242424242424,
    "VonHoa": 37.8913841,
    "ChangeVolume": -76.60297476463707,
    "EPS": -0.680983274350573,
    "PE": -6.02070587403194,
    "Beta": 0.384655852696186,
    "Price": 4.1,
    "UpdatedDate": "/Date(1686037643765)/",
    "FullName": "Công ty Cổ phần PGT Holdings",
    "ParentCategoryId": 343,
    "Cập nhật": "11:51 Thứ 4, 07/06/2023",
    "Mã công ty": "PGT",
    "Tên công ty": "Công ty Cổ phần PGT Holdings (HNX)",
    "Giá điểm": "3.9",
    "Thay đổi": "-0.3 (-7.14%)",
    "Khối lượng": "10,700",
    "Giá tham chiếu": "4.2",
    "Giá trần": "4.6",
    "Giá sàn": "3.8",
    "Giá mở cửa": "N/A",
    "Giá cao nhất": "N/A",
    "Giá thấp nhất": "3.9",
    "Giao dịch NĐTNN": "Giao dịch NĐTNN",
    "KLGD ròng": "4.1",
    "GT Mua": "0 (Tỷ)",
    "GT Bán": "0 (Tỷ)",
    "Room còn lại": "N/A",
    "(*)   EPS cơ bản (nghìn đồng):": "n/a",
    "EPS pha loãng (nghìn đồng):": "n/a",
    "P/E :": "n/a",
    "Giá trị sổ sách /cp (nghìn đồng):": "3.30",
    "(**) Hệ số beta:": "0.38",
    "KLGD khớp lệnh trung bình 10 phiên:": "13,350",
    "KLCP đang niêm yết:": "9,241,801",
    "KLCP đang lưu hành:": "9,241,801",
    "Vốn hóa thị trường (tỷ đồng):": "38.82",
    "Doanh thu": "30.92 tỷ",
    "Lợi nhuận trước thuế": "2.08 tỷ",
    "Lợi nhuận sau thuế": "N/A",
    "Cổ tức bằng tiền mặt": "N/A",
    "Cổ tức bằng cổ phiếu": "N/A",
    "Dự kiến tăng vốn lên": "N/A",
    "Giới thiệu công ty": "Công ty Cổ phần PGT Holdings tiền thân là Công ty TNHH Taxi Gas Sài Gòn Petrolimex, được thành lập ngày 27/10/2004 dựa trên góp vốn của các Công ty thành viên thuộc Tổng công ty Xăng dầu Việt Nam (Petrolimex). Ngành nghề kinh doanh: M&A, tài chính, cung ứng và quản lý nguồn lao động, bất động sản, khách sạn, tư vấn đầu tư (M&A, finance, supply and management of labor resources, real estate, hotels, investment consulting)."
}