{
    "Url": "http://s.cafef.vn/hastc/PHN-cong-ty-co-phan-pin-ha-noi.chn",
    "CenterName": "HNX",
    "Symbol": "PHN",
    "TradeCenterID": 2,
    "ChangePrice": 0,
    "VonHoa": 282.902529,
    "ChangeVolume": -100,
    "EPS": 5.72982800424601,
    "PE": 6.80648703086717,
    "Beta": 0,
    "Price": 39,
    "UpdatedDate": "/Date(1686037643765)/",
    "FullName": "Công ty Cổ phần Pin Hà Nội",
    "ParentCategoryId": 343,
    "Cập nhật": "11:51 Thứ 4, 07/06/2023",
    "Mã công ty": "PHN",
    "Tên công ty": "Công ty Cổ phần Pin Hà Nội (HNX)",
    "Giá điểm": "39",
    "Thay đổi": "N/A",
    "Khối lượng": "0.0",
    "Giá tham chiếu": "39",
    "Giá trần": "42.9",
    "Giá sàn": "35.1",
    "Giá mở cửa": "N/A",
    "Giá cao nhất": "N/A",
    "Giá thấp nhất": "N/A",
    "Giao dịch NĐTNN": "Giao dịch NĐTNN",
    "KLGD ròng": "39",
    "GT Mua": "0 (Tỷ)",
    "GT Bán": "0 (Tỷ)",
    "Room còn lại": "N/A",
    "(*)   EPS cơ bản (nghìn đồng):": "5.87",
    "EPS pha loãng (nghìn đồng):": "5.87",
    "P/E :": "6.64",
    "Giá trị sổ sách /cp (nghìn đồng):": "17.18",
    "(**) Hệ số beta:": "n/a",
    "KLGD khớp lệnh trung bình 10 phiên:": "2",
    "KLCP đang niêm yết:": "7,253,911",
    "KLCP đang lưu hành:": "7,253,911",
    "Vốn hóa thị trường (tỷ đồng):": "282.90",
    "Doanh thu": "511.5 tỷ",
    "Lợi nhuận trước thuế": "43.2 tỷ",
    "Lợi nhuận sau thuế": "N/A",
    "Cổ tức bằng tiền mặt": "30 %",
    "Cổ tức bằng cổ phiếu": "N/A",
    "Dự kiến tăng vốn lên": "N/A",
    "Giới thiệu công ty": "Công ty Cổ phần Pin Hà Nội tiền thân là Nhà máy Pin Văn Điển, được thành lập từ đầu năm 1960.\r\nTrải qua gần 60 năm hoạt động, Công ty đã từng bước phát triển và đi lên trở thành một trong những doanh nghiệp hàng đầu của ngành Pin cả nước, với sự đầu tư, phát triển về công nghệ và thiết bị một cách mạnh mẽ."
}