{
    "Url": "http://s.cafef.vn/hastc/PIA-cong-ty-co-phan-tin-hoc-vien-thong-petrolimex.chn",
    "CenterName": "HNX",
    "Symbol": "PIA",
    "TradeCenterID": 2,
    "ChangePrice": 0,
    "VonHoa": 95.94,
    "ChangeVolume": 100,
    "EPS": 2.89626283922597,
    "PE": 8.49370425460914,
    "Beta": 0,
    "Price": 24.6,
    "UpdatedDate": "/Date(1686037643765)/",
    "FullName": "Công ty cổ phần Tin học Viễn thông Petrolimex",
    "ParentCategoryId": 347,
    "Cập nhật": "11:51 Thứ 4, 07/06/2023",
    "Mã công ty": "PIA",
    "Tên công ty": "Công ty cổ phần Tin học Viễn thông Petrolimex (HNX)",
    "Giá điểm": "26.9",
    "Thay đổi": "N/A",
    "Khối lượng": "0.0",
    "Giá tham chiếu": "26.9",
    "Giá trần": "29.5",
    "Giá sàn": "24.3",
    "Giá mở cửa": "N/A",
    "Giá cao nhất": "N/A",
    "Giá thấp nhất": "N/A",
    "Giao dịch NĐTNN": "Giao dịch NĐTNN",
    "KLGD ròng": "26.9",
    "GT Mua": "0 (Tỷ)",
    "GT Bán": "0 (Tỷ)",
    "Room còn lại": "N/A",
    "(*)   EPS cơ bản (nghìn đồng):": "3.09",
    "EPS pha loãng (nghìn đồng):": "3.09",
    "P/E :": "8.70",
    "Giá trị sổ sách /cp (nghìn đồng):": "15.18",
    "(**) Hệ số beta:": "n/a",
    "KLGD khớp lệnh trung bình 10 phiên:": "287",
    "KLCP đang niêm yết:": "3,900,000",
    "KLCP đang lưu hành:": "3,900,000",
    "Vốn hóa thị trường (tỷ đồng):": "104.91",
    "Doanh thu": "195.08 tỷ",
    "Lợi nhuận trước thuế": "21.5 tỷ",
    "Lợi nhuận sau thuế": "N/A",
    "Cổ tức bằng tiền mặt": "10 %",
    "Cổ tức bằng cổ phiếu": "N/A",
    "Dự kiến tăng vốn lên": "N/A",
    "Giới thiệu công ty": "CTCP Tin học Viễn thôngPETROLIMEX (PIACOM) là đơn vị thành viên của Tập đoànXăng dầu Việt Nam (PETROLIMEX), ra đời trên cơ sở cổ phần hoá Trung tâm Tin họcvà Tự động hoá PETROLIMEX, có lịch sử hoạt động từ năm 1996. Ngày 08/05/2003, tại công văn số 589/CT-DMDN Thủ tướng Chính phủ cho phép Tổng Công ty Xăng dầu Việt Nam góp 51% vốn Điều lệ để thành lập Công ty Cổ phần Tin học Viễn Thông PETROLIMEX với vai trò cổ đông chi phối.Đại hội cổ đông thành lập Công ty ngày 19/08/2003, chính thức ra đời Công ty CP Tin học Viễn thông PETROLIMEX ngày nay."
}