{
    "Url": "http://s.cafef.vn/hastc/PIC-cong-ty-co-phan-dau-tu-dien-luc-3.chn",
    "CenterName": "HNX",
    "Symbol": "PIC",
    "TradeCenterID": 2,
    "ChangePrice": -3.3333333333333335,
    "VonHoa": 483.4284195,
    "ChangeVolume": -81.48148148148148,
    "EPS": 1.35451639973249,
    "PE": 10.7049276057962,
    "Beta": 0,
    "Price": 14.5,
    "UpdatedDate": "/Date(1686037643765)/",
    "FullName": "Công ty cổ phần Đầu tư Điện lực 3",
    "ParentCategoryId": 340,
    "Cập nhật": "11:51 Thứ 4, 07/06/2023",
    "Mã công ty": "PIC",
    "Tên công ty": "Công ty cổ phần Đầu tư Điện lực 3 (HNX)",
    "Giá điểm": "14.9",
    "Thay đổi": "N/A",
    "Khối lượng": "2",
    "Giá tham chiếu": "14.9",
    "Giá trần": "16.3",
    "Giá sàn": "13.5",
    "Giá mở cửa": "N/A",
    "Giá cao nhất": "N/A",
    "Giá thấp nhất": "N/A",
    "Giao dịch NĐTNN": "Giao dịch NĐTNN",
    "KLGD ròng": "14.9",
    "GT Mua": "0 (Tỷ)",
    "GT Bán": "0 (Tỷ)",
    "Room còn lại": "N/A",
    "(*)   EPS cơ bản (nghìn đồng):": "1.43",
    "EPS pha loãng (nghìn đồng):": "1.43",
    "P/E :": "10.41",
    "Giá trị sổ sách /cp (nghìn đồng):": "11.05",
    "(**) Hệ số beta:": "n/a",
    "KLGD khớp lệnh trung bình 10 phiên:": "572",
    "KLCP đang niêm yết:": "33,339,891",
    "KLCP đang lưu hành:": "33,339,891",
    "Vốn hóa thị trường (tỷ đồng):": "496.76",
    "Doanh thu": "117.03 tỷ",
    "Lợi nhuận trước thuế": "N/A",
    "Lợi nhuận sau thuế": "24.78 tỷ",
    "Cổ tức bằng tiền mặt": "7 - 8 %",
    "Cổ tức bằng cổ phiếu": "N/A",
    "Dự kiến tăng vốn lên": "N/A",
    "Giới thiệu công ty": "Công ty Cổ phần Đầu tư Điện lực 3 được thành lập ngày 2/12/2007 với sự sáng  lập của 6 cổ đông lớn. Ngày 05/08/2015, PC3-INVEST chính thức giao dịch cổ phiếu tại sàn Upcom. Ngành nghề kinh doanh chính: Đầu tư xây dựng các dự án nguồn điện, sản xuất kinh doanh điện năng chủ yếu trên khu vự Miền Trung và Tây Nguyên."
}