{
    "Url": "http://s.cafef.vn/hastc/PJC-cong-ty-co-phan-thuong-mai-va-van-tai-petrolimex-ha-noi.chn",
    "CenterName": "HNX",
    "Symbol": "PJC",
    "TradeCenterID": 2,
    "ChangePrice": -7.27272727272728,
    "VonHoa": 149.4679644,
    "ChangeVolume": -66.66666666666667,
    "EPS": 3.38088401267064,
    "PE": 6.03392483254271,
    "Beta": -0.336517395495574,
    "Price": 20.4,
    "UpdatedDate": "/Date(1686037643765)/",
    "FullName": "Công ty Cổ phần Thương mại và Vận tải Petrolimex Hà Nội",
    "ParentCategoryId": 340,
    "Cập nhật": "11:51 Thứ 4, 07/06/2023",
    "Mã công ty": "PJC",
    "Tên công ty": "Công ty Cổ phần Thương mại và Vận tải Petrolimex Hà Nội (HNX)",
    "Giá điểm": "20.4",
    "Thay đổi": "N/A",
    "Khối lượng": "0.0",
    "Giá tham chiếu": "20.4",
    "Giá trần": "22.4",
    "Giá sàn": "18.4",
    "Giá mở cửa": "N/A",
    "Giá cao nhất": "N/A",
    "Giá thấp nhất": "N/A",
    "Giao dịch NĐTNN": "Giao dịch NĐTNN",
    "KLGD ròng": "20.4",
    "GT Mua": "0 (Tỷ)",
    "GT Bán": "0 (Tỷ)",
    "Room còn lại": "N/A",
    "(*)   EPS cơ bản (nghìn đồng):": "3.60",
    "EPS pha loãng (nghìn đồng):": "3.60",
    "P/E :": "5.67",
    "Giá trị sổ sách /cp (nghìn đồng):": "17.29",
    "(**) Hệ số beta:": "-0.34",
    "KLGD khớp lệnh trung bình 10 phiên:": "644",
    "KLCP đang niêm yết:": "7,326,928",
    "KLCP đang lưu hành:": "7,326,861",
    "Vốn hóa thị trường (tỷ đồng):": "149.47",
    "Doanh thu": "1,137 tỷ",
    "Lợi nhuận trước thuế": "25 tỷ",
    "Lợi nhuận sau thuế": "20.48 tỷ",
    "Cổ tức bằng tiền mặt": "15 %",
    "Cổ tức bằng cổ phiếu": "N/A",
    "Dự kiến tăng vốn lên": "N/A",
    "Giới thiệu công ty": "Công ty cổ phần thương mại và vận tải Petrolimex Hà Nội (Petajico Hà Nội) tiền thân là Xí nghiệp vận tải xăng dầu, trực thuộc Công ty xăng dầu khu vực I, thuộc Tổng công ty xăng dầu Việt Nam, được Tổng công ty xăng dầu Việt Nam chọn làm một trong năm đơn vị cổ phần hóa đầu tiên của Tổng công ty xăng dầu Việt Nam và chính thức đi vào hoạt động từ ngày 01/7/1999 theo Quyết định số 0722/1999/QĐ-BTM ngày 8/6/1999 của Bộ Thương Mại."
}