{
    "Url": "http://s.cafef.vn/hastc/PMB-cong-ty-co-phan-phan-bon-va-hoa-chat-dau-khi-mien-bac.chn",
    "CenterName": "HNX",
    "Symbol": "PMB",
    "TradeCenterID": 2,
    "ChangePrice": 3.809523809523813,
    "VonHoa": 130.8,
    "ChangeVolume": 24.591503267973856,
    "EPS": 0.8822477552292,
    "PE": 12.3548061589211,
    "Beta": 0,
    "Price": 10.9,
    "UpdatedDate": "/Date(1686037643765)/",
    "FullName": "Công ty cổ phần Phân bón và Hóa chất Dầu khí Miền Bắc",
    "ParentCategoryId": 338,
    "Cập nhật": "11:51 Thứ 4, 07/06/2023",
    "Mã công ty": "PMB",
    "Tên công ty": "Công ty cổ phần Phân bón và Hóa chất Dầu khí Miền Bắc (HNX)",
    "Giá điểm": "11.3",
    "Thay đổi": "0.2 (1.8%)",
    "Khối lượng": "10,001",
    "Giá tham chiếu": "11.1",
    "Giá trần": "12.2",
    "Giá sàn": "10",
    "Giá mở cửa": "11.4",
    "Giá cao nhất": "11.4",
    "Giá thấp nhất": "N/A",
    "Giao dịch NĐTNN": "Giao dịch NĐTNN",
    "KLGD ròng": "11.4",
    "GT Mua": "0 (Tỷ)",
    "GT Bán": "0 (Tỷ)",
    "Room còn lại": "N/A",
    "(*)   EPS cơ bản (nghìn đồng):": "0.99",
    "EPS pha loãng (nghìn đồng):": "0.99",
    "P/E :": "11.45",
    "Giá trị sổ sách /cp (nghìn đồng):": "13.50",
    "(**) Hệ số beta:": "n/a",
    "KLGD khớp lệnh trung bình 10 phiên:": "14,360",
    "KLCP đang niêm yết:": "12,000,000",
    "KLCP đang lưu hành:": "12,000,000",
    "Vốn hóa thị trường (tỷ đồng):": "133.20",
    "Doanh thu": "3,214.58 tỷ",
    "Lợi nhuận trước thuế": "18.4 tỷ",
    "Lợi nhuận sau thuế": "14.72 tỷ",
    "Cổ tức bằng tiền mặt": "N/A",
    "Cổ tức bằng cổ phiếu": "N/A",
    "Dự kiến tăng vốn lên": "N/A",
    "Giới thiệu công ty": "Tổng Công ty Phân bón và Hóa chất Dầu khí (tiền thân là Công ty Phân đạm và Hóa chất Dầu khí) là đơn vị thành viên của Tập đoàn Dầu khí Việt Nam, được thành lập theo Quyết định số 02/2003/QĐ-VPCP ngày 28/03/2003 của Bộ trưởng – Chủ nhiệm Văn phòng Chính phủ, bắt đầu đi vào hoạt động từ ngày 19/01/2004. Từ ngày  31/8/2007, Công ty Phân đạm và Hóa chất Dầu khí chính thức chuyển đổi trở thành Công ty Cổ phần Phân đạm và Hóa chất Dầu khí và vận hành theo mô hình công ty cổ phần"
}