{
    "Url": "http://s.cafef.vn/hastc/PMC-cong-ty-co-phan-duoc-pham-duoc-lieu-pharmedic.chn",
    "CenterName": "HNX",
    "Symbol": "PMC",
    "TradeCenterID": 2,
    "ChangePrice": 1.4492753623188406,
    "VonHoa": 653.28011,
    "ChangeVolume": -100,
    "EPS": 8.40310207453478,
    "PE": 8.33025701450561,
    "Beta": -0.00937691700990272,
    "Price": 70,
    "UpdatedDate": "/Date(1686037643765)/",
    "FullName": "Công ty Cổ phần Dược phẩm Dược liệu Pharmedic",
    "ParentCategoryId": 342,
    "Cập nhật": "11:51 Thứ 4, 07/06/2023",
    "Mã công ty": "PMC",
    "Tên công ty": "Công ty Cổ phần Dược phẩm Dược liệu Pharmedic (HNX)",
    "Giá điểm": "68.7",
    "Thay đổi": "N/A",
    "Khối lượng": "0.0",
    "Giá tham chiếu": "68.7",
    "Giá trần": "75.5",
    "Giá sàn": "61.9",
    "Giá mở cửa": "N/A",
    "Giá cao nhất": "N/A",
    "Giá thấp nhất": "N/A",
    "Giao dịch NĐTNN": "Giao dịch NĐTNN",
    "KLGD ròng": "68.7",
    "GT Mua": "0 (Tỷ)",
    "GT Bán": "0 (Tỷ)",
    "Room còn lại": "N/A",
    "(*)   EPS cơ bản (nghìn đồng):": "8.58",
    "EPS pha loãng (nghìn đồng):": "8.58",
    "P/E :": "8.00",
    "Giá trị sổ sách /cp (nghìn đồng):": "43.97",
    "(**) Hệ số beta:": "-0.01",
    "KLGD khớp lệnh trung bình 10 phiên:": "983",
    "KLCP đang niêm yết:": "9,332,573",
    "KLCP đang lưu hành:": "9,332,573",
    "Vốn hóa thị trường (tỷ đồng):": "641.15",
    "Doanh thu": "486.3 tỷ",
    "Lợi nhuận trước thuế": "96 tỷ",
    "Lợi nhuận sau thuế": "76.8 tỷ",
    "Cổ tức bằng tiền mặt": "24 %",
    "Cổ tức bằng cổ phiếu": "N/A",
    "Dự kiến tăng vốn lên": "N/A",
    "Giới thiệu công ty": "Công Ty Cổ Phần Dược Phẩm Dược Liệu PHARMEDIC tiền thân là Công Ty Xuất Nhập Khẩu Trực Dụng Y Tế PHARIMEX được thành lập ngày 30/06/1981. Ngành nghề kinh doanh: sản xuất kinh doanh dược phẩm. dược liệu, mỹ phẩm, vật tư y tế và các sản phẩm khác thuộc ngành y tế; gia công chế biến 1 số nguyên phụ liệu; sản xuất mua bán 1 số hóa chất (trừ hóa chất độc hại)..."
}