{
    "Url": "http://s.cafef.vn/hastc/PMP-cong-ty-co-phan-bao-bi-dam-phu-my.chn",
    "CenterName": "HNX",
    "Symbol": "PMP",
    "TradeCenterID": 2,
    "ChangePrice": 6.557377049180333,
    "VonHoa": 54.6,
    "ChangeVolume": 354.0816326530612,
    "EPS": 1.677039444192,
    "PE": 7.75175565787805,
    "Beta": 0,
    "Price": 13,
    "UpdatedDate": "/Date(1686037643765)/",
    "FullName": "Công ty cổ phần Bao bì Đạm Phú Mỹ",
    "ParentCategoryId": 344,
    "Cập nhật": "11:51 Thứ 4, 07/06/2023",
    "Mã công ty": "PMP",
    "Tên công ty": "Công ty cổ phần Bao bì Đạm Phú Mỹ (HNX)",
    "Giá điểm": "13",
    "Thay đổi": "N/A",
    "Khối lượng": "200",
    "Giá tham chiếu": "13",
    "Giá trần": "14.3",
    "Giá sàn": "11.7",
    "Giá mở cửa": "N/A",
    "Giá cao nhất": "N/A",
    "Giá thấp nhất": "N/A",
    "Giao dịch NĐTNN": "Giao dịch NĐTNN",
    "KLGD ròng": "13",
    "GT Mua": "0 (Tỷ)",
    "GT Bán": "0 (Tỷ)",
    "Room còn lại": "N/A",
    "(*)   EPS cơ bản (nghìn đồng):": "1.78",
    "EPS pha loãng (nghìn đồng):": "1.78",
    "P/E :": "7.29",
    "Giá trị sổ sách /cp (nghìn đồng):": "15.61",
    "(**) Hệ số beta:": "n/a",
    "KLGD khớp lệnh trung bình 10 phiên:": "1,270",
    "KLCP đang niêm yết:": "4,200,000",
    "KLCP đang lưu hành:": "4,200,000",
    "Vốn hóa thị trường (tỷ đồng):": "54.60",
    "Doanh thu": "381.57 tỷ",
    "Lợi nhuận trước thuế": "7.94 tỷ",
    "Lợi nhuận sau thuế": "6.35 tỷ",
    "Cổ tức bằng tiền mặt": "10 %",
    "Cổ tức bằng cổ phiếu": "N/A",
    "Dự kiến tăng vốn lên": "N/A",
    "Giới thiệu công ty": "Công ty Cổ phần Bao bì Đạm Phú Mỹ tiền thân là Nhà máy Sản xuất bao bì Hương Phong thuộc Công ty TNHH Hương Phong. Ngày 17/04/2008, Đại hội đồng cổ đông thành lập Công ty cổ phần Bao bì Đạm Phú Mỹ. Ngày 22/09/2015, cổ phiếu PMP chính thức niêm yết trên sàn HNX. Ngành nghề kinh doanh: sản xuất các sản phẩm bao bì; kinh doanh vật liệu xây dựng, hàng điện tử; mua bán vật tư, thiết bị ngành công nghiệp; cho thuê kho bãi..."
}