{
    "Url": "http://s.cafef.vn/hastc/PMS-cong-ty-co-phan-co-khi-xang-dau.chn",
    "CenterName": "HNX",
    "Symbol": "PMS",
    "TradeCenterID": 2,
    "ChangePrice": 7.722007722007722,
    "VonHoa": 200.9294388,
    "ChangeVolume": -0.2656924609764198,
    "EPS": 3.50432271379834,
    "PE": 7.96159551463203,
    "Beta": 1.00977312390925,
    "Price": 27.9,
    "UpdatedDate": "/Date(1686037643765)/",
    "FullName": "Công ty Cổ phần Cơ khí Xăng dầu",
    "ParentCategoryId": 343,
    "Cập nhật": "11:51 Thứ 4, 07/06/2023",
    "Mã công ty": "PMS",
    "Tên công ty": "Công ty Cổ phần Cơ khí Xăng dầu (HNX)",
    "Giá điểm": "28",
    "Thay đổi": "0.1 (0.36%)",
    "Khối lượng": "200",
    "Giá tham chiếu": "27.9",
    "Giá trần": "30.6",
    "Giá sàn": "25.2",
    "Giá mở cửa": "28",
    "Giá cao nhất": "N/A",
    "Giá thấp nhất": "27.8",
    "Giao dịch NĐTNN": "Giao dịch NĐTNN",
    "KLGD ròng": "28",
    "GT Mua": "0 (Tỷ)",
    "GT Bán": "0 (Tỷ)",
    "Room còn lại": "N/A",
    "(*)   EPS cơ bản (nghìn đồng):": "3.90",
    "EPS pha loãng (nghìn đồng):": "3.88",
    "P/E :": "7.19",
    "Giá trị sổ sách /cp (nghìn đồng):": "22.22",
    "(**) Hệ số beta:": "1.01",
    "KLGD khớp lệnh trung bình 10 phiên:": "1,767",
    "KLCP đang niêm yết:": "7,227,662",
    "KLCP đang lưu hành:": "7,201,772",
    "Vốn hóa thị trường (tỷ đồng):": "200.93",
    "Doanh thu": "1,062 tỷ",
    "Lợi nhuận trước thuế": "22 tỷ",
    "Lợi nhuận sau thuế": "N/A",
    "Cổ tức bằng tiền mặt": "12 %",
    "Cổ tức bằng cổ phiếu": "N/A",
    "Dự kiến tăng vốn lên": "N/A",
    "Giới thiệu công ty": "Tiền thân của Công ty CP Cơ khí Xăng Dầu là Xưởng Cơ Khí Thống Nhất 5, thuộc Bộ Vật Tư, được thành lập ngày 22/10/1975, trên cơ sở quốc hữu hóa 2 Công ty Bình Lợi và Công ty Khai Thác Kỹ Nghệ SEMI (Pháp).Tính đến thời điểm hiện tại, Công ty đã và đang phát triển với nhiều loại hình kinh doanh đa dạng."
}