{
    "Url": "http://s.cafef.vn/hastc/POT-cong-ty-co-phan-thiet-bi-buu-dien.chn",
    "CenterName": "HNX",
    "Symbol": "POT",
    "TradeCenterID": 2,
    "ChangePrice": 2.030456852791889,
    "VonHoa": 390.5431206,
    "ChangeVolume": 26.672735548475192,
    "EPS": 0.764052490205206,
    "PE": 26.3070931090109,
    "Beta": 0.0466216808342827,
    "Price": 20.1,
    "UpdatedDate": "/Date(1686037643765)/",
    "FullName": "Công ty Cổ phần Thiết bị Bưu điện",
    "ParentCategoryId": 347,
    "Cập nhật": "11:51 Thứ 4, 07/06/2023",
    "Mã công ty": "POT",
    "Tên công ty": "Công ty Cổ phần Thiết bị Bưu điện (HNX)",
    "Giá điểm": "19.9",
    "Thay đổi": "N/A",
    "Khối lượng": "2,900",
    "Giá tham chiếu": "18.1",
    "Giá trần": "19.9",
    "Giá sàn": "16.3",
    "Giá mở cửa": "19.8",
    "Giá cao nhất": "19.8",
    "Giá thấp nhất": "N/A",
    "Giao dịch NĐTNN": "Giao dịch NĐTNN",
    "KLGD ròng": "19.9",
    "GT Mua": "0 (Tỷ)",
    "GT Bán": "0 (Tỷ)",
    "Room còn lại": "N/A",
    "(*)   EPS cơ bản (nghìn đồng):": "0.78",
    "EPS pha loãng (nghìn đồng):": "0.78",
    "P/E :": "25.56",
    "Giá trị sổ sách /cp (nghìn đồng):": "16.51",
    "(**) Hệ số beta:": "0.05",
    "KLGD khớp lệnh trung bình 10 phiên:": "4,350",
    "KLCP đang niêm yết:": "19,430,006",
    "KLCP đang lưu hành:": "19,430,006",
    "Vốn hóa thị trường (tỷ đồng):": "351.68",
    "Doanh thu": "1,599 tỷ",
    "Lợi nhuận trước thuế": "N/A",
    "Lợi nhuận sau thuế": "16.5 tỷ",
    "Cổ tức bằng tiền mặt": "6.5 %",
    "Cổ tức bằng cổ phiếu": "N/A",
    "Dự kiến tăng vốn lên": "N/A",
    "Giới thiệu công ty": "POSTEF® có một vị thế và tiềm lực vững chắc trong thị trường thiết bị bưu chính viễn thông. Đầu tư thiết bị, đổi mới công nghệ, phát triển nguồn nhân lực, nâng cao năng lực và chất lượng các sản phẩm và dịch vụ đã giúp POSTEF® khẳng định niềm tin của mình đối với khách hàng trong và ngoài nước."
}