{
    "Url": "http://s.cafef.vn/hastc/PPE-cong-ty-co-phan-tu-van-dau-tu-pp-enterprise.chn",
    "CenterName": "HNX",
    "Symbol": "PPE",
    "TradeCenterID": 2,
    "ChangePrice": 0,
    "VonHoa": 22.6,
    "ChangeVolume": 0,
    "EPS": 0.931871018,
    "PE": 12.126141688849,
    "Beta": -0.424680184492211,
    "Price": 8.1,
    "UpdatedDate": "/Date(1686037643765)/",
    "FullName": "Công ty cổ phần Tư vấn Đầu tư PP Enterprise",
    "ParentCategoryId": 345,
    "Cập nhật": "11:51 Thứ 4, 07/06/2023",
    "Mã công ty": "PPE",
    "Tên công ty": "Công ty cổ phần Tư vấn Đầu tư PP Enterprise (HNX)",
    "Giá điểm": "8.1",
    "Thay đổi": "N/A",
    "Khối lượng": "0.0",
    "Giá tham chiếu": "8.1",
    "Giá trần": "8.9",
    "Giá sàn": "7.3",
    "Giá mở cửa": "N/A",
    "Giá cao nhất": "N/A",
    "Giá thấp nhất": "N/A",
    "Giao dịch NĐTNN": "Giao dịch NĐTNN",
    "KLGD ròng": "8.1",
    "GT Mua": "0 (Tỷ)",
    "GT Bán": "0 (Tỷ)",
    "Room còn lại": "N/A",
    "(*)   EPS cơ bản (nghìn đồng):": "0.93",
    "EPS pha loãng (nghìn đồng):": "0.93",
    "P/E :": "8.69",
    "Giá trị sổ sách /cp (nghìn đồng):": "5.07",
    "(**) Hệ số beta:": "-0.42",
    "KLGD khớp lệnh trung bình 10 phiên:": "740",
    "KLCP đang niêm yết:": "2,000,000",
    "KLCP đang lưu hành:": "2,000,000",
    "Vốn hóa thị trường (tỷ đồng):": "22.60",
    "Doanh thu": "125 tỷ",
    "Lợi nhuận trước thuế": "13.75 tỷ",
    "Lợi nhuận sau thuế": "12 tỷ",
    "Cổ tức bằng tiền mặt": "N/A",
    "Cổ tức bằng cổ phiếu": "N/A",
    "Dự kiến tăng vốn lên": "N/A",
    "Giới thiệu công ty": "PV Power Engineering được thành lập tháng 10 năm 2007 với các cổ đông sáng lập bao gồm:Tổng công ty Điện lực Dầu khí Việt Nam; Công ty CP Tư vấn Xây dựng Điện 2;Công ty CP Đầu tư và Quản lý nguồn điện Việt Nam.PV Power Engineering định hướng trở thành công ty Tư vấn thiết kế chuyên ngành trong lĩnh vực tư vấn thiết kế thủy điện, nhiệt điện, phong điện năng động và hiệu quả nhất đối với Chủ đầu tư."
}