{
    "Url": "http://s.cafef.vn/hastc/PPP-cong-ty-co-phan-duoc-pham-phong-phu.chn",
    "CenterName": "HNX",
    "Symbol": "PPP",
    "TradeCenterID": 2,
    "ChangePrice": 0,
    "VonHoa": 123.199874,
    "ChangeVolume": 272.8813559322034,
    "EPS": 2.07219005919802,
    "PE": 6.75613703379038,
    "Beta": 0.0140981584280553,
    "Price": 14,
    "UpdatedDate": "/Date(1686037643765)/",
    "FullName": "Công ty Cổ phần Dược phẩm Phong Phú",
    "ParentCategoryId": 342,
    "Cập nhật": "11:51 Thứ 4, 07/06/2023",
    "Mã công ty": "PPP",
    "Tên công ty": "Công ty Cổ phần Dược phẩm Phong Phú (HNX)",
    "Giá điểm": "13",
    "Thay đổi": "-1 (-7.14%)",
    "Khối lượng": "100",
    "Giá tham chiếu": "14",
    "Giá trần": "15.4",
    "Giá sàn": "12.6",
    "Giá mở cửa": "N/A",
    "Giá cao nhất": "N/A",
    "Giá thấp nhất": "13",
    "Giao dịch NĐTNN": "Giao dịch NĐTNN",
    "KLGD ròng": "13",
    "GT Mua": "0 (Tỷ)",
    "GT Bán": "0 (Tỷ)",
    "Room còn lại": "N/A",
    "(*)   EPS cơ bản (nghìn đồng):": "2.13",
    "EPS pha loãng (nghìn đồng):": "2.13",
    "P/E :": "6.10",
    "Giá trị sổ sách /cp (nghìn đồng):": "13.73",
    "(**) Hệ số beta:": "0.01",
    "KLGD khớp lệnh trung bình 10 phiên:": "1,730",
    "KLCP đang niêm yết:": "8,799,991",
    "KLCP đang lưu hành:": "8,799,991",
    "Vốn hóa thị trường (tỷ đồng):": "123.20",
    "Doanh thu": "157.5 tỷ",
    "Lợi nhuận trước thuế": "N/A",
    "Lợi nhuận sau thuế": "13.5 tỷ",
    "Cổ tức bằng tiền mặt": "12 %",
    "Cổ tức bằng cổ phiếu": "N/A",
    "Dự kiến tăng vốn lên": "N/A",
    "Giới thiệu công ty": "Công ty cổ phần dược phẩm Phong Phú được thành lập ngày 20/08/2000 theo quyết định của Ủy ban nhân dân Thành phố Hồ Chí Minh. Ngày 18/07/2011, cổ phiếu của Công ty được niêm yết trên Sở giao dịch chứng khoán HN với mã PPP. Ngành nghề kinh doanh: sản xuất, kinh doanh thuốc và thực phẩm chức năng."
}