{
    "Url": "http://s.cafef.vn/hastc/PPS-cong-ty-co-phan-dich-vu-ky-thuat-dien-luc-dau-khi-viet-nam.chn",
    "CenterName": "HNX",
    "Symbol": "PPS",
    "TradeCenterID": 2,
    "ChangePrice": 4.032258064516129,
    "VonHoa": 193.5,
    "ChangeVolume": -100,
    "EPS": 1.12615971869291,
    "PE": 11.454858299294,
    "Beta": 0.688283235474542,
    "Price": 12.9,
    "UpdatedDate": "/Date(1686037643765)/",
    "FullName": "Công ty Cổ phần Dịch vụ Kỹ thuật Điện lực Dầu khí Việt Nam",
    "ParentCategoryId": 343,
    "Cập nhật": "11:51 Thứ 4, 07/06/2023",
    "Mã công ty": "PPS",
    "Tên công ty": "Công ty Cổ phần Dịch vụ Kỹ thuật Điện lực Dầu khí Việt Nam (HNX)",
    "Giá điểm": "12.9",
    "Thay đổi": "N/A",
    "Khối lượng": "2,400",
    "Giá tham chiếu": "12.9",
    "Giá trần": "14.1",
    "Giá sàn": "11.7",
    "Giá mở cửa": "N/A",
    "Giá cao nhất": "N/A",
    "Giá thấp nhất": "12.8",
    "Giao dịch NĐTNN": "Giao dịch NĐTNN",
    "KLGD ròng": "12.9",
    "GT Mua": "0.02 (Tỷ)",
    "GT Bán": "0 (Tỷ)",
    "Room còn lại": "N/A",
    "(*)   EPS cơ bản (nghìn đồng):": "1.21",
    "EPS pha loãng (nghìn đồng):": "1.21",
    "P/E :": "10.62",
    "Giá trị sổ sách /cp (nghìn đồng):": "11.88",
    "(**) Hệ số beta:": "0.69",
    "KLGD khớp lệnh trung bình 10 phiên:": "3,640",
    "KLCP đang niêm yết:": "15,000,000",
    "KLCP đang lưu hành:": "15,000,000",
    "Vốn hóa thị trường (tỷ đồng):": "193.50",
    "Doanh thu": "270.91 tỷ",
    "Lợi nhuận trước thuế": "20.78 tỷ",
    "Lợi nhuận sau thuế": "N/A",
    "Cổ tức bằng tiền mặt": "8.9 %",
    "Cổ tức bằng cổ phiếu": "N/A",
    "Dự kiến tăng vốn lên": "N/A",
    "Giới thiệu công ty": "Ngày 27/11/2007: Công ty Cổ phần Dịch vụ Kỹ thuật Điện lực Dầu khí Việt Nam (PVPS) được thành lập theo định hướng của Tập đoàn Dầu khí quốc gia Việt Nam (PVN) và Tổng công ty Điện lực dầu khí Việt Nam (PV POWER). Ngành nghề kinh doanh chính của Công ty: lắp đặt hệ thống điện, lắp đặt máy móc và thiết bị công nghiệp, hoạt động tư vấn kỹ thuật điện, kiểm tra và phân tích kỹ thuật điện..."
}