{
    "Url": "http://s.cafef.vn/hastc/PRC-cong-ty-co-phan-logistics-portserco.chn",
    "CenterName": "HNX",
    "Symbol": "PRC",
    "TradeCenterID": 2,
    "ChangePrice": -2.380952380952381,
    "VonHoa": 24.6,
    "ChangeVolume": -54.81706342866273,
    "EPS": 20.5939208244852,
    "PE": 0.995439390814129,
    "Beta": -0.0419770396985365,
    "Price": 20.5,
    "UpdatedDate": "/Date(1686037643765)/",
    "FullName": "Công ty Cổ phần Logistics Portserco",
    "ParentCategoryId": 343,
    "Cập nhật": "11:52 Thứ 4, 07/06/2023",
    "Mã công ty": "PRC",
    "Tên công ty": "Công ty Cổ phần Logistics Portserco (HNX)",
    "Giá điểm": "20.6",
    "Thay đổi": "0.1 (0.49%)",
    "Khối lượng": "2,713",
    "Giá tham chiếu": "20.5",
    "Giá trần": "22.5",
    "Giá sàn": "18.5",
    "Giá mở cửa": "20.6",
    "Giá cao nhất": "N/A",
    "Giá thấp nhất": "N/A",
    "Giao dịch NĐTNN": "Giao dịch NĐTNN",
    "KLGD ròng": "20.6",
    "GT Mua": "0 (Tỷ)",
    "GT Bán": "0 (Tỷ)",
    "Room còn lại": "N/A",
    "(*)   EPS cơ bản (nghìn đồng):": "42.66",
    "EPS pha loãng (nghìn đồng):": "42.66",
    "P/E :": "0.48",
    "Giá trị sổ sách /cp (nghìn đồng):": "22.94",
    "(**) Hệ số beta:": "-0.04",
    "KLGD khớp lệnh trung bình 10 phiên:": "6,022",
    "KLCP đang niêm yết:": "1,200,000",
    "KLCP đang lưu hành:": "1,200,000",
    "Vốn hóa thị trường (tỷ đồng):": "24.60",
    "Doanh thu": "105 tỷ",
    "Lợi nhuận trước thuế": "0.35 tỷ",
    "Lợi nhuận sau thuế": "N/A",
    "Cổ tức bằng tiền mặt": "N/A",
    "Cổ tức bằng cổ phiếu": "N/A",
    "Dự kiến tăng vốn lên": "N/A",
    "Giới thiệu công ty": "Công ty Cổ phần Portserco nguyên trước đây là là Xí nghiệp Dịch vụ Tổng hợp và Xí nghiệp Sửa chữa cơ khí thuộc Cảng Đà nẵng. Xí nghiệp được thành lập chính thức ngày 15/6/1993 với ngành nghề kinh doanh chính là kinh doanh vận tải đa phương thức và kinh doanh thương mại. Qua hơn 20 năm hình thành và phát triển, công ty luôn chứng tỏ thách thức của nền kinh tế, từng bước nâng cao trình độ quản lý tổng hợp nhạy bén trong hoạt động kinh doanh."
}