{
    "Url": "http://s.cafef.vn/hastc/PRE-tong-cong-ty-co-phan-tai-bao-hiem-ha-noi.chn",
    "CenterName": "HNX",
    "Symbol": "PRE",
    "TradeCenterID": 2,
    "ChangePrice": -2.1621621621621547,
    "VonHoa": 0,
    "ChangeVolume": -83.73983739837398,
    "EPS": 0,
    "PE": 0,
    "Beta": 0,
    "Price": 18.1,
    "UpdatedDate": "/Date(1686037643765)/",
    "FullName": "Tổng Công ty Cổ phần Tái bảo hiểm Hà Nội",
    "ParentCategoryId": 341,
    "Cập nhật": "11:51 Thứ 4, 07/06/2023",
    "Mã công ty": "PRE",
    "Tên công ty": "Tổng Công ty Cổ phần Tái bảo hiểm Hà Nội (HNX)",
    "Giá điểm": "17",
    "Thay đổi": "-0.3 (-1.73%)",
    "Khối lượng": "1,212",
    "Giá tham chiếu": "17.3",
    "Giá trần": "19",
    "Giá sàn": "15.6",
    "Giá mở cửa": "N/A",
    "Giá cao nhất": "N/A",
    "Giá thấp nhất": "17",
    "Giao dịch NĐTNN": "Giao dịch NĐTNN",
    "KLGD ròng": "17",
    "GT Mua": "0.01 (Tỷ)",
    "GT Bán": "0.01 (Tỷ)",
    "Room còn lại": "N/A",
    "(*)   EPS cơ bản (nghìn đồng):": "n/a",
    "EPS pha loãng (nghìn đồng):": "n/a",
    "P/E :": "∞",
    "Giá trị sổ sách /cp (nghìn đồng):": "n/a",
    "(**) Hệ số beta:": "n/a",
    "KLGD khớp lệnh trung bình 10 phiên:": "2,640",
    "KLCP đang niêm yết:": "n/a",
    "KLCP đang lưu hành:": "n/a",
    "Vốn hóa thị trường (tỷ đồng):": "n/a",
    "Doanh thu": "2,665.2 tỷ",
    "Lợi nhuận trước thuế": "223.3 tỷ",
    "Lợi nhuận sau thuế": "178.7 tỷ",
    "Cổ tức bằng tiền mặt": "16 %",
    "Cổ tức bằng cổ phiếu": "N/A",
    "Dự kiến tăng vốn lên": "N/A",
    "Giới thiệu công ty": "Tổng Công ty Cổ phần Tái bảo hiểm PVI hướng tới mở rộng, chiếm lĩnh và tối đa hóa hiệu quả khai thác dịch vụ tái bảo hiểm trong nước; nâng cao năng lực khai thác dịch vụ tái bảo hiểm nước ngoài; đa dạng hóa các dịch vụ tư vấn, giám định rủi ro, xây dựng PVIRe trở thành công ty tái bảo hiểm dẫn đầu thị trường trong nước và là thương hiệu uy tín trong khu vực, đem lại các dịch vụ tốt nhất cho các đối tác, khách hàng và lợi ích cao nhất cho các cổ đông."
}