{
    "Url": "http://s.cafef.vn/hastc/PSD-cong-ty-co-phan-dich-vu-phan-phoi-tong-hop-dau-khi.chn",
    "CenterName": "HNX",
    "Symbol": "PSD",
    "TradeCenterID": 2,
    "ChangePrice": 4.137931034482756,
    "VonHoa": 602.2998759,
    "ChangeVolume": 66.42747349269088,
    "EPS": 2.28028325108026,
    "PE": 6.62198434902617,
    "Beta": 0.354833024936118,
    "Price": 15.1,
    "UpdatedDate": "/Date(1686037643765)/",
    "FullName": "Công ty cổ phần Dịch vụ Phân phối Tổng hợp Dầu khí",
    "ParentCategoryId": 346,
    "Cập nhật": "11:52 Thứ 4, 07/06/2023",
    "Mã công ty": "PSD",
    "Tên công ty": "Công ty cổ phần Dịch vụ Phân phối Tổng hợp Dầu khí (HNX)",
    "Giá điểm": "15.1",
    "Thay đổi": "-0.2 (-1.31%)",
    "Khối lượng": "46,400",
    "Giá tham chiếu": "15.3",
    "Giá trần": "16.8",
    "Giá sàn": "13.8",
    "Giá mở cửa": "15.4",
    "Giá cao nhất": "N/A",
    "Giá thấp nhất": "15.1",
    "Giao dịch NĐTNN": "Giao dịch NĐTNN",
    "KLGD ròng": "15.4",
    "GT Mua": "0 (Tỷ)",
    "GT Bán": "0 (Tỷ)",
    "Room còn lại": "N/A",
    "(*)   EPS cơ bản (nghìn đồng):": "2.40",
    "EPS pha loãng (nghìn đồng):": "2.17",
    "P/E :": "6.29",
    "Giá trị sổ sách /cp (nghìn đồng):": "17.36",
    "(**) Hệ số beta:": "0.35",
    "KLGD khớp lệnh trung bình 10 phiên:": "169,427",
    "KLCP đang niêm yết:": "44,140,176",
    "KLCP đang lưu hành:": "39,887,409",
    "Vốn hóa thị trường (tỷ đồng):": "610.28",
    "Doanh thu": "10,500 tỷ",
    "Lợi nhuận trước thuế": "150 tỷ",
    "Lợi nhuận sau thuế": "120 tỷ",
    "Cổ tức bằng tiền mặt": "10 %",
    "Cổ tức bằng cổ phiếu": "N/A",
    "Dự kiến tăng vốn lên": "N/A",
    "Giới thiệu công ty": "Công ty Cổ phần Dịch vụ phân phối tổng hợp Dầu khí (PSD) được thành lập năm 2007, là đơn vị thành viên của Tổng Công ty Cổ phần dịch vụ tổng hợp Dầu khí (Petrosetco). Tổng công ty thuộc Tập đoàn Dầu khí Việt Nam. Sau hơn 9 năm hình thành và phát triển, PSD đã khẳng định vị trí là một trong những nhà phân phối chuyên nghiệp hàng đầu tại Việt Nam, phân phối sản phẩm chính hãng từ các thương hiệu danh tiếng thế giới."
}