{
    "Url": "http://s.cafef.vn/hastc/PSE-cong-ty-co-phan-phan-bon-va-hoa-chat-dau-khi-dong-nam-bo.chn",
    "CenterName": "HNX",
    "Symbol": "PSE",
    "TradeCenterID": 2,
    "ChangePrice": 4.8076923076923075,
    "VonHoa": 136.25,
    "ChangeVolume": 166.81353650327398,
    "EPS": 0.36420235101576,
    "PE": 29.9284174569437,
    "Beta": 0,
    "Price": 10.9,
    "UpdatedDate": "/Date(1686037643765)/",
    "FullName": "Công ty cổ phần Phân bón và Hóa chất Dầu khí Đông Nam Bộ",
    "ParentCategoryId": 338,
    "Cập nhật": "11:52 Thứ 4, 07/06/2023",
    "Mã công ty": "PSE",
    "Tên công ty": "Công ty cổ phần Phân bón và Hóa chất Dầu khí Đông Nam Bộ (HNX)",
    "Giá điểm": "10.8",
    "Thay đổi": "N/A",
    "Khối lượng": "10,515",
    "Giá tham chiếu": "10.8",
    "Giá trần": "11.8",
    "Giá sàn": "9.8",
    "Giá mở cửa": "N/A",
    "Giá cao nhất": "N/A",
    "Giá thấp nhất": "10.7",
    "Giao dịch NĐTNN": "Giao dịch NĐTNN",
    "KLGD ròng": "10.8",
    "GT Mua": "0 (Tỷ)",
    "GT Bán": "0 (Tỷ)",
    "Room còn lại": "N/A",
    "(*)   EPS cơ bản (nghìn đồng):": "0.43",
    "EPS pha loãng (nghìn đồng):": "0.43",
    "P/E :": "25.29",
    "Giá trị sổ sách /cp (nghìn đồng):": "17.06",
    "(**) Hệ số beta:": "n/a",
    "KLGD khớp lệnh trung bình 10 phiên:": "10,392",
    "KLCP đang niêm yết:": "12,500,000",
    "KLCP đang lưu hành:": "12,500,000",
    "Vốn hóa thị trường (tỷ đồng):": "135.00",
    "Doanh thu": "4,363.47 tỷ",
    "Lợi nhuận trước thuế": "30.1 tỷ",
    "Lợi nhuận sau thuế": "24.1 tỷ",
    "Cổ tức bằng tiền mặt": "11 %",
    "Cổ tức bằng cổ phiếu": "N/A",
    "Dự kiến tăng vốn lên": "N/A",
    "Giới thiệu công ty": "Tiền thân của Công ty Cổ phần Phân Bón và Hóa chất Dầu khí Đông Nam Bộ(PVFCCo - SE) là Xí nghiệp Kinh Doanh Phân bón miền Đông Nam Bộ, đơn vị hoạch toán phụ thuộc Tổng Công ty Phân bón và Hóa chất Dầu khí(PVFCCo), được thành lập từ năm 2007. Ngành nghề kinh doanh chính của Công ty: bán buôn, bán lẻ phân bón, hóa chất sử dụng trong công - nông nghiệp (trừ thuốc bảo vệ thực vật)"
}