{
    "Url": "http://s.cafef.vn/hastc/PSW-cong-ty-co-phan-phan-bon-va-hoa-chat-dau-khi-tay-nam-bo.chn",
    "CenterName": "HNX",
    "Symbol": "PSW",
    "TradeCenterID": 2,
    "ChangePrice": 1.2345679012345634,
    "VonHoa": 139.4,
    "ChangeVolume": 4.734839803822707,
    "EPS": -0.0945284961077058,
    "PE": -86.7463287542088,
    "Beta": 0,
    "Price": 8.2,
    "UpdatedDate": "/Date(1686037643765)/",
    "FullName": "Công ty cổ phần Phân bón và Hóa chất Dầu khí Tây Nam Bộ",
    "ParentCategoryId": 338,
    "Cập nhật": "11:52 Thứ 4, 07/06/2023",
    "Mã công ty": "PSW",
    "Tên công ty": "Công ty cổ phần Phân bón và Hóa chất Dầu khí Tây Nam Bộ (HNX)",
    "Giá điểm": "8.2",
    "Thay đổi": "N/A",
    "Khối lượng": "3,900",
    "Giá tham chiếu": "8.2",
    "Giá trần": "9",
    "Giá sàn": "7.4",
    "Giá mở cửa": "8.3",
    "Giá cao nhất": "N/A",
    "Giá thấp nhất": "N/A",
    "Giao dịch NĐTNN": "Giao dịch NĐTNN",
    "KLGD ròng": "8.3",
    "GT Mua": "0 (Tỷ)",
    "GT Bán": "0 (Tỷ)",
    "Room còn lại": "N/A",
    "(*)   EPS cơ bản (nghìn đồng):": "n/a",
    "EPS pha loãng (nghìn đồng):": "n/a",
    "P/E :": "n/a",
    "Giá trị sổ sách /cp (nghìn đồng):": "13.11",
    "(**) Hệ số beta:": "n/a",
    "KLGD khớp lệnh trung bình 10 phiên:": "29,078",
    "KLCP đang niêm yết:": "17,000,000",
    "KLCP đang lưu hành:": "17,000,000",
    "Vốn hóa thị trường (tỷ đồng):": "139.40",
    "Doanh thu": "4,148.08 tỷ",
    "Lợi nhuận trước thuế": "25 tỷ",
    "Lợi nhuận sau thuế": "20 tỷ",
    "Cổ tức bằng tiền mặt": "9 %",
    "Cổ tức bằng cổ phiếu": "N/A",
    "Dự kiến tăng vốn lên": "N/A",
    "Giới thiệu công ty": "Công ty cổ phần Phân bón và Hóa chất Dầu khí Tây Nam Bộ được thành lập ngày 08/07/2004 với khu vực thị trường được giao quản lý gồm 12 tỉnh/thành phố từ Tiền Giang đến Cà Mau với nhiệm vụ cung cấp các sản phẩm phân bón, nông dược ổn định, kịp thời, tin cậy, giá hợp lý kèm theo các giải pháp giúp sử dụng hiệu quả sản phẩm, đồng thời đảm bảo hiệu quả kinh doanh, góp phần phát triển bền vững nông nghiệp ĐBSCL"
}