{
    "Url": "http://s.cafef.vn/hastc/PTD-ctcp-thiet-ke-xay-dung-thuong-mai-phuc-thinh.chn",
    "CenterName": "HNX",
    "Symbol": "PTD",
    "TradeCenterID": 2,
    "ChangePrice": 4.285714285714283,
    "VonHoa": 46.72,
    "ChangeVolume": -100,
    "EPS": 3.51908078892947,
    "PE": 4.14881069111273,
    "Beta": 0.016883891958493,
    "Price": 14.6,
    "UpdatedDate": "/Date(1686037643765)/",
    "FullName": "CTCP Thiết kế - Xây dựng - Thương mại Phúc Thịnh",
    "ParentCategoryId": 345,
    "Cập nhật": "11:52 Thứ 4, 07/06/2023",
    "Mã công ty": "PTD",
    "Tên công ty": "CTCP Thiết kế - Xây dựng - Thương mại Phúc Thịnh (HNX)",
    "Giá điểm": "15.4",
    "Thay đổi": "N/A",
    "Khối lượng": "0.0",
    "Giá tham chiếu": "15.4",
    "Giá trần": "16.9",
    "Giá sàn": "13.9",
    "Giá mở cửa": "N/A",
    "Giá cao nhất": "N/A",
    "Giá thấp nhất": "N/A",
    "Giao dịch NĐTNN": "Giao dịch NĐTNN",
    "KLGD ròng": "15.4",
    "GT Mua": "0 (Tỷ)",
    "GT Bán": "0 (Tỷ)",
    "Room còn lại": "N/A",
    "(*)   EPS cơ bản (nghìn đồng):": "3.77",
    "EPS pha loãng (nghìn đồng):": "3.77",
    "P/E :": "4.08",
    "Giá trị sổ sách /cp (nghìn đồng):": "17.75",
    "(**) Hệ số beta:": "0.02",
    "KLGD khớp lệnh trung bình 10 phiên:": "570",
    "KLCP đang niêm yết:": "3,200,000",
    "KLCP đang lưu hành:": "3,200,000",
    "Vốn hóa thị trường (tỷ đồng):": "49.28",
    "Doanh thu": "500 tỷ",
    "Lợi nhuận trước thuế": "N/A",
    "Lợi nhuận sau thuế": "N/A",
    "Cổ tức bằng tiền mặt": "5 - 10 %",
    "Cổ tức bằng cổ phiếu": "N/A",
    "Dự kiến tăng vốn lên": "N/A",
    "Giới thiệu công ty": "Công ty Cổ phần TK - XD - TM PHÚC THỊNH tiền thân là Công Ty TNHH TK- XD – TM Phúc Thịnh  được thành lập ngày 24 tháng 07 năm 2001. Công ty Cổ phần TK - XD - TM PHÚC THỊNH là nhà thầu chuyên nghiệp Việt Nam hoạt dộng trên các lĩnh vực: tư vấn, thi công, quản lý dự án, kinh doanh bất động sản, cho thuê thiết bị xây dựng, buôn bán vật liệu."
}