{
    "Url": "http://s.cafef.vn/hastc/PTS-cong-ty-co-phan-van-tai-va-dich-vu-petrolimex-hai-phong.chn",
    "CenterName": "HNX",
    "Symbol": "PTS",
    "TradeCenterID": 2,
    "ChangePrice": 0,
    "VonHoa": 56.2368,
    "ChangeVolume": 3.709949409780776,
    "EPS": 1.43742083543364,
    "PE": 7.02647391148539,
    "Beta": -0.175006572605381,
    "Price": 10.1,
    "UpdatedDate": "/Date(1686037643765)/",
    "FullName": "Công ty Cổ phần Vận tải và Dịch vụ Petrolimex Hải Phòng",
    "ParentCategoryId": 340,
    "Cập nhật": "11:52 Thứ 4, 07/06/2023",
    "Mã công ty": "PTS",
    "Tên công ty": "Công ty Cổ phần Vận tải và Dịch vụ Petrolimex Hải Phòng (HNX)",
    "Giá điểm": "10",
    "Thay đổi": "-0.1 (-0.99%)",
    "Khối lượng": "1,800",
    "Giá tham chiếu": "10.1",
    "Giá trần": "11.1",
    "Giá sàn": "9.1",
    "Giá mở cửa": "N/A",
    "Giá cao nhất": "N/A",
    "Giá thấp nhất": "10",
    "Giao dịch NĐTNN": "Giao dịch NĐTNN",
    "KLGD ròng": "10",
    "GT Mua": "0 (Tỷ)",
    "GT Bán": "0 (Tỷ)",
    "Room còn lại": "N/A",
    "(*)   EPS cơ bản (nghìn đồng):": "1.53",
    "EPS pha loãng (nghìn đồng):": "1.53",
    "P/E :": "6.53",
    "Giá trị sổ sách /cp (nghìn đồng):": "17.91",
    "(**) Hệ số beta:": "-0.18",
    "KLGD khớp lệnh trung bình 10 phiên:": "8,041",
    "KLCP đang niêm yết:": "5,568,000",
    "KLCP đang lưu hành:": "5,568,000",
    "Vốn hóa thị trường (tỷ đồng):": "56.24",
    "Doanh thu": "476.91 tỷ",
    "Lợi nhuận trước thuế": "9.72 tỷ",
    "Lợi nhuận sau thuế": "N/A",
    "Cổ tức bằng tiền mặt": "8 %",
    "Cổ tức bằng cổ phiếu": "N/A",
    "Dự kiến tăng vốn lên": "N/A",
    "Giới thiệu công ty": "Công ty cổ phần vận tải và dịch vụ PETROLIMEX Hải Phòng được thành lập ngày 07/12/2000 trên cơ sở cổ phần hóa Xí nghiệp sửa chữa tàu Hồng Hà - một bộ phận trực thuộc Công ty vận tải xăng dầu đường thủy I. Ngành nghề kinh doanh chính của Công ty: kinh doanh vận tải; kinh doanh xăng dầu và các sản phẩm hóa dầu; sửa chữa đóng mới các phương tiện vận tải thủy; xuất nhập khẩu, mua bán vật tư, thiết bị, hàng hóa khác..."
}