{
    "Url": "http://s.cafef.vn/hastc/PV2-cong-ty-co-phan-dau-tu-pv2.chn",
    "CenterName": "HNX",
    "Symbol": "PV2",
    "TradeCenterID": 2,
    "ChangePrice": 4.0000000000000036,
    "VonHoa": 95.85888,
    "ChangeVolume": -3.154009997291374,
    "EPS": 0.0802124336805103,
    "PE": 32.4139273763456,
    "Beta": 0.960827271930593,
    "Price": 2.6,
    "UpdatedDate": "/Date(1686037643765)/",
    "FullName": "Công ty cổ phần Đầu tư PV2",
    "ParentCategoryId": 345,
    "Cập nhật": "11:52 Thứ 4, 07/06/2023",
    "Mã công ty": "PV2",
    "Tên công ty": "Công ty cổ phần Đầu tư PV2 (HNX)",
    "Giá điểm": "2.9",
    "Thay đổi": "0.1 (3.57%)",
    "Khối lượng": "149,928",
    "Giá tham chiếu": "2.8",
    "Giá trần": "3",
    "Giá sàn": "2.6",
    "Giá mở cửa": "2.9",
    "Giá cao nhất": "2.9",
    "Giá thấp nhất": "N/A",
    "Giao dịch NĐTNN": "Giao dịch NĐTNN",
    "KLGD ròng": "2.9",
    "GT Mua": "0 (Tỷ)",
    "GT Bán": "0 (Tỷ)",
    "Room còn lại": "N/A",
    "(*)   EPS cơ bản (nghìn đồng):": "0.08",
    "EPS pha loãng (nghìn đồng):": "0.08",
    "P/E :": "34.82",
    "Giá trị sổ sách /cp (nghìn đồng):": "6.57",
    "(**) Hệ số beta:": "0.96",
    "KLGD khớp lệnh trung bình 10 phiên:": "249,010",
    "KLCP đang niêm yết:": "37,350,000",
    "KLCP đang lưu hành:": "36,868,800",
    "Vốn hóa thị trường (tỷ đồng):": "103.23",
    "Doanh thu": "185.44 tỷ",
    "Lợi nhuận trước thuế": "-5.04 tỷ",
    "Lợi nhuận sau thuế": "N/A",
    "Cổ tức bằng tiền mặt": "N/A",
    "Cổ tức bằng cổ phiếu": "N/A",
    "Dự kiến tăng vốn lên": "N/A",
    "Giới thiệu công ty": "Công ty cổ phần Đầu tư PV2 (trước đây là Công ty cổ phần Đầu tư & Phát triển PVI) được chính thức thành lập và đi vào hoạt động từ ngày 29/6/2007. Mục đích thành lập PV2 trở thành một đơn vị thành viên của PVI chuyên hoạt động trong lĩnh vực kinh doanh BĐS và dịch vụ tài chính để không ngừng gia tăng giá trị đầu tư cho PVI và các cổ đông."
}