{
    "Url": "http://s.cafef.vn/hastc/PVB-cong-ty-co-phan-boc-ong-dau-khi-viet-nam.chn",
    "CenterName": "HNX",
    "Symbol": "PVB",
    "TradeCenterID": 2,
    "ChangePrice": 1.538461538461542,
    "VonHoa": 427.6799604,
    "ChangeVolume": -2.8964851538991407,
    "EPS": -0.990817615032539,
    "PE": -19.9834961546881,
    "Beta": 1.59959688020331,
    "Price": 19.8,
    "UpdatedDate": "/Date(1686037643765)/",
    "FullName": "Công ty cổ phần Bọc ống Dầu khí Việt Nam",
    "ParentCategoryId": 343,
    "Cập nhật": "11:52 Thứ 4, 07/06/2023",
    "Mã công ty": "PVB",
    "Tên công ty": "Công ty cổ phần Bọc ống Dầu khí Việt Nam (HNX)",
    "Giá điểm": "20.6",
    "Thay đổi": "0.8 (4.04%)",
    "Khối lượng": "355,026",
    "Giá tham chiếu": "19.8",
    "Giá trần": "21.7",
    "Giá sàn": "17.9",
    "Giá mở cửa": "20.1",
    "Giá cao nhất": "21.3",
    "Giá thấp nhất": "N/A",
    "Giao dịch NĐTNN": "Giao dịch NĐTNN",
    "KLGD ròng": "21.3",
    "GT Mua": "0 (Tỷ)",
    "GT Bán": "0.31 (Tỷ)",
    "Room còn lại": "N/A",
    "(*)   EPS cơ bản (nghìn đồng):": "n/a",
    "EPS pha loãng (nghìn đồng):": "n/a",
    "P/E :": "n/a",
    "Giá trị sổ sách /cp (nghìn đồng):": "17.57",
    "(**) Hệ số beta:": "1.60",
    "KLGD khớp lệnh trung bình 10 phiên:": "504,803",
    "KLCP đang niêm yết:": "21,599,998",
    "KLCP đang lưu hành:": "21,599,998",
    "Vốn hóa thị trường (tỷ đồng):": "427.68",
    "Doanh thu": "190 tỷ",
    "Lợi nhuận trước thuế": "2.5 tỷ",
    "Lợi nhuận sau thuế": "2 tỷ",
    "Cổ tức bằng tiền mặt": "N/A",
    "Cổ tức bằng cổ phiếu": "N/A",
    "Dự kiến tăng vốn lên": "N/A",
    "Giới thiệu công ty": "Công ty Cổ phần Bọc ống Dầu khí Việt Nam (PVCOATING) là đơn vị thành viên của Tổng Công ty Khí Việt Nam (PV Gas) – trực thuộc Tập đoàn Dầu Khí Quốc Gia Việt Nam (PVN). Trụ sở chính của Công ty đặt tại số 68 Trương Công Định, TP. Vũng Tàu, với ngành nghề sản xuất kinh doanh chính là cung cấp dịch vụ bọc ống và dịch vụ kiểm tra thử nghiệm vật liệu - sản phẩm bọc ống cho ngành công nghiệp Dầu khí."
}