{
    "Url": "http://s.cafef.vn/hastc/QHD-cong-ty-co-phan-que-han-dien-viet-duc.chn",
    "CenterName": "HNX",
    "Symbol": "QHD",
    "TradeCenterID": 2,
    "ChangePrice": 0.8174386920980847,
    "VonHoa": 204.414492,
    "ChangeVolume": -100,
    "EPS": 3.15408985874032,
    "PE": 11.7308008513039,
    "Beta": 0.222679870300587,
    "Price": 37,
    "UpdatedDate": "/Date(1686037643765)/",
    "FullName": "Công ty Cổ phần Que hàn điện Việt Đức",
    "ParentCategoryId": 344,
    "Cập nhật": "11:52 Thứ 4, 07/06/2023",
    "Mã công ty": "QHD",
    "Tên công ty": "Công ty Cổ phần Que hàn điện Việt Đức (HNX)",
    "Giá điểm": "37",
    "Thay đổi": "N/A",
    "Khối lượng": "0.0",
    "Giá tham chiếu": "37",
    "Giá trần": "40.7",
    "Giá sàn": "33.3",
    "Giá mở cửa": "N/A",
    "Giá cao nhất": "N/A",
    "Giá thấp nhất": "N/A",
    "Giao dịch NĐTNN": "Giao dịch NĐTNN",
    "KLGD ròng": "37",
    "GT Mua": "0 (Tỷ)",
    "GT Bán": "0 (Tỷ)",
    "Room còn lại": "N/A",
    "(*)   EPS cơ bản (nghìn đồng):": "3.33",
    "EPS pha loãng (nghìn đồng):": "3.33",
    "P/E :": "11.12",
    "Giá trị sổ sách /cp (nghìn đồng):": "19.13",
    "(**) Hệ số beta:": "0.22",
    "KLGD khớp lệnh trung bình 10 phiên:": "60",
    "KLCP đang niêm yết:": "5,524,716",
    "KLCP đang lưu hành:": "5,524,716",
    "Vốn hóa thị trường (tỷ đồng):": "204.41",
    "Doanh thu": "290 tỷ",
    "Lợi nhuận trước thuế": "14 tỷ",
    "Lợi nhuận sau thuế": "N/A",
    "Cổ tức bằng tiền mặt": "15 %",
    "Cổ tức bằng cổ phiếu": "N/A",
    "Dự kiến tăng vốn lên": "N/A",
    "Giới thiệu công ty": "Công ty cổ phần que hàn điện Việt Đức tiền thân là Nhà máy que hàn điện, được thành lập ngày 28/3/1967 tại Giáp Bát, Đống Đa, Hà Nội. Khi mới thành lập,Công ty trực thuộc bộ Công nghiệp nặng. Ngành nghề kinh doanh chính: sản xuất và kinh doanh vật liệu hàn, kinh doanh vật tư nguyên liệu để sản xuất vật liệu hàn..."
}