{
    "Url": "http://s.cafef.vn/hastc/S55-cong-ty-co-phan-song-da-505.chn",
    "CenterName": "HNX",
    "Symbol": "S55",
    "TradeCenterID": 2,
    "ChangePrice": -0.9803921568627451,
    "VonHoa": 505,
    "ChangeVolume": -95.27818448023426,
    "EPS": 6.52783535948575,
    "PE": 7.73610197239691,
    "Beta": 0.134431688721409,
    "Price": 50.5,
    "UpdatedDate": "/Date(1686037643765)/",
    "FullName": "Công ty Cổ phần Sông Đà 505",
    "ParentCategoryId": 345,
    "Cập nhật": "11:52 Thứ 4, 07/06/2023",
    "Mã công ty": "S55",
    "Tên công ty": "Công ty Cổ phần Sông Đà 505 (HNX)",
    "Giá điểm": "50",
    "Thay đổi": "-0.5 (-0.99%)",
    "Khối lượng": "3,514",
    "Giá tham chiếu": "50.5",
    "Giá trần": "55.5",
    "Giá sàn": "45.5",
    "Giá mở cửa": "N/A",
    "Giá cao nhất": "N/A",
    "Giá thấp nhất": "50",
    "Giao dịch NĐTNN": "Giao dịch NĐTNN",
    "KLGD ròng": "50",
    "GT Mua": "0 (Tỷ)",
    "GT Bán": "0 (Tỷ)",
    "Room còn lại": "N/A",
    "(*)   EPS cơ bản (nghìn đồng):": "6.64",
    "EPS pha loãng (nghìn đồng):": "6.64",
    "P/E :": "7.53",
    "Giá trị sổ sách /cp (nghìn đồng):": "57.45",
    "(**) Hệ số beta:": "0.13",
    "KLGD khớp lệnh trung bình 10 phiên:": "4,840",
    "KLCP đang niêm yết:": "10,000,000",
    "KLCP đang lưu hành:": "10,000,000",
    "Vốn hóa thị trường (tỷ đồng):": "505.00",
    "Doanh thu": "1,006.9 tỷ",
    "Lợi nhuận trước thuế": "N/A",
    "Lợi nhuận sau thuế": "100.78 tỷ",
    "Cổ tức bằng tiền mặt": "10 %",
    "Cổ tức bằng cổ phiếu": "N/A",
    "Dự kiến tăng vốn lên": "N/A",
    "Giới thiệu công ty": "Công ty Cổ phần Sông Đà 505 được thành lập ngày 22/06/2004 trên cơ sở chuyển đổi từ một bộ phận doanh nghiệp Nhà nước thành Công ty cổ phần. Ngày 22/12/2006, cổ phiếu Công ty chính thức niêm yết tại Sở giao dịch chứng khoán HN với mã S55. Ngành nghề kinh doanh: xây dựng công trình công nghiệp, công cộng, dân dụng, nhà ở, thủy điện, thủy lợi, giao thông; khai thác sản xuất kinh doanh vật liệu xây dựng...; khai thác quặng sắt, cát đá sỏi..."
}