{
    "Url": "http://s.cafef.vn/hastc/S99-cong-ty-co-phan-sci.chn",
    "CenterName": "HNX",
    "Symbol": "S99",
    "TradeCenterID": 2,
    "ChangePrice": -2.7777777777777843,
    "VonHoa": 897.267,
    "ChangeVolume": -30.915008377732175,
    "EPS": 0.564652578721821,
    "PE": 18.5955052640836,
    "Beta": 1.6718079046534,
    "Price": 10.5,
    "UpdatedDate": "/Date(1686037643765)/",
    "FullName": "Công ty Cổ phần SCI",
    "ParentCategoryId": 345,
    "Cập nhật": "11:52 Thứ 4, 07/06/2023",
    "Mã công ty": "S99",
    "Tên công ty": "Công ty Cổ phần SCI (HNX)",
    "Giá điểm": "10.5",
    "Thay đổi": "N/A",
    "Khối lượng": "146,055",
    "Giá tham chiếu": "10.5",
    "Giá trần": "11.5",
    "Giá sàn": "9.5",
    "Giá mở cửa": "10.6",
    "Giá cao nhất": "N/A",
    "Giá thấp nhất": "10.4",
    "Giao dịch NĐTNN": "Giao dịch NĐTNN",
    "KLGD ròng": "10.6",
    "GT Mua": "0 (Tỷ)",
    "GT Bán": "0 (Tỷ)",
    "Room còn lại": "N/A",
    "(*)   EPS cơ bản (nghìn đồng):": "0.61",
    "EPS pha loãng (nghìn đồng):": "0.61",
    "P/E :": "17.22",
    "Giá trị sổ sách /cp (nghìn đồng):": "15.01",
    "(**) Hệ số beta:": "1.67",
    "KLGD khớp lệnh trung bình 10 phiên:": "640,834",
    "KLCP đang niêm yết:": "85,454,000",
    "KLCP đang lưu hành:": "85,454,000",
    "Vốn hóa thị trường (tỷ đồng):": "897.27",
    "Doanh thu": "2,389.8 tỷ",
    "Lợi nhuận trước thuế": "89.92 tỷ",
    "Lợi nhuận sau thuế": "N/A",
    "Cổ tức bằng tiền mặt": "N/A",
    "Cổ tức bằng cổ phiếu": "N/A",
    "Dự kiến tăng vốn lên": "N/A",
    "Giới thiệu công ty": "Công ty cổ phần SCI (trước đây là Công ty cổ phần Sông Đà 909) tiền thân là Xí nghiệp Sông Đà 903 - thuộc Công ty Sông Đà 9 - Tổng Công ty Sông Đà được thành lập ngày 20/11/1998. Ngành nghề kinh doanh: nhận thầu thi công các công trình dân dụng, công nghiệp, xây dựng thủy điện, bưu điện, công trình thủy lợi,... nhận thầu thi công bằng phương pháp khoan nổ mìn; sản xuất kinh doanh vật liệu xây dựng; kinh doanh xuất nhập khẩu thiết bị công nghệ xây dựng..."
}