{
    "Url": "http://s.cafef.vn/hastc/SD5-cong-ty-co-phan-song-da-5.chn",
    "CenterName": "HNX",
    "Symbol": "SD5",
    "TradeCenterID": 2,
    "ChangePrice": 15.068493150684938,
    "VonHoa": 218.3987232,
    "ChangeVolume": -92.33054875612522,
    "EPS": 0.635196534750972,
    "PE": 13.2242535033558,
    "Beta": 0.587590921041101,
    "Price": 8.4,
    "UpdatedDate": "/Date(1686037643765)/",
    "FullName": "Công ty Cổ phần Sông Đà 5",
    "ParentCategoryId": 345,
    "Cập nhật": "11:52 Thứ 4, 07/06/2023",
    "Mã công ty": "SD5",
    "Tên công ty": "Công ty Cổ phần Sông Đà 5 (HNX)",
    "Giá điểm": "9.1",
    "Thay đổi": "N/A",
    "Khối lượng": "508,045",
    "Giá tham chiếu": "8.3",
    "Giá trần": "9.1",
    "Giá sàn": "7.5",
    "Giá mở cửa": "N/A",
    "Giá cao nhất": "N/A",
    "Giá thấp nhất": "N/A",
    "Giao dịch NĐTNN": "Giao dịch NĐTNN",
    "KLGD ròng": "9.1",
    "GT Mua": "0 (Tỷ)",
    "GT Bán": "2.35 (Tỷ)",
    "Room còn lại": "N/A",
    "(*)   EPS cơ bản (nghìn đồng):": "0.70",
    "EPS pha loãng (nghìn đồng):": "0.70",
    "P/E :": "13.06",
    "Giá trị sổ sách /cp (nghìn đồng):": "18.30",
    "(**) Hệ số beta:": "0.59",
    "KLGD khớp lệnh trung bình 10 phiên:": "268,819",
    "KLCP đang niêm yết:": "25,999,848",
    "KLCP đang lưu hành:": "25,999,848",
    "Vốn hóa thị trường (tỷ đồng):": "215.80",
    "Doanh thu": "1,087.62 tỷ",
    "Lợi nhuận trước thuế": "37 tỷ",
    "Lợi nhuận sau thuế": "29.6 tỷ",
    "Cổ tức bằng tiền mặt": "10 %",
    "Cổ tức bằng cổ phiếu": "N/A",
    "Dự kiến tăng vốn lên": "N/A",
    "Giới thiệu công ty": "Công ty cổ phần Sông Đà 5, tiền thân là Công ty Xây dựng thuỷ điện Vĩnh Sơn . Công ty là doanh nghiệp Nhà nước – đơn vị thành viên của Tổng công ty Sông Đà chuyển đổi thành Công ty cổ phần Sông Đà 5 theo Quyết định số 1720/QĐ – BXD ngày 04/11/2004 của Bộ trưởng Bộ Xây dựng."
}