{
    "Url": "http://s.cafef.vn/hastc/SDG-cong-ty-co-phan-sadico-can-tho.chn",
    "CenterName": "HNX",
    "Symbol": "SDG",
    "TradeCenterID": 2,
    "ChangePrice": -9.793814432989684,
    "VonHoa": 177.4499475,
    "ChangeVolume": 25,
    "EPS": 0.555860588446131,
    "PE": 31.4827141260726,
    "Beta": 0.779773902374901,
    "Price": 17.5,
    "UpdatedDate": "/Date(1686037643765)/",
    "FullName": "Công ty Cổ phần Sadico Cần Thơ",
    "ParentCategoryId": 345,
    "Cập nhật": "11:52 Thứ 4, 07/06/2023",
    "Mã công ty": "SDG",
    "Tên công ty": "Công ty Cổ phần Sadico Cần Thơ (HNX)",
    "Giá điểm": "17.5",
    "Thay đổi": "N/A",
    "Khối lượng": "10",
    "Giá tham chiếu": "17.5",
    "Giá trần": "19.2",
    "Giá sàn": "15.8",
    "Giá mở cửa": "N/A",
    "Giá cao nhất": "N/A",
    "Giá thấp nhất": "N/A",
    "Giao dịch NĐTNN": "Giao dịch NĐTNN",
    "KLGD ròng": "17.5",
    "GT Mua": "0 (Tỷ)",
    "GT Bán": "0 (Tỷ)",
    "Room còn lại": "N/A",
    "(*)   EPS cơ bản (nghìn đồng):": "0.58",
    "EPS pha loãng (nghìn đồng):": "0.58",
    "P/E :": "30.19",
    "Giá trị sổ sách /cp (nghìn đồng):": "31.13",
    "(**) Hệ số beta:": "0.78",
    "KLGD khớp lệnh trung bình 10 phiên:": "241",
    "KLCP đang niêm yết:": "10,139,997",
    "KLCP đang lưu hành:": "10,139,997",
    "Vốn hóa thị trường (tỷ đồng):": "177.45",
    "Doanh thu": "2,358.48 tỷ",
    "Lợi nhuận trước thuế": "85.45 tỷ",
    "Lợi nhuận sau thuế": "71.49 tỷ",
    "Cổ tức bằng tiền mặt": "20 %",
    "Cổ tức bằng cổ phiếu": "N/A",
    "Dự kiến tăng vốn lên": "N/A",
    "Giới thiệu công ty": "Công ty cổ phần SADICO Cần Thơ, tiền thân là Cty Sản Xuất - Kinh Doanh VLXD Cần Thơ thành lập ngày 18/04/1988, là một doanh nghiệp nhà nước trực thuộc UBND TP Cần Thơ (bao gồm NM xi măng PhướcThới - nay là Cty CP xi măng Cần Thơ). Ngành nghề kinh doanh: sản xuất sản phâm từ Plastic; sản xuất giấy nhăn, bìa nhăn, bao bì; kinh doanh vật liệu xây dựng, bất động sản..."
}