{
    "Url": "http://s.cafef.vn/hastc/SDN-cong-ty-co-phan-son-dong-nai.chn",
    "CenterName": "HNX",
    "Symbol": "SDN",
    "TradeCenterID": 2,
    "ChangePrice": 0,
    "VonHoa": 75.151791,
    "ChangeVolume": 0,
    "EPS": 9.85875712188987,
    "PE": 5.02091687501792,
    "Beta": -0.0620318970834435,
    "Price": 49.5,
    "UpdatedDate": "/Date(1686037643765)/",
    "FullName": "Công ty Cổ phần Sơn Đồng Nai",
    "ParentCategoryId": 344,
    "Cập nhật": "11:52 Thứ 4, 07/06/2023",
    "Mã công ty": "SDN",
    "Tên công ty": "Công ty Cổ phần Sơn Đồng Nai (HNX)",
    "Giá điểm": "49.5",
    "Thay đổi": "N/A",
    "Khối lượng": "0.0",
    "Giá tham chiếu": "49.5",
    "Giá trần": "54.4",
    "Giá sàn": "44.6",
    "Giá mở cửa": "N/A",
    "Giá cao nhất": "N/A",
    "Giá thấp nhất": "N/A",
    "Giao dịch NĐTNN": "Giao dịch NĐTNN",
    "KLGD ròng": "49.5",
    "GT Mua": "0 (Tỷ)",
    "GT Bán": "0 (Tỷ)",
    "Room còn lại": "N/A",
    "(*)   EPS cơ bản (nghìn đồng):": "10.03",
    "EPS pha loãng (nghìn đồng):": "10.03",
    "P/E :": "4.94",
    "Giá trị sổ sách /cp (nghìn đồng):": "36.97",
    "(**) Hệ số beta:": "-0.06",
    "KLGD khớp lệnh trung bình 10 phiên:": "60",
    "KLCP đang niêm yết:": "1,518,218",
    "KLCP đang lưu hành:": "1,518,218",
    "Vốn hóa thị trường (tỷ đồng):": "75.15",
    "Doanh thu": "132 tỷ",
    "Lợi nhuận trước thuế": "N/A",
    "Lợi nhuận sau thuế": "7.35 tỷ",
    "Cổ tức bằng tiền mặt": "15 %",
    "Cổ tức bằng cổ phiếu": "N/A",
    "Dự kiến tăng vốn lên": "N/A",
    "Giới thiệu công ty": "Công ty Cổ phần sơn Đồng Nai nguyên là Nhà máy Sơn Đồng Nai được thành lập năm 1987, trước đây là doanh nghiệp Nhà nước thuộc Sở Công Nghiệp tỉnh Đồng Nai. Ngành nghề kinh doanh: sản xuất kinh doanh sản phẩm về sơn, keo, bột trét tường; xuất nhập khẩu nguyên liệu và sản phẩm liên quan tới sơn và keo; xây dựng công trình kỹ thuật dân dụng; dịch vụ thi công về sơn."
}