{
    "Url": "http://s.cafef.vn/hastc/SDT-cong-ty-co-phan-song-da-10.chn",
    "CenterName": "HNX",
    "Symbol": "SDT",
    "TradeCenterID": 2,
    "ChangePrice": 20.000000000000004,
    "VonHoa": 179.475891,
    "ChangeVolume": -72.23963417767045,
    "EPS": -0.443711319108692,
    "PE": -9.46561383296865,
    "Beta": 0.712908596967838,
    "Price": 4.2,
    "UpdatedDate": "/Date(1686037643766)/",
    "FullName": "Công ty Cổ phần Sông Đà 10",
    "ParentCategoryId": 345,
    "Cập nhật": "11:52 Thứ 4, 07/06/2023",
    "Mã công ty": "SDT",
    "Tên công ty": "Công ty Cổ phần Sông Đà 10 (HNX)",
    "Giá điểm": "4",
    "Thay đổi": "-0.2 (-4.76%)",
    "Khối lượng": "62,400",
    "Giá tham chiếu": "4.2",
    "Giá trần": "4.6",
    "Giá sàn": "3.8",
    "Giá mở cửa": "4.3",
    "Giá cao nhất": "4.3",
    "Giá thấp nhất": "4",
    "Giao dịch NĐTNN": "Giao dịch NĐTNN",
    "KLGD ròng": "4.3",
    "GT Mua": "0 (Tỷ)",
    "GT Bán": "0 (Tỷ)",
    "Room còn lại": "N/A",
    "(*)   EPS cơ bản (nghìn đồng):": "n/a",
    "EPS pha loãng (nghìn đồng):": "n/a",
    "P/E :": "n/a",
    "Giá trị sổ sách /cp (nghìn đồng):": "19.35",
    "(**) Hệ số beta:": "0.71",
    "KLGD khớp lệnh trung bình 10 phiên:": "58,778",
    "KLCP đang niêm yết:": "42,732,311",
    "KLCP đang lưu hành:": "42,732,355",
    "Vốn hóa thị trường (tỷ đồng):": "179.48",
    "Doanh thu": "896.2 tỷ",
    "Lợi nhuận trước thuế": "8.3 tỷ",
    "Lợi nhuận sau thuế": "5.59 tỷ",
    "Cổ tức bằng tiền mặt": "N/A",
    "Cổ tức bằng cổ phiếu": "N/A",
    "Dự kiến tăng vốn lên": "N/A",
    "Giới thiệu công ty": "Công ty cổ phần Sông Đà 10 được thành lập từ năm 1963 (tiền thân là Công trường Khoan phun xi măng tại công trường thuỷ điện Thác Bà), là công ty trực thuộc Tổng công ty Sông Đà. Công ty cổ phần Sông Đà 10 đơn vị Anh hùng Lao động thời kỳ đổi mới (được Đảng, Nhà nước phong tặng năm 1998)"
}