{
    "Url": "http://s.cafef.vn/hastc/SED-cong-ty-co-phan-dau-tu-va-phat-trien-giao-duc-phuong-nam.chn",
    "CenterName": "HNX",
    "Symbol": "SED",
    "TradeCenterID": 2,
    "ChangePrice": 1.0362694300518096,
    "VonHoa": 180.8001,
    "ChangeVolume": -100,
    "EPS": 3.75998511431457,
    "PE": 5.18619074468192,
    "Beta": 0.0354920690561739,
    "Price": 19.5,
    "UpdatedDate": "/Date(1686037643766)/",
    "FullName": "Công ty Cổ phần Đầu tư và Phát triển giáo dục Phương Nam",
    "ParentCategoryId": 346,
    "Cập nhật": "11:52 Thứ 4, 07/06/2023",
    "Mã công ty": "SED",
    "Tên công ty": "Công ty Cổ phần Đầu tư và Phát triển giáo dục Phương Nam (HNX)",
    "Giá điểm": "19",
    "Thay đổi": "N/A",
    "Khối lượng": "100",
    "Giá tham chiếu": "19",
    "Giá trần": "20.9",
    "Giá sàn": "17.1",
    "Giá mở cửa": "N/A",
    "Giá cao nhất": "N/A",
    "Giá thấp nhất": "N/A",
    "Giao dịch NĐTNN": "Giao dịch NĐTNN",
    "KLGD ròng": "19",
    "GT Mua": "0 (Tỷ)",
    "GT Bán": "0 (Tỷ)",
    "Room còn lại": "N/A",
    "(*)   EPS cơ bản (nghìn đồng):": "4.05",
    "EPS pha loãng (nghìn đồng):": "3.75",
    "P/E :": "4.69",
    "Giá trị sổ sách /cp (nghìn đồng):": "29.85",
    "(**) Hệ số beta:": "0.04",
    "KLGD khớp lệnh trung bình 10 phiên:": "1,350",
    "KLCP đang niêm yết:": "10,000,000",
    "KLCP đang lưu hành:": "9,271,800",
    "Vốn hóa thị trường (tỷ đồng):": "176.16",
    "Doanh thu": "950 tỷ",
    "Lợi nhuận trước thuế": "52 tỷ",
    "Lợi nhuận sau thuế": "N/A",
    "Cổ tức bằng tiền mặt": "15 %",
    "Cổ tức bằng cổ phiếu": "N/A",
    "Dự kiến tăng vốn lên": "N/A",
    "Giới thiệu công ty": "Công ty cổ phần Đầu tư và phát triển giáo dục Phương Nam ra đời trên cơ sở thành lập mới với cổ đông sáng lập chính là Nhà xuất bản giáo dục Việt Nam (và các cổ đông góp vốn khác), đi vào hoạt động từ ngày 23/03/2007. Ngành nghề kinh doanh: sản xuất kinh doanh thiết bih giáo dục, văn hóa phẩm; thiết kế đồ họa, dịch thuật; sản xuất mua bán thiết bị dụng cụ văn phòng phẩm; kinh doanh bất động sản..."
}