{
    "Url": "http://s.cafef.vn/hastc/SFN-cong-ty-co-phan-det-luoi-sai-gon.chn",
    "CenterName": "HNX",
    "Symbol": "SFN",
    "TradeCenterID": 2,
    "ChangePrice": 0,
    "VonHoa": 45.25357,
    "ChangeVolume": 0,
    "EPS": 2.39990738136707,
    "PE": 6.58358740119369,
    "Beta": 0.101656296555955,
    "Price": 15.8,
    "UpdatedDate": "/Date(1686037643766)/",
    "FullName": "Công ty Cổ phần Dệt lưới Sài Gòn",
    "ParentCategoryId": 338,
    "Cập nhật": "11:52 Thứ 4, 07/06/2023",
    "Mã công ty": "SFN",
    "Tên công ty": "Công ty Cổ phần Dệt lưới Sài Gòn (HNX)",
    "Giá điểm": "15.8",
    "Thay đổi": "N/A",
    "Khối lượng": "0.0",
    "Giá tham chiếu": "15.8",
    "Giá trần": "17.3",
    "Giá sàn": "14.3",
    "Giá mở cửa": "N/A",
    "Giá cao nhất": "N/A",
    "Giá thấp nhất": "N/A",
    "Giao dịch NĐTNN": "Giao dịch NĐTNN",
    "KLGD ròng": "15.8",
    "GT Mua": "0 (Tỷ)",
    "GT Bán": "0 (Tỷ)",
    "Room còn lại": "N/A",
    "(*)   EPS cơ bản (nghìn đồng):": "2.51",
    "EPS pha loãng (nghìn đồng):": "2.39",
    "P/E :": "6.30",
    "Giá trị sổ sách /cp (nghìn đồng):": "25.03",
    "(**) Hệ số beta:": "0.10",
    "KLGD khớp lệnh trung bình 10 phiên:": "n/a",
    "KLCP đang niêm yết:": "3,000,000",
    "KLCP đang lưu hành:": "2,864,150",
    "Vốn hóa thị trường (tỷ đồng):": "45.25",
    "Doanh thu": "153.53 tỷ",
    "Lợi nhuận trước thuế": "9.63 tỷ",
    "Lợi nhuận sau thuế": "N/A",
    "Cổ tức bằng tiền mặt": "N/A",
    "Cổ tức bằng cổ phiếu": "N/A",
    "Dự kiến tăng vốn lên": "N/A",
    "Giới thiệu công ty": "Công ty cổ phần Dệt Lưới Sài Gòn tiền thân là Trúc Giang Kỹ Nghệ công ty được thành lập năm 1968. Ngày 11/06/2009, Cổ phiếu của Công ty chuyển sàn giao dịch và niêm yết tại sàn Giao dịch Chứng khoán Hà Nội từ ngày 11/06/2009. Ngành nghề kinh doanh: nhập khẩu các loại máy móc, thiết bị, vật tư, nguyên liệu cho nhu cầu sản xuất và kinh doanh; kinh doanh hàng mây tre lá, hàng may mặc, bất động sản..."
}