{
    "Url": "http://s.cafef.vn/hastc/SGC-cong-ty-co-phan-xuat-nhap-khau-sa-giang.chn",
    "CenterName": "HNX",
    "Symbol": "SGC",
    "TradeCenterID": 2,
    "ChangePrice": 12.875536480686694,
    "VonHoa": 563.944062,
    "ChangeVolume": 66.66666666666667,
    "EPS": 6.14608601969788,
    "PE": 12.8374382895276,
    "Beta": 0.582245201998072,
    "Price": 78.9,
    "UpdatedDate": "/Date(1686037643766)/",
    "FullName": "Công ty Cổ phần Xuất nhập khẩu Sa Giang ",
    "ParentCategoryId": 339,
    "Cập nhật": "11:52 Thứ 4, 07/06/2023",
    "Mã công ty": "SGC",
    "Tên công ty": "Công ty Cổ phần Xuất nhập khẩu Sa Giang  (HNX)",
    "Giá điểm": "78.9",
    "Thay đổi": "N/A",
    "Khối lượng": "0.0",
    "Giá tham chiếu": "78.9",
    "Giá trần": "86.7",
    "Giá sàn": "71.1",
    "Giá mở cửa": "N/A",
    "Giá cao nhất": "N/A",
    "Giá thấp nhất": "N/A",
    "Giao dịch NĐTNN": "Giao dịch NĐTNN",
    "KLGD ròng": "78.9",
    "GT Mua": "0 (Tỷ)",
    "GT Bán": "0 (Tỷ)",
    "Room còn lại": "N/A",
    "(*)   EPS cơ bản (nghìn đồng):": "6.23",
    "EPS pha loãng (nghìn đồng):": "6.23",
    "P/E :": "12.67",
    "Giá trị sổ sách /cp (nghìn đồng):": "27.35",
    "(**) Hệ số beta:": "0.58",
    "KLGD khớp lệnh trung bình 10 phiên:": "180",
    "KLCP đang niêm yết:": "7,147,580",
    "KLCP đang lưu hành:": "7,147,580",
    "Vốn hóa thị trường (tỷ đồng):": "563.94",
    "Doanh thu": "680 tỷ",
    "Lợi nhuận trước thuế": "N/A",
    "Lợi nhuận sau thuế": "80 tỷ",
    "Cổ tức bằng tiền mặt": "N/A",
    "Cổ tức bằng cổ phiếu": "N/A",
    "Dự kiến tăng vốn lên": "N/A",
    "Giới thiệu công ty": "Công ty Cổ phần xuất nhập khẩu Sa Giang hoạt động với mục tiêu sản xuất và cung ứng các sản phẩm chất lượng cao, đảm bảo an toàn vệ sinh thực phẩm, trở thành doanh nghiệp chế biến thực phẩm được tin tưởng với sứ mệnh mang lại sức khỏe cho người tiêu dùng và đứng trong Top 10 Công ty chế biến thực phẩm tại Việt Nam. Triết lý hoạt động của công ty: An toàn vệ sinh thực phẩm để đảm bảo sức khỏe người tiêu dùng."
}