{
    "Url": "http://s.cafef.vn/hastc/SGD-cong-ty-co-phan-sach-giao-duc-tai-tp-ho-chi-minh.chn",
    "CenterName": "HNX",
    "Symbol": "SGD",
    "TradeCenterID": 2,
    "ChangePrice": 0,
    "VonHoa": 125.333,
    "ChangeVolume": 0,
    "EPS": -0.355490668807915,
    "PE": -87.2034140979112,
    "Beta": 0.126456927526071,
    "Price": 31,
    "UpdatedDate": "/Date(1686037643766)/",
    "FullName": "Công ty cổ phần Sách Giáo dục tại T.P Hồ Chí Minh",
    "ParentCategoryId": 346,
    "Cập nhật": "11:52 Thứ 4, 07/06/2023",
    "Mã công ty": "SGD",
    "Tên công ty": "Công ty cổ phần Sách Giáo dục tại T.P Hồ Chí Minh (HNX)",
    "Giá điểm": "31",
    "Thay đổi": "N/A",
    "Khối lượng": "0.0",
    "Giá tham chiếu": "31",
    "Giá trần": "34.1",
    "Giá sàn": "27.9",
    "Giá mở cửa": "N/A",
    "Giá cao nhất": "N/A",
    "Giá thấp nhất": "N/A",
    "Giao dịch NĐTNN": "Giao dịch NĐTNN",
    "KLGD ròng": "31",
    "GT Mua": "0 (Tỷ)",
    "GT Bán": "0 (Tỷ)",
    "Room còn lại": "N/A",
    "(*)   EPS cơ bản (nghìn đồng):": "n/a",
    "EPS pha loãng (nghìn đồng):": "n/a",
    "P/E :": "n/a",
    "Giá trị sổ sách /cp (nghìn đồng):": "12.83",
    "(**) Hệ số beta:": "0.13",
    "KLGD khớp lệnh trung bình 10 phiên:": "0",
    "KLCP đang niêm yết:": "4,137,000",
    "KLCP đang lưu hành:": "4,043,000",
    "Vốn hóa thị trường (tỷ đồng):": "125.33",
    "Doanh thu": "230 tỷ",
    "Lợi nhuận trước thuế": "8 tỷ",
    "Lợi nhuận sau thuế": "N/A",
    "Cổ tức bằng tiền mặt": "10 %",
    "Cổ tức bằng cổ phiếu": "N/A",
    "Dự kiến tăng vốn lên": "N/A",
    "Giới thiệu công ty": "Công ty Cổ phần Sách Giáo dục tại Thành phố Hồ Chí Minh được thành lập theo quyết định số 460/QĐ-TC ngày 07 tháng 04 năm 2004 của Nhà Xuất bản giáo dục. Qua hơn 10 năm hoạt động, mục tiêu chủ yếu của Công ty là: gia tăng sản phẩm mới, giữ vững thị trường hiện có, phát triển thêm khách hàng mới, kiện toàn bộ máy lãnh đạo đủ năng lực, trí lực, kinh nghiệm và toàn tâm vì lợi ích lâu dài của Công ty."
}