{
    "Url": "http://s.cafef.vn/hastc/SGH-cong-ty-co-phan-khach-san-sai-gon.chn",
    "CenterName": "HNX",
    "Symbol": "SGH",
    "TradeCenterID": 2,
    "ChangePrice": -0.3891050583657505,
    "VonHoa": 316.52096,
    "ChangeVolume": -100,
    "EPS": 1.03061609109585,
    "PE": 24.839511260473,
    "Beta": 0.213322759714512,
    "Price": 25.6,
    "UpdatedDate": "/Date(1686037643766)/",
    "FullName": "Công ty Cổ phần Khách sạn Sài Gòn",
    "ParentCategoryId": 346,
    "Cập nhật": "11:52 Thứ 4, 07/06/2023",
    "Mã công ty": "SGH",
    "Tên công ty": "Công ty Cổ phần Khách sạn Sài Gòn (HNX)",
    "Giá điểm": "25.6",
    "Thay đổi": "N/A",
    "Khối lượng": "0.0",
    "Giá tham chiếu": "25.6",
    "Giá trần": "28.1",
    "Giá sàn": "23.1",
    "Giá mở cửa": "N/A",
    "Giá cao nhất": "N/A",
    "Giá thấp nhất": "N/A",
    "Giao dịch NĐTNN": "Giao dịch NĐTNN",
    "KLGD ròng": "25.6",
    "GT Mua": "0 (Tỷ)",
    "GT Bán": "0 (Tỷ)",
    "Room còn lại": "N/A",
    "(*)   EPS cơ bản (nghìn đồng):": "1.05",
    "EPS pha loãng (nghìn đồng):": "1.05",
    "P/E :": "24.45",
    "Giá trị sổ sách /cp (nghìn đồng):": "14.18",
    "(**) Hệ số beta:": "0.21",
    "KLGD khớp lệnh trung bình 10 phiên:": "280",
    "KLCP đang niêm yết:": "12,364,100",
    "KLCP đang lưu hành:": "12,364,100",
    "Vốn hóa thị trường (tỷ đồng):": "316.52",
    "Doanh thu": "25 tỷ",
    "Lợi nhuận trước thuế": "9 tỷ",
    "Lợi nhuận sau thuế": "7.2 tỷ",
    "Cổ tức bằng tiền mặt": "3 - 5 %",
    "Cổ tức bằng cổ phiếu": "N/A",
    "Dự kiến tăng vốn lên": "N/A",
    "Giới thiệu công ty": "Khách sạn Sài Gòn là một trong những khách sạn lâu đời của thành phố, được khánh thành từ năm 1968 với tên gọi ban đầu là Peninsula Hotel. Khách sạn nằm tại khu trung tâm thương mại, du lịch của thành phố. Ngành nghề kinh doanh: kinh doanh phòng ngủ, văn phòng cho thuê; kinh doanh ăn uống và vũ trường; dịch vụ du lịch, lữ hành quốc tế và trong nước; dịch vụ vui chơi giải trí bán hàng lưu niệm..."
}