{
    "Url": "http://s.cafef.vn/hastc/SHE-cong-ty-co-phan-phat-trien-nang-luong-son-ha.chn",
    "CenterName": "HNX",
    "Symbol": "SHE",
    "TradeCenterID": 2,
    "ChangePrice": -2.542372881355938,
    "VonHoa": 110.2333765,
    "ChangeVolume": -14.061902942300344,
    "EPS": 1.62520384606515,
    "PE": 7.07603543262781,
    "Beta": 0,
    "Price": 11.5,
    "UpdatedDate": "/Date(1686037643766)/",
    "FullName": "Công ty Cổ phần Phát triển năng lượng Sơn Hà",
    "ParentCategoryId": 340,
    "Cập nhật": "11:52 Thứ 4, 07/06/2023",
    "Mã công ty": "SHE",
    "Tên công ty": "Công ty Cổ phần Phát triển năng lượng Sơn Hà (HNX)",
    "Giá điểm": "11.5",
    "Thay đổi": "N/A",
    "Khối lượng": "10,048",
    "Giá tham chiếu": "11.5",
    "Giá trần": "12.6",
    "Giá sàn": "10.4",
    "Giá mở cửa": "11.6",
    "Giá cao nhất": "11.6",
    "Giá thấp nhất": "N/A",
    "Giao dịch NĐTNN": "Giao dịch NĐTNN",
    "KLGD ròng": "11.6",
    "GT Mua": "0 (Tỷ)",
    "GT Bán": "0 (Tỷ)",
    "Room còn lại": "N/A",
    "(*)   EPS cơ bản (nghìn đồng):": "1.95",
    "EPS pha loãng (nghìn đồng):": "1.95",
    "P/E :": "5.90",
    "Giá trị sổ sách /cp (nghìn đồng):": "11.91",
    "(**) Hệ số beta:": "n/a",
    "KLGD khớp lệnh trung bình 10 phiên:": "17,133",
    "KLCP đang niêm yết:": "9,585,511",
    "KLCP đang lưu hành:": "9,585,511",
    "Vốn hóa thị trường (tỷ đồng):": "110.23",
    "Doanh thu": "300 tỷ",
    "Lợi nhuận trước thuế": "25 tỷ",
    "Lợi nhuận sau thuế": "20 tỷ",
    "Cổ tức bằng tiền mặt": "20 %",
    "Cổ tức bằng cổ phiếu": "N/A",
    "Dự kiến tăng vốn lên": "N/A"
}