{
    "Url": "http://s.cafef.vn/hastc/SHN-cong-ty-co-phan-dau-tu-tong-hop-ha-noi.chn",
    "CenterName": "HNX",
    "Symbol": "SHN",
    "TradeCenterID": 2,
    "ChangePrice": 0,
    "VonHoa": 907.250029,
    "ChangeVolume": 116.28239134870435,
    "EPS": 0.0830005198207164,
    "PE": 84.3368212044962,
    "Beta": 1.34554377355184,
    "Price": 7,
    "UpdatedDate": "/Date(1686037643766)/",
    "FullName": "Công ty Cổ phần Đầu tư Tổng hợp Hà Nội",
    "ParentCategoryId": 341,
    "Cập nhật": "11:52 Thứ 4, 07/06/2023",
    "Mã công ty": "SHN",
    "Tên công ty": "Công ty Cổ phần Đầu tư Tổng hợp Hà Nội (HNX)",
    "Giá điểm": "7",
    "Thay đổi": "-0.1 (-1.41%)",
    "Khối lượng": "4,900",
    "Giá tham chiếu": "7.1",
    "Giá trần": "7.8",
    "Giá sàn": "6.4",
    "Giá mở cửa": "N/A",
    "Giá cao nhất": "N/A",
    "Giá thấp nhất": "7",
    "Giao dịch NĐTNN": "Giao dịch NĐTNN",
    "KLGD ròng": "7.8",
    "GT Mua": "0 (Tỷ)",
    "GT Bán": "0 (Tỷ)",
    "Room còn lại": "N/A",
    "(*)   EPS cơ bản (nghìn đồng):": "0.09",
    "EPS pha loãng (nghìn đồng):": "0.09",
    "P/E :": "80.32",
    "Giá trị sổ sách /cp (nghìn đồng):": "12.33",
    "(**) Hệ số beta:": "1.35",
    "KLGD khớp lệnh trung bình 10 phiên:": "3,320",
    "KLCP đang niêm yết:": "129,607,147",
    "KLCP đang lưu hành:": "129,607,147",
    "Vốn hóa thị trường (tỷ đồng):": "920.21",
    "Doanh thu": "3,600 tỷ",
    "Lợi nhuận trước thuế": "25 tỷ",
    "Lợi nhuận sau thuế": "20 tỷ",
    "Cổ tức bằng tiền mặt": "N/A",
    "Cổ tức bằng cổ phiếu": "N/A",
    "Dự kiến tăng vốn lên": "N/A",
    "Giới thiệu công ty": "Công ty Cổ phần Đầu tư Tổng hợp Hà Nội tiền thân là Công ty TNHH Dịch vụ hỗ trợ doanh nghiệp và Tư vấn đầu tư Hà Nội (INCONESS Hà Nội), được thành lập ngày 29/4/2005. Công ty chính thức giao dịch cổ phiếu trên Sở giao dịch chứng khoán Hà Nội ngày 16/12/2009 với mã chứng khoán SHN. Ngành nghề kinh doanh: mua bán sản xuất vật liệu xây dựng; xuất nhập khẩu mặt hàng công ty kinh doanh; tư vấn đầu tư; quản lý dự án đầu tư; thiết kế quy hoạch..."
}