{
    "Url": "http://s.cafef.vn/hastc/SIC-cong-ty-co-phan-ani.chn",
    "CenterName": "HNX",
    "Symbol": "SIC",
    "TradeCenterID": 2,
    "ChangePrice": -9.803921568627452,
    "VonHoa": 772.7763008,
    "ChangeVolume": 143.1818181818182,
    "EPS": 3.1615304071129,
    "PE": 10.1849407892948,
    "Beta": 0.807291210235737,
    "Price": 32.2,
    "UpdatedDate": "/Date(1686037643766)/",
    "FullName": "Công ty cổ phần ANI",
    "ParentCategoryId": 345,
    "Cập nhật": "11:52 Thứ 4, 07/06/2023",
    "Mã công ty": "SIC",
    "Tên công ty": "Công ty cổ phần ANI (HNX)",
    "Giá điểm": "29",
    "Thay đổi": "N/A",
    "Khối lượng": "1",
    "Giá tham chiếu": "29",
    "Giá trần": "31.9",
    "Giá sàn": "26.1",
    "Giá mở cửa": "N/A",
    "Giá cao nhất": "N/A",
    "Giá thấp nhất": "N/A",
    "Giao dịch NĐTNN": "Giao dịch NĐTNN",
    "KLGD ròng": "29",
    "GT Mua": "0 (Tỷ)",
    "GT Bán": "0 (Tỷ)",
    "Room còn lại": "N/A",
    "(*)   EPS cơ bản (nghìn đồng):": "3.35",
    "EPS pha loãng (nghìn đồng):": "3.35",
    "P/E :": "8.66",
    "Giá trị sổ sách /cp (nghìn đồng):": "16.40",
    "(**) Hệ số beta:": "0.81",
    "KLGD khớp lệnh trung bình 10 phiên:": "53",
    "KLCP đang niêm yết:": "23,999,270",
    "KLCP đang lưu hành:": "23,999,264",
    "Vốn hóa thị trường (tỷ đồng):": "695.98",
    "Doanh thu": "249.86 tỷ",
    "Lợi nhuận trước thuế": "N/A",
    "Lợi nhuận sau thuế": "31.45 tỷ",
    "Cổ tức bằng tiền mặt": "N/A",
    "Cổ tức bằng cổ phiếu": "N/A",
    "Dự kiến tăng vốn lên": "N/A",
    "Giới thiệu công ty": "Công ty cổ phần ANI tiền thân là Công ty Cổ phần Đầu Tư – Phát Triển Sông Đà được thành lập từ năm 1993 trên cơ sở cổ phần hóa Chi nhánh Tổng Công ty Sông Đà tại Thành phố Hồ Chí Minh năm 2004; Là Công ty đại chúng được niêm yết trên sàn chứng khoán Hà Nội với mã SIC từ năm 2007. Với ngành nghề kinh doanh chính là đầu tư kinh doanh Bất động sản, đầu tư các thủy điện vừa và nhỏ."
}