{
    "Url": "http://s.cafef.vn/hastc/SJ1-cong-ty-co-phan-nong-nghiep-hung-hau.chn",
    "CenterName": "HNX",
    "Symbol": "SJ1",
    "TradeCenterID": 2,
    "ChangePrice": 10.522844358878372,
    "VonHoa": 291.2033856,
    "ChangeVolume": 57.068062827225134,
    "EPS": 0.667793593971285,
    "PE": 18.5686117865533,
    "Beta": 0.456051178687232,
    "Price": 12.4,
    "UpdatedDate": "/Date(1686037643766)/",
    "FullName": "Công ty cổ phần Nông nghiệp Hùng Hậu",
    "ParentCategoryId": 338,
    "Cập nhật": "11:52 Thứ 4, 07/06/2023",
    "Mã công ty": "SJ1",
    "Tên công ty": "Công ty cổ phần Nông nghiệp Hùng Hậu (HNX)",
    "Giá điểm": "11.5",
    "Thay đổi": "N/A",
    "Khối lượng": "103",
    "Giá tham chiếu": "12.7",
    "Giá trần": "13.9",
    "Giá sàn": "11.5",
    "Giá mở cửa": "N/A",
    "Giá cao nhất": "N/A",
    "Giá thấp nhất": "N/A",
    "Giao dịch NĐTNN": "Giao dịch NĐTNN",
    "KLGD ròng": "11.5",
    "GT Mua": "0 (Tỷ)",
    "GT Bán": "0 (Tỷ)",
    "Room còn lại": "N/A",
    "(*)   EPS cơ bản (nghìn đồng):": "0.70",
    "EPS pha loãng (nghìn đồng):": "0.70",
    "P/E :": "16.37",
    "Giá trị sổ sách /cp (nghìn đồng):": "13.06",
    "(**) Hệ số beta:": "0.46",
    "KLGD khớp lệnh trung bình 10 phiên:": "322",
    "KLCP đang niêm yết:": "23,485,154",
    "KLCP đang lưu hành:": "23,484,144",
    "Vốn hóa thị trường (tỷ đồng):": "298.25",
    "Doanh thu": "1,500 tỷ",
    "Lợi nhuận trước thuế": "36 tỷ",
    "Lợi nhuận sau thuế": "N/A",
    "Cổ tức bằng tiền mặt": "N/A",
    "Cổ tức bằng cổ phiếu": "N/A",
    "Dự kiến tăng vốn lên": "N/A",
    "Giới thiệu công ty": "Công ty Cổ phần Nông Nghiệp Hùng Hậu được thành lập từ năm 1988, tiền thân là Xí nghiệp Mặt hàng mới hay Factory No.1. Ngành nghề kinh doanh: chế biến, bảo quản thủy sản và các sản phẩm từ thủy sản; kinh doanh bất động sản, quyền sử dụng đất; lắp đặt hệ thống điện; lắp đặt hệ thống cấp thoát nước, lò sưởi, điều hòa không khí; chế biến và bảo quản rau quả, thịt và các sản phẩm từ thịt..."
}