{
    "Url": "http://s.cafef.vn/hastc/SJE-cong-ty-co-phan-song-da-11.chn",
    "CenterName": "HNX",
    "Symbol": "SJE",
    "TradeCenterID": 2,
    "ChangePrice": 0,
    "VonHoa": 549.29565,
    "ChangeVolume": -95.70999570999571,
    "EPS": 2.4074991160137,
    "PE": 10.3842198045724,
    "Beta": -0.343730725174024,
    "Price": 25,
    "UpdatedDate": "/Date(1686037643766)/",
    "FullName": "Công ty Cổ phần Sông Đà 11",
    "ParentCategoryId": 345,
    "Cập nhật": "11:52 Thứ 4, 07/06/2023",
    "Mã công ty": "SJE",
    "Tên công ty": "Công ty Cổ phần Sông Đà 11 (HNX)",
    "Giá điểm": "28.6",
    "Thay đổi": "N/A",
    "Khối lượng": "600",
    "Giá tham chiếu": "26",
    "Giá trần": "28.6",
    "Giá sàn": "23.4",
    "Giá mở cửa": "N/A",
    "Giá cao nhất": "N/A",
    "Giá thấp nhất": "N/A",
    "Giao dịch NĐTNN": "Giao dịch NĐTNN",
    "KLGD ròng": "28.6",
    "GT Mua": "0 (Tỷ)",
    "GT Bán": "0 (Tỷ)",
    "Room còn lại": "N/A",
    "(*)   EPS cơ bản (nghìn đồng):": "2.45",
    "EPS pha loãng (nghìn đồng):": "2.95",
    "P/E :": "11.65",
    "Giá trị sổ sách /cp (nghìn đồng):": "26.75",
    "(**) Hệ số beta:": "-0.34",
    "KLGD khớp lệnh trung bình 10 phiên:": "3,552",
    "KLCP đang niêm yết:": "18,310,001",
    "KLCP đang lưu hành:": "21,971,826",
    "Vốn hóa thị trường (tỷ đồng):": "571.27",
    "Doanh thu": "800.91 tỷ",
    "Lợi nhuận trước thuế": "73 tỷ",
    "Lợi nhuận sau thuế": "N/A",
    "Cổ tức bằng tiền mặt": "15 %",
    "Cổ tức bằng cổ phiếu": "N/A",
    "Dự kiến tăng vốn lên": "N/A",
    "Giới thiệu công ty": "Tiền thân của Công ty là Đội điện,nước thuộc Công ty Xây dựng Thủy điện Thác Bà từ năm 1961. Đến năm 2002, với việc phát triển, đa dạng hóa ngành nghề,Công ty được đổi tên thành Công ty Sông Đà 11 và đến ngày 17/08/2004, Công ty được chuyển từ Doanh nghiệp nhà nước thành Công ty cổ phần. Lĩnh vực kinh doanh: xây lắp đường dây tải điện, trạm biến áp; xây dựng hệ thống cấp thoát nước; sản xuất kinh doanh các sản phẩm về cơ khí..."
}