{
    "Url": "http://s.cafef.vn/hastc/SPC-cong-ty-co-phan-bao-ve-thuc-vat-sai-gon.chn",
    "CenterName": "HNX",
    "Symbol": "SPC",
    "TradeCenterID": 2,
    "ChangePrice": 2.739726027397263,
    "VonHoa": 157.95,
    "ChangeVolume": -100,
    "EPS": -1.50420462702074,
    "PE": -9.97204750640165,
    "Beta": -0.0217856872109772,
    "Price": 15,
    "UpdatedDate": "/Date(1686037643766)/",
    "FullName": "Công ty Cổ phần Bảo vệ Thực vật Sài Gòn",
    "ParentCategoryId": 344,
    "Cập nhật": "11:52 Thứ 4, 07/06/2023",
    "Mã công ty": "SPC",
    "Tên công ty": "Công ty Cổ phần Bảo vệ Thực vật Sài Gòn (HNX)",
    "Giá điểm": "16.5",
    "Thay đổi": "N/A",
    "Khối lượng": "1,100",
    "Giá tham chiếu": "15",
    "Giá trần": "16.5",
    "Giá sàn": "13.5",
    "Giá mở cửa": "16",
    "Giá cao nhất": "16",
    "Giá thấp nhất": "N/A",
    "Giao dịch NĐTNN": "Giao dịch NĐTNN",
    "KLGD ròng": "16.5",
    "GT Mua": "0 (Tỷ)",
    "GT Bán": "0 (Tỷ)",
    "Room còn lại": "N/A",
    "(*)   EPS cơ bản (nghìn đồng):": "n/a",
    "EPS pha loãng (nghìn đồng):": "n/a",
    "P/E :": "n/a",
    "Giá trị sổ sách /cp (nghìn đồng):": "20.43",
    "(**) Hệ số beta:": "-0.02",
    "KLGD khớp lệnh trung bình 10 phiên:": "220",
    "KLCP đang niêm yết:": "10,530,000",
    "KLCP đang lưu hành:": "10,530,000",
    "Vốn hóa thị trường (tỷ đồng):": "157.95",
    "Doanh thu": "1,236.8 tỷ",
    "Lợi nhuận trước thuế": "36 tỷ",
    "Lợi nhuận sau thuế": "28.32 tỷ",
    "Cổ tức bằng tiền mặt": "17 %",
    "Cổ tức bằng cổ phiếu": "N/A",
    "Dự kiến tăng vốn lên": "N/A",
    "Giới thiệu công ty": "Công ty Cổ phần Bảo vệ Thực vật Sài Gòn tiền thân là Nhà máy thuốc trừ sâu Sài Gòn trực thuộc chi cục BVTV Tp.HCM được thành lập ngày 17/05/1989. Năm 2009, Công ty chính thức hoạt động dưới hình thức CTCP. Ngành nghề kinh doanh: sản xuất, gia công, mua bán phân bón, giống cây trồng, thuốc thú y thủy sản; đóng gói thuốc BVTV; dịch vụ tư vấn trồng trọt, dịch vụ xông hơi khử trùng..."
}