{
    "Url": "http://s.cafef.vn/hastc/SRA-cong-ty-co-phan-sara-viet-nam.chn",
    "CenterName": "HNX",
    "Symbol": "SRA",
    "TradeCenterID": 2,
    "ChangePrice": 0,
    "VonHoa": 185.7598882,
    "ChangeVolume": -2.6991675700342035,
    "EPS": 0.51898039643278,
    "PE": 8.28547673391156,
    "Beta": 0.804662168083428,
    "Price": 4.3,
    "UpdatedDate": "/Date(1686037643766)/",
    "FullName": "Công ty Cổ phần Sara Việt Nam",
    "ParentCategoryId": 347,
    "Cập nhật": "11:52 Thứ 4, 07/06/2023",
    "Mã công ty": "SRA",
    "Tên công ty": "Công ty Cổ phần Sara Việt Nam (HNX)",
    "Giá điểm": "4.7",
    "Thay đổi": "0.2 (4.44%)",
    "Khối lượng": "654,782",
    "Giá tham chiếu": "4.5",
    "Giá trần": "4.9",
    "Giá sàn": "4.1",
    "Giá mở cửa": "4.6",
    "Giá cao nhất": "4.8",
    "Giá thấp nhất": "N/A",
    "Giao dịch NĐTNN": "Giao dịch NĐTNN",
    "KLGD ròng": "4.8",
    "GT Mua": "0 (Tỷ)",
    "GT Bán": "0 (Tỷ)",
    "Room còn lại": "N/A",
    "(*)   EPS cơ bản (nghìn đồng):": "0.84",
    "EPS pha loãng (nghìn đồng):": "0.84",
    "P/E :": "5.61",
    "Giá trị sổ sách /cp (nghìn đồng):": "14.38",
    "(**) Hệ số beta:": "0.80",
    "KLGD khớp lệnh trung bình 10 phiên:": "861,666",
    "KLCP đang niêm yết:": "43,199,974",
    "KLCP đang lưu hành:": "43,199,974",
    "Vốn hóa thị trường (tỷ đồng):": "194.40",
    "Doanh thu": "469 tỷ",
    "Lợi nhuận trước thuế": "142.2 tỷ",
    "Lợi nhuận sau thuế": "134.7 tỷ",
    "Cổ tức bằng tiền mặt": "20 %",
    "Cổ tức bằng cổ phiếu": "N/A",
    "Dự kiến tăng vốn lên": "N/A",
    "Giới thiệu công ty": "Ngày 12/04/2004, Công ty Cổ phần SARA Việt Nam chính thức được thành lập theo giấy đăng ký kinh doanh số 0103004132 do Sở Kế hoạch & Đầu tư Thành phố Hà Nội cấp, với định hướng lĩnh vực hoạt động chính của Công ty là nghiên cứu và phát triển công nghệ thông tin, trong đó trọng tâm là gia công và cung cấp các sản phẩm phần mềm, thiết kế website."
}