{
    "Url": "http://s.cafef.vn/hastc/SSM-cong-ty-co-phan-che-tao-ket-cau-thep-vnecossm.chn",
    "CenterName": "HNX",
    "Symbol": "SSM",
    "TradeCenterID": 2,
    "ChangePrice": 0,
    "VonHoa": 29.684862,
    "ChangeVolume": 0,
    "EPS": -1.27257925264382,
    "PE": -4.71483405653111,
    "Beta": 0.759004469371659,
    "Price": 6,
    "UpdatedDate": "/Date(1686037643766)/",
    "FullName": "Công ty Cổ phần Chế tạo Kết cấu Thép VNECO.SSM",
    "ParentCategoryId": 343,
    "Cập nhật": "11:52 Thứ 4, 07/06/2023",
    "Mã công ty": "SSM",
    "Tên công ty": "Công ty Cổ phần Chế tạo Kết cấu Thép VNECO.SSM (HNX)",
    "Giá điểm": "6",
    "Thay đổi": "N/A",
    "Khối lượng": "0.0",
    "Giá tham chiếu": "6",
    "Giá trần": "6.6",
    "Giá sàn": "5.4",
    "Giá mở cửa": "N/A",
    "Giá cao nhất": "N/A",
    "Giá thấp nhất": "N/A",
    "Giao dịch NĐTNN": "Giao dịch NĐTNN",
    "KLGD ròng": "6",
    "GT Mua": "0 (Tỷ)",
    "GT Bán": "0 (Tỷ)",
    "Room còn lại": "N/A",
    "(*)   EPS cơ bản (nghìn đồng):": "n/a",
    "EPS pha loãng (nghìn đồng):": "n/a",
    "P/E :": "n/a",
    "Giá trị sổ sách /cp (nghìn đồng):": "11.93",
    "(**) Hệ số beta:": "0.76",
    "KLGD khớp lệnh trung bình 10 phiên:": "2,003",
    "KLCP đang niêm yết:": "5,501,024",
    "KLCP đang lưu hành:": "4,947,477",
    "Vốn hóa thị trường (tỷ đồng):": "29.68",
    "Doanh thu": "227.67 tỷ",
    "Lợi nhuận trước thuế": "N/A",
    "Lợi nhuận sau thuế": "5.5 tỷ",
    "Cổ tức bằng tiền mặt": "N/A",
    "Cổ tức bằng cổ phiếu": "N/A",
    "Dự kiến tăng vốn lên": "N/A",
    "Giới thiệu công ty": "Công ty Cổ phần Chế tạo kết cấu thép VNECO.SSM tiền thân là Nhà máy chế tạo kết cấu thép Đà Nẵng (trực thuộc Công ty Xây lắp điện 3) được thành lập vào ngày 31 tháng 08 năm 2001, hoạt động chủ yếu trên các lĩnh vực liên quan đến thiết kế, chế tạo kết cấu thép, cột thép, khung nhà tiền chế; mạ kẽm các sản phẩm cơ khí và dịch vụ mạ kẽm; xây lắp các công trình hệ thống lưới điện và trạm biến áp điện đến 500Kv..."
}