{
    "Url": "http://s.cafef.vn/hastc/STC-cong-ty-co-phan-sach-va-thiet-bi-truong-hoc-tp-ho-chi-minh.chn",
    "CenterName": "HNX",
    "Symbol": "STC",
    "TradeCenterID": 2,
    "ChangePrice": -0.9216589861751119,
    "VonHoa": 121.808895,
    "ChangeVolume": 66.66666666666667,
    "EPS": 2.69703993763867,
    "PE": 7.97170249500415,
    "Beta": 0.620629217421786,
    "Price": 21.5,
    "UpdatedDate": "/Date(1686037643766)/",
    "FullName": "Công ty Cổ phần Sách và Thiết bị trường học Tp. Hồ Chí Minh",
    "ParentCategoryId": 346,
    "Cập nhật": "11:52 Thứ 4, 07/06/2023",
    "Mã công ty": "STC",
    "Tên công ty": "Công ty Cổ phần Sách và Thiết bị trường học Tp. Hồ Chí Minh (HNX)",
    "Giá điểm": "21.5",
    "Thay đổi": "N/A",
    "Khối lượng": "0.0",
    "Giá tham chiếu": "21.5",
    "Giá trần": "23.6",
    "Giá sàn": "19.4",
    "Giá mở cửa": "N/A",
    "Giá cao nhất": "N/A",
    "Giá thấp nhất": "N/A",
    "Giao dịch NĐTNN": "Giao dịch NĐTNN",
    "KLGD ròng": "21.5",
    "GT Mua": "0 (Tỷ)",
    "GT Bán": "0 (Tỷ)",
    "Room còn lại": "N/A",
    "(*)   EPS cơ bản (nghìn đồng):": "2.90",
    "EPS pha loãng (nghìn đồng):": "2.90",
    "P/E :": "7.42",
    "Giá trị sổ sách /cp (nghìn đồng):": "22.70",
    "(**) Hệ số beta:": "0.62",
    "KLGD khớp lệnh trung bình 10 phiên:": "81",
    "KLCP đang niêm yết:": "5,665,530",
    "KLCP đang lưu hành:": "5,665,530",
    "Vốn hóa thị trường (tỷ đồng):": "121.81",
    "Doanh thu": "480 tỷ",
    "Lợi nhuận trước thuế": "17.8 tỷ",
    "Lợi nhuận sau thuế": "N/A",
    "Cổ tức bằng tiền mặt": "14 %",
    "Cổ tức bằng cổ phiếu": "N/A",
    "Dự kiến tăng vốn lên": "N/A",
    "Giới thiệu công ty": "Công ty Sách và Thiết bị trường học TP.HCM được thành lập theo Quyết định số 290/QĐ-UB ngày 28/12/1984 của UBND TP.HCM, từ sự hợp nhất của Phòng Phát hành – Thư viện và Trung tâm Thiết bị trường học thuộc Sở Giáo dục TP.HCM. Lĩnh vực kinh doanh: mua bán sách giáo khoa; sản xuất và cung ứng thiết bị trường học; in sách giáo khoa, in nhãn hiệu bao bì; đào tạo nghề, cho thuê văn phòng..."
}