{
    "Url": "http://s.cafef.vn/hastc/SVN-cong-ty-co-phan-tap-doan-vexilla-viet-nam.chn",
    "CenterName": "HNX",
    "Symbol": "SVN",
    "TradeCenterID": 2,
    "ChangePrice": 14.285714285714285,
    "VonHoa": 84,
    "ChangeVolume": 9.689683518290177,
    "EPS": 0.0505114055238095,
    "PE": 79.1900355676011,
    "Beta": -0.00131452107615459,
    "Price": 4,
    "UpdatedDate": "/Date(1686037643766)/",
    "FullName": "Công ty cổ phần Tập đoàn Vexilla Việt Nam",
    "ParentCategoryId": 345,
    "Cập nhật": "11:52 Thứ 4, 07/06/2023",
    "Mã công ty": "SVN",
    "Tên công ty": "Công ty cổ phần Tập đoàn Vexilla Việt Nam (HNX)",
    "Giá điểm": "4.8",
    "Thay đổi": "N/A",
    "Khối lượng": "57,100",
    "Giá tham chiếu": "4.4",
    "Giá trần": "4.8",
    "Giá sàn": "4",
    "Giá mở cửa": "N/A",
    "Giá cao nhất": "N/A",
    "Giá thấp nhất": "N/A",
    "Giao dịch NĐTNN": "Giao dịch NĐTNN",
    "KLGD ròng": "4.8",
    "GT Mua": "0 (Tỷ)",
    "GT Bán": "0.02 (Tỷ)",
    "Room còn lại": "N/A",
    "(*)   EPS cơ bản (nghìn đồng):": "0.04",
    "EPS pha loãng (nghìn đồng):": "0.04",
    "P/E :": "110.98",
    "Giá trị sổ sách /cp (nghìn đồng):": "10.55",
    "(**) Hệ số beta:": "0.00",
    "KLGD khớp lệnh trung bình 10 phiên:": "5,440",
    "KLCP đang niêm yết:": "21,000,000",
    "KLCP đang lưu hành:": "21,000,000",
    "Vốn hóa thị trường (tỷ đồng):": "84.00",
    "Doanh thu": "250 tỷ",
    "Lợi nhuận trước thuế": "1.5 tỷ",
    "Lợi nhuận sau thuế": "N/A",
    "Cổ tức bằng tiền mặt": "N/A",
    "Cổ tức bằng cổ phiếu": "N/A",
    "Dự kiến tăng vốn lên": "N/A",
    "Giới thiệu công ty": "Được thành lập từ năm 2005 trải qua quá trình hoạt động với hàng loạt biến động về kinh tế vĩ mô cũng như thay đổi về mô hình tổ chức của Công ty, đến nay Solavina đã dần khẳng định được vị trí của mình trên thương trường. Solavina đã luôn nỗ lực không ngừng để thực hiện tốt mục tiêu: Công ty mạnh - Thành viên giàu - Nhà đầu tư hưởng lợi - Đóng góp nhiều cho Cộng đồng và xã hội."
}