{
    "Url": "http://s.cafef.vn/hastc/TAR-cong-ty-co-phan-nong-nghiep-cong-nghe-cao-trung-an.chn",
    "CenterName": "HNX",
    "Symbol": "TAR",
    "TradeCenterID": 2,
    "ChangePrice": 1.282051282051289,
    "VonHoa": 1237.4524766,
    "ChangeVolume": -14.509756906359208,
    "EPS": 0.538044535768153,
    "PE": 29.3655988485093,
    "Beta": 0,
    "Price": 15.8,
    "UpdatedDate": "/Date(1686037643766)/",
    "FullName": "Công ty Cổ phần Nông nghiệp Công nghệ cao Trung An",
    "ParentCategoryId": 338,
    "Cập nhật": "11:53 Thứ 4, 07/06/2023",
    "Mã công ty": "TAR",
    "Tên công ty": "Công ty Cổ phần Nông nghiệp Công nghệ cao Trung An (HNX)",
    "Giá điểm": "15.8",
    "Thay đổi": "-0.2 (-1.25%)",
    "Khối lượng": "788,552",
    "Giá tham chiếu": "16",
    "Giá trần": "17.6",
    "Giá sàn": "14.4",
    "Giá mở cửa": "16.3",
    "Giá cao nhất": "N/A",
    "Giá thấp nhất": "15.8",
    "Giao dịch NĐTNN": "Giao dịch NĐTNN",
    "KLGD ròng": "16.3",
    "GT Mua": "0 (Tỷ)",
    "GT Bán": "0 (Tỷ)",
    "Room còn lại": "N/A",
    "(*)   EPS cơ bản (nghìn đồng):": "0.59",
    "EPS pha loãng (nghìn đồng):": "0.59",
    "P/E :": "26.70",
    "Giá trị sổ sách /cp (nghìn đồng):": "16.07",
    "(**) Hệ số beta:": "n/a",
    "KLGD khớp lệnh trung bình 10 phiên:": "1,982,153",
    "KLCP đang niêm yết:": "78,319,777",
    "KLCP đang lưu hành:": "78,319,777",
    "Vốn hóa thị trường (tỷ đồng):": "1,253.12",
    "Doanh thu": "3,500 tỷ",
    "Lợi nhuận trước thuế": "N/A",
    "Lợi nhuận sau thuế": "110 tỷ",
    "Cổ tức bằng tiền mặt": "10 %",
    "Cổ tức bằng cổ phiếu": "N/A",
    "Dự kiến tăng vốn lên": "N/A",
    "Giới thiệu công ty": "Công ty Cổ phần Nông nghiệp Công nghệ cao TRUNG AN (Công ty Trung An), tiền thân là Công ty TNHH Trung An, được thành lập ngày 16/08/1996 tại Ấp Thạnh Phước 1, Xã Trung An, Quận Thốt Nốt, Thành phố Cần Thơ. Với hoạt động: Kinh doanh chế biến xay xát gạo."
}