{
    "Url": "http://s.cafef.vn/hastc/TBX-cong-ty-co-phan-xi-mang-thai-binh.chn",
    "CenterName": "HNX",
    "Symbol": "TBX",
    "TradeCenterID": 2,
    "ChangePrice": 0,
    "VonHoa": 33.679244,
    "ChangeVolume": 0,
    "EPS": 0.213527536943613,
    "PE": 104.436178673708,
    "Beta": 0.307422662343353,
    "Price": 22.3,
    "UpdatedDate": "/Date(1686037643766)/",
    "FullName": "Công ty Cổ phần Xi măng Thái Bình",
    "ParentCategoryId": 345,
    "Cập nhật": "11:53 Thứ 4, 07/06/2023",
    "Mã công ty": "TBX",
    "Tên công ty": "Công ty Cổ phần Xi măng Thái Bình (HNX)",
    "Giá điểm": "22.3",
    "Thay đổi": "N/A",
    "Khối lượng": "0.0",
    "Giá tham chiếu": "22.3",
    "Giá trần": "24.5",
    "Giá sàn": "20.1",
    "Giá mở cửa": "N/A",
    "Giá cao nhất": "N/A",
    "Giá thấp nhất": "N/A",
    "Giao dịch NĐTNN": "Giao dịch NĐTNN",
    "KLGD ròng": "22.3",
    "GT Mua": "0 (Tỷ)",
    "GT Bán": "0 (Tỷ)",
    "Room còn lại": "N/A",
    "(*)   EPS cơ bản (nghìn đồng):": "0.23",
    "EPS pha loãng (nghìn đồng):": "0.23",
    "P/E :": "97.10",
    "Giá trị sổ sách /cp (nghìn đồng):": "13.55",
    "(**) Hệ số beta:": "0.31",
    "KLGD khớp lệnh trung bình 10 phiên:": "n/a",
    "KLCP đang niêm yết:": "1,510,280",
    "KLCP đang lưu hành:": "1,510,280",
    "Vốn hóa thị trường (tỷ đồng):": "33.68",
    "Doanh thu": "20 tỷ",
    "Lợi nhuận trước thuế": "0.5 tỷ",
    "Lợi nhuận sau thuế": "N/A",
    "Cổ tức bằng tiền mặt": "N/A",
    "Cổ tức bằng cổ phiếu": "N/A",
    "Dự kiến tăng vốn lên": "N/A",
    "Giới thiệu công ty": "Được thành lập từ năm 1979 đến nay, Công ty CP Xi măng Thái Bình là đơn vị dẫn đầu cả nước trong lĩnh vực sản xuất - kinh doanh sản phẩm xi măng trắng. Trải qua 30 năm phát triển, chất lượng xi măng trắng Thái Bình đã không ngừng được nâng cao đáp ứng được hầu hết nhu cầu của các nhà máy sản xuất Sơn - Bột trét tường, Gạch Block - Terrazzo, Granito cũng như các nhu cầu dân dụng khác. Công ty sản xuất hai sản phẩm chính là PCW 30.I và PCW 40.I, và các sản phẩm xi măng trắng theo yêu cầu đặc thù của khách hàng."
}