{
    "Url": "http://s.cafef.vn/hastc/TDN-cong-ty-co-phan-than-deo-nai-vinacomin.chn",
    "CenterName": "HNX",
    "Symbol": "TDN",
    "TradeCenterID": 2,
    "ChangePrice": 3.6611655918318733,
    "VonHoa": 332.6617961,
    "ChangeVolume": 0.2033901572658965,
    "EPS": 0.628856370164805,
    "PE": 17.9691270314056,
    "Beta": -0.0651126106388572,
    "Price": 11.3,
    "UpdatedDate": "/Date(1686037643766)/",
    "FullName": "Công ty Cổ phần Than Đèo Nai - Vinacomin ",
    "ParentCategoryId": 340,
    "Cập nhật": "11:53 Thứ 4, 07/06/2023",
    "Mã công ty": "TDN",
    "Tên công ty": "Công ty Cổ phần Than Đèo Nai - Vinacomin  (HNX)",
    "Giá điểm": "11.2",
    "Thay đổi": "0.1 (0.9%)",
    "Khối lượng": "30,400",
    "Giá tham chiếu": "11.1",
    "Giá trần": "12.2",
    "Giá sàn": "10",
    "Giá mở cửa": "11.2",
    "Giá cao nhất": "11.2",
    "Giá thấp nhất": "N/A",
    "Giao dịch NĐTNN": "Giao dịch NĐTNN",
    "KLGD ròng": "11.2",
    "GT Mua": "0 (Tỷ)",
    "GT Bán": "0 (Tỷ)",
    "Room còn lại": "N/A",
    "(*)   EPS cơ bản (nghìn đồng):": "0.67",
    "EPS pha loãng (nghìn đồng):": "0.67",
    "P/E :": "16.59",
    "Giá trị sổ sách /cp (nghìn đồng):": "11.22",
    "(**) Hệ số beta:": "-0.07",
    "KLGD khớp lệnh trung bình 10 phiên:": "159,626",
    "KLCP đang niêm yết:": "29,439,097",
    "KLCP đang lưu hành:": "29,439,097",
    "Vốn hóa thị trường (tỷ đồng):": "326.77",
    "Doanh thu": "3,749 tỷ",
    "Lợi nhuận trước thuế": "56.03 tỷ",
    "Lợi nhuận sau thuế": "N/A",
    "Cổ tức bằng tiền mặt": "6 %",
    "Cổ tức bằng cổ phiếu": "N/A",
    "Dự kiến tăng vốn lên": "N/A",
    "Giới thiệu công ty": "Công ty CP Than Đèo Nai – TKV, năm giữa trung tâm vùng than Cẩm Phả, Quảng Ninh, là mỏ than duy nhất được Bác Hồ về thăm. Trải qua 48 năm xây dựng và trưởng thành, Công ty Cổ phần Than Đèo Nai, đã liên tục hoàn thành vượt mức các kế hoạch Nhà nước giao hàng năm. Công ty đã vinh dự được phong tặng danh hiệu: Anh hùng lực lượng vũ trang và Anh hùng lao động trong thời kỳ đổi mới, 5 lần được giữ cờ thưởng thi đua luân lưu của Bác Hồ cho ngành than, 2 công nhân được Bác tặng Huy hiệu Bác Hồ, 2 cá nhân được phong tặng danh hiệu Anh hùng lao động."
}