{
    "Url": "http://s.cafef.vn/hastc/THB-cong-ty-co-phan-bia-ha-noi-thanh-hoa.chn",
    "CenterName": "HNX",
    "Symbol": "THB",
    "TradeCenterID": 2,
    "ChangePrice": 0,
    "VonHoa": 142.807125,
    "ChangeVolume": -100,
    "EPS": 1.1285714614623,
    "PE": 11.0759490442932,
    "Beta": 0.223293313469459,
    "Price": 12.5,
    "UpdatedDate": "/Date(1686037643766)/",
    "FullName": "Công ty cổ phần Bia Hà Nội - Thanh Hóa",
    "ParentCategoryId": 339,
    "Cập nhật": "11:53 Thứ 4, 07/06/2023",
    "Mã công ty": "THB",
    "Tên công ty": "Công ty cổ phần Bia Hà Nội - Thanh Hóa (HNX)",
    "Giá điểm": "12.5",
    "Thay đổi": "N/A",
    "Khối lượng": "0.0",
    "Giá tham chiếu": "12.5",
    "Giá trần": "13.7",
    "Giá sàn": "11.3",
    "Giá mở cửa": "N/A",
    "Giá cao nhất": "N/A",
    "Giá thấp nhất": "N/A",
    "Giao dịch NĐTNN": "Giao dịch NĐTNN",
    "KLGD ròng": "12.5",
    "GT Mua": "0 (Tỷ)",
    "GT Bán": "0 (Tỷ)",
    "Room còn lại": "N/A",
    "(*)   EPS cơ bản (nghìn đồng):": "1.16",
    "EPS pha loãng (nghìn đồng):": "1.16",
    "P/E :": "10.75",
    "Giá trị sổ sách /cp (nghìn đồng):": "13.47",
    "(**) Hệ số beta:": "0.22",
    "KLGD khớp lệnh trung bình 10 phiên:": "80",
    "KLCP đang niêm yết:": "11,424,570",
    "KLCP đang lưu hành:": "11,424,570",
    "Vốn hóa thị trường (tỷ đồng):": "142.81",
    "Doanh thu": "N/A",
    "Lợi nhuận trước thuế": "7.9 tỷ",
    "Lợi nhuận sau thuế": "5.79 tỷ",
    "Cổ tức bằng tiền mặt": "3 %",
    "Cổ tức bằng cổ phiếu": "N/A",
    "Dự kiến tăng vốn lên": "N/A",
    "Giới thiệu công ty": "Nhờ có dây chuyền sản xuất bia chất lượng cao nhập khẩu đồng bộ, dây chuyền chiết bia chai nhập khẩu đồng bộ của CHLB Đức, áp dụng thành công các hệ thống quản lý bia sản xuất luôn có chất lượng ổn định, an toàn, đáp ứng yêu cầu ngày càng khắt khe của khách hàng  trong nước và giữ vững được đơn hàng lớn của các đối tác hợp tác sản xuất và đơn hàng bia xuất khẩu đi Nam Phi, Singapore, Thái Lan  và các đối tác tiềm năng như Nhật, úc,..."
}