{
    "Url": "http://s.cafef.vn/hastc/THD-cong-ty-co-phan-thaiholdings.chn",
    "CenterName": "HNX",
    "Symbol": "THD",
    "TradeCenterID": 2,
    "ChangePrice": 0.5012531328320874,
    "VonHoa": 14035,
    "ChangeVolume": 40.046804153868656,
    "EPS": 0.1981084251261,
    "PE": 202.414410060933,
    "Beta": 0,
    "Price": 40.1,
    "UpdatedDate": "/Date(1686037643766)/",
    "FullName": "Công ty Cổ phần Thaiholdings",
    "ParentCategoryId": 345,
    "Cập nhật": "11:53 Thứ 4, 07/06/2023",
    "Mã công ty": "THD",
    "Tên công ty": "Công ty Cổ phần Thaiholdings (HNX)",
    "Giá điểm": "40.4",
    "Thay đổi": "0.1 (0.25%)",
    "Khối lượng": "12,300",
    "Giá tham chiếu": "40.3",
    "Giá trần": "44.3",
    "Giá sàn": "36.3",
    "Giá mở cửa": "40.4",
    "Giá cao nhất": "41.1",
    "Giá thấp nhất": "N/A",
    "Giao dịch NĐTNN": "Giao dịch NĐTNN",
    "KLGD ròng": "41.1",
    "GT Mua": "0 (Tỷ)",
    "GT Bán": "0.07 (Tỷ)",
    "Room còn lại": "N/A",
    "(*)   EPS cơ bản (nghìn đồng):": "0.89",
    "EPS pha loãng (nghìn đồng):": "0.89",
    "P/E :": "45.23",
    "Giá trị sổ sách /cp (nghìn đồng):": "14.32",
    "(**) Hệ số beta:": "n/a",
    "KLGD khớp lệnh trung bình 10 phiên:": "11,010",
    "KLCP đang niêm yết:": "350,000,000",
    "KLCP đang lưu hành:": "350,000,000",
    "Vốn hóa thị trường (tỷ đồng):": "14,105.00",
    "Doanh thu": "3,272 tỷ",
    "Lợi nhuận trước thuế": "358 tỷ",
    "Lợi nhuận sau thuế": "241 tỷ",
    "Cổ tức bằng tiền mặt": "N/A",
    "Cổ tức bằng cổ phiếu": "N/A",
    "Dự kiến tăng vốn lên": "N/A",
    "Giới thiệu công ty": "CTCP Thaiholdings được thành lập từ năm 2011 với tên gọi đầu tiên là Công CTCP Đầu tư phát triển Kinh Thành. CTCP Thaiholdings là công ty đa ngành mạnh cả về quy mô và chất lượng hoạt động. Với tiêu chí không ngừng cải thiện chất lượng sản phẩm và dịch vụ, tiên phong đón đầu xu hướng mới, CTCP Thaiholdings mong muốn mang lại giá trị gia tăng cho đối tác và khách hàng, mang lại giá trị nghề nghiệp cho nhân viên, góp phần phát triển và mang lại giá trị có ích cho cộng đồng và xã hội."
}