{
    "Url": "http://s.cafef.vn/hastc/THS-cong-ty-co-phan-thanh-hoa-song-da.chn",
    "CenterName": "HNX",
    "Symbol": "THS",
    "TradeCenterID": 2,
    "ChangePrice": 0,
    "VonHoa": 29.97,
    "ChangeVolume": 66.66666666666667,
    "EPS": 1.15583749106726,
    "PE": 9.60342616136344,
    "Beta": 0.237702068486007,
    "Price": 11.1,
    "UpdatedDate": "/Date(1686037643766)/",
    "FullName": "Công ty cổ phần Thanh Hoa - Sông Đà",
    "ParentCategoryId": 345,
    "Cập nhật": "11:53 Thứ 4, 07/06/2023",
    "Mã công ty": "THS",
    "Tên công ty": "Công ty cổ phần Thanh Hoa - Sông Đà (HNX)",
    "Giá điểm": "12.1",
    "Thay đổi": "N/A",
    "Khối lượng": "0.0",
    "Giá tham chiếu": "12.1",
    "Giá trần": "13.3",
    "Giá sàn": "10.9",
    "Giá mở cửa": "N/A",
    "Giá cao nhất": "N/A",
    "Giá thấp nhất": "N/A",
    "Giao dịch NĐTNN": "Giao dịch NĐTNN",
    "KLGD ròng": "12.1",
    "GT Mua": "0 (Tỷ)",
    "GT Bán": "0 (Tỷ)",
    "Room còn lại": "N/A",
    "(*)   EPS cơ bản (nghìn đồng):": "1.24",
    "EPS pha loãng (nghìn đồng):": "1.11",
    "P/E :": "9.78",
    "Giá trị sổ sách /cp (nghìn đồng):": "14.36",
    "(**) Hệ số beta:": "0.24",
    "KLGD khớp lệnh trung bình 10 phiên:": "50",
    "KLCP đang niêm yết:": "3,000,000",
    "KLCP đang lưu hành:": "2,700,000",
    "Vốn hóa thị trường (tỷ đồng):": "32.67",
    "Doanh thu": "300 tỷ",
    "Lợi nhuận trước thuế": "4.5 tỷ",
    "Lợi nhuận sau thuế": "3.5 tỷ",
    "Cổ tức bằng tiền mặt": "8 %",
    "Cổ tức bằng cổ phiếu": "N/A",
    "Dự kiến tăng vốn lên": "N/A",
    "Giới thiệu công ty": "Công ty Cổ phần Thanh Hoa Sông Đà có tiền thân là Công ty công nghệ phẩm Thanh Hóa, cổ phần  hóa theo Nghị định 64/CP của Chính phủ. Ngày 05/11/2013, cổ phiếu của Công ty được niêm yết trên Sở giao dịch chứng khoán HN. Ngành nghề kinh doanh: kinh doanh thương mại: bán buôn các mặt hàng đồ sứ, đồ nhôm gia dụng, cung cấp và lắp nội thất văn phòng...; dịch vụ cho thuê: cho thuê showroom bán hàng, siêu thị, trung tâm thương mại..."
}