{
    "Url": "http://s.cafef.vn/hastc/TKU-cong-ty-co-phan-cong-nghiep-tung-kuang.chn",
    "CenterName": "HNX",
    "Symbol": "TKU",
    "TradeCenterID": 2,
    "ChangePrice": -1.5748031496062938,
    "VonHoa": 532.746225,
    "ChangeVolume": 30.208333333333332,
    "EPS": 1.05082382125679,
    "PE": 11.8954288503376,
    "Beta": 1.45929366400841,
    "Price": 12.5,
    "UpdatedDate": "/Date(1686037643766)/",
    "FullName": "Công ty Cổ phần Công nghiệp Tung Kuang",
    "ParentCategoryId": 345,
    "Cập nhật": "11:53 Thứ 4, 07/06/2023",
    "Mã công ty": "TKU",
    "Tên công ty": "Công ty Cổ phần Công nghiệp Tung Kuang (HNX)",
    "Giá điểm": "12.6",
    "Thay đổi": "N/A",
    "Khối lượng": "4",
    "Giá tham chiếu": "12.6",
    "Giá trần": "13.8",
    "Giá sàn": "11.4",
    "Giá mở cửa": "N/A",
    "Giá cao nhất": "N/A",
    "Giá thấp nhất": "N/A",
    "Giao dịch NĐTNN": "Giao dịch NĐTNN",
    "KLGD ròng": "12.6",
    "GT Mua": "0 (Tỷ)",
    "GT Bán": "0 (Tỷ)",
    "Room còn lại": "N/A",
    "(*)   EPS cơ bản (nghìn đồng):": "1.22",
    "EPS pha loãng (nghìn đồng):": "7.89",
    "P/E :": "10.31",
    "Giá trị sổ sách /cp (nghìn đồng):": "14.61",
    "(**) Hệ số beta:": "1.46",
    "KLGD khớp lệnh trung bình 10 phiên:": "292",
    "KLCP đang niêm yết:": "6,596,372",
    "KLCP đang lưu hành:": "42,619,698",
    "Vốn hóa thị trường (tỷ đồng):": "537.01",
    "Doanh thu": "850 tỷ",
    "Lợi nhuận trước thuế": "N/A",
    "Lợi nhuận sau thuế": "55 tỷ",
    "Cổ tức bằng tiền mặt": "N/A",
    "Cổ tức bằng cổ phiếu": "N/A",
    "Dự kiến tăng vốn lên": "N/A",
    "Giới thiệu công ty": "Xuyên suốt  quá trình trên 10 năm hoạt động kinh doanh của Công ty, với phương châm “Thành công và phát triển, uy tín và bền vững”sẽ thôi thúc Công ty không ngừng đầu tư và mở rộng hơn nữa về mọi mặt để đáp ứng những nhu cầu khắt khe của thị trường Quốc tế cũng như trong nước, điều đó đã phần nào khẳng định vị thế, thương hiệu của Tung Kuang tại Việt Nam."
}