{
    "Url": "http://s.cafef.vn/hastc/TNG-cong-ty-co-phan-dau-tu-va-thuong-mai-tng.chn",
    "CenterName": "HNX",
    "Symbol": "TNG",
    "TradeCenterID": 2,
    "ChangePrice": 4.0609137055837605,
    "VonHoa": 2154.914039,
    "ChangeVolume": -8.149974514372774,
    "EPS": 2.71724361791348,
    "PE": 7.544410028182,
    "Beta": 1.85321181316274,
    "Price": 20.5,
    "UpdatedDate": "/Date(1686037643766)/",
    "FullName": "Công ty Cổ phần Đầu tư và Thương mại TNG",
    "ParentCategoryId": 339,
    "Cập nhật": "11:53 Thứ 4, 07/06/2023",
    "Mã công ty": "TNG",
    "Tên công ty": "Công ty Cổ phần Đầu tư và Thương mại TNG (HNX)",
    "Giá điểm": "20.5",
    "Thay đổi": "0.1 (0.49%)",
    "Khối lượng": "1,089,695",
    "Giá tham chiếu": "20.4",
    "Giá trần": "22.4",
    "Giá sàn": "18.4",
    "Giá mở cửa": "20.5",
    "Giá cao nhất": "20.6",
    "Giá thấp nhất": "N/A",
    "Giao dịch NĐTNN": "Giao dịch NĐTNN",
    "KLGD ròng": "20.6",
    "GT Mua": "0 (Tỷ)",
    "GT Bán": "0 (Tỷ)",
    "Room còn lại": "N/A",
    "(*)   EPS cơ bản (nghìn đồng):": "2.79",
    "EPS pha loãng (nghìn đồng):": "2.79",
    "P/E :": "7.34",
    "Giá trị sổ sách /cp (nghìn đồng):": "16.85",
    "(**) Hệ số beta:": "1.85",
    "KLGD khớp lệnh trung bình 10 phiên:": "2,412,661",
    "KLCP đang niêm yết:": "105,117,758",
    "KLCP đang lưu hành:": "105,117,758",
    "Vốn hóa thị trường (tỷ đồng):": "2,144.40",
    "Doanh thu": "6,800 tỷ",
    "Lợi nhuận trước thuế": "N/A",
    "Lợi nhuận sau thuế": "299 tỷ",
    "Cổ tức bằng tiền mặt": "16 %",
    "Cổ tức bằng cổ phiếu": "N/A",
    "Dự kiến tăng vốn lên": "N/A",
    "Giới thiệu công ty": "TNG trong 10 năm tới sẽ bán 100% sản phẩm bằng chính thương hiệu của mình là TNG, trước hết là bán sản phẩm tại thị trường Việt Nam, tiếp là thị trường ASEAN và châu Á, sau đó là thị trường EU và Mỹ. Với lòng quyết tâm và sự nỗ lực không ngừng của Hội đồng quản trị, Ban điều hành và toàn thể cán bộ - nhân viên, TNG sẽ tiếp tục thay đổi và hoàn thiện với thông điệp của Chủ tịch hội đồng quản trị: \"Khách hàng là người trả lương cho chúng ta\""
}