{
    "Url": "http://s.cafef.vn/hastc/TPH-cong-ty-co-phan-in-sach-giao-khoa-tai-tp-ha-noi.chn",
    "CenterName": "HNX",
    "Symbol": "TPH",
    "TradeCenterID": 2,
    "ChangePrice": 0.680272108843547,
    "VonHoa": 31.020578,
    "ChangeVolume": -99.73929236499069,
    "EPS": 0.611073150836289,
    "PE": 24.219686267913,
    "Beta": 0.305845237051967,
    "Price": 14.8,
    "UpdatedDate": "/Date(1686037643766)/",
    "FullName": "Công ty Cổ phần In Sách giáo khoa tại T.P Hà Nội",
    "ParentCategoryId": 346,
    "Cập nhật": "11:53 Thứ 4, 07/06/2023",
    "Mã công ty": "TPH",
    "Tên công ty": "Công ty Cổ phần In Sách giáo khoa tại T.P Hà Nội (HNX)",
    "Giá điểm": "13.4",
    "Thay đổi": "N/A",
    "Khối lượng": "0.0",
    "Giá tham chiếu": "13.4",
    "Giá trần": "14.7",
    "Giá sàn": "12.1",
    "Giá mở cửa": "N/A",
    "Giá cao nhất": "N/A",
    "Giá thấp nhất": "N/A",
    "Giao dịch NĐTNN": "Giao dịch NĐTNN",
    "KLGD ròng": "13.4",
    "GT Mua": "0 (Tỷ)",
    "GT Bán": "0 (Tỷ)",
    "Room còn lại": "N/A",
    "(*)   EPS cơ bản (nghìn đồng):": "0.64",
    "EPS pha loãng (nghìn đồng):": "0.64",
    "P/E :": "20.92",
    "Giá trị sổ sách /cp (nghìn đồng):": "12.01",
    "(**) Hệ số beta:": "0.31",
    "KLGD khớp lệnh trung bình 10 phiên:": "1,353",
    "KLCP đang niêm yết:": "2,095,985",
    "KLCP đang lưu hành:": "2,095,985",
    "Vốn hóa thị trường (tỷ đồng):": "28.09",
    "Doanh thu": "34 tỷ",
    "Lợi nhuận trước thuế": "2.2 tỷ",
    "Lợi nhuận sau thuế": "N/A",
    "Cổ tức bằng tiền mặt": "8 %",
    "Cổ tức bằng cổ phiếu": "N/A",
    "Dự kiến tăng vốn lên": "N/A",
    "Giới thiệu công ty": "Công ty Cổ phần In Sách Giáo khoa Hòa Phát, tiền thân là Xí nghiệp In Sách Giáo khoa Hòa Phát thuộc Nhà xuất bản Giáo dục - Bộ Giáo dục và Đào tạo được thành lập từ tháng 4/1996. Công ty chính thức chuyển thành CTCP từ ngày 12/01/2004. Ngành nghề kinh doanh: In sách giao khoa, sách khác, báo, tạp chí, tập san, nhãn, biểu, sản phẩm bao bì và các giấy tờ quản lý kinh tế xã hội; Sản xuất và kinh doanh các loại văn phòng phẩm;..."
}