{
    "Url": "http://s.cafef.vn/hastc/TPP-cong-ty-co-phan-tan-phu-viet-nam.chn",
    "CenterName": "HNX",
    "Symbol": "TPP",
    "TradeCenterID": 2,
    "ChangePrice": -9.565217391304346,
    "VonHoa": 468,
    "ChangeVolume": -69.23076923076923,
    "EPS": 0.3036065352098,
    "PE": 34.254862112284,
    "Beta": 0.194023310840417,
    "Price": 10.4,
    "UpdatedDate": "/Date(1686037643766)/",
    "FullName": "Công ty Cổ phần Tân Phú Việt Nam",
    "ParentCategoryId": 344,
    "Cập nhật": "11:53 Thứ 4, 07/06/2023",
    "Mã công ty": "TPP",
    "Tên công ty": "Công ty Cổ phần Tân Phú Việt Nam (HNX)",
    "Giá điểm": "11.3",
    "Thay đổi": "N/A",
    "Khối lượng": "0.0",
    "Giá tham chiếu": "11.3",
    "Giá trần": "12.4",
    "Giá sàn": "10.2",
    "Giá mở cửa": "N/A",
    "Giá cao nhất": "N/A",
    "Giá thấp nhất": "N/A",
    "Giao dịch NĐTNN": "Giao dịch NĐTNN",
    "KLGD ròng": "11.3",
    "GT Mua": "0 (Tỷ)",
    "GT Bán": "0 (Tỷ)",
    "Room còn lại": "N/A",
    "(*)   EPS cơ bản (nghìn đồng):": "0.32",
    "EPS pha loãng (nghìn đồng):": "0.32",
    "P/E :": "35.34",
    "Giá trị sổ sách /cp (nghìn đồng):": "10.92",
    "(**) Hệ số beta:": "0.19",
    "KLGD khớp lệnh trung bình 10 phiên:": "173",
    "KLCP đang niêm yết:": "45,000,000",
    "KLCP đang lưu hành:": "45,000,000",
    "Vốn hóa thị trường (tỷ đồng):": "508.50",
    "Doanh thu": "2,500 tỷ",
    "Lợi nhuận trước thuế": "27.3 tỷ",
    "Lợi nhuận sau thuế": "20.1 tỷ",
    "Cổ tức bằng tiền mặt": "N/A",
    "Cổ tức bằng cổ phiếu": "N/A",
    "Dự kiến tăng vốn lên": "N/A",
    "Giới thiệu công ty": "Hệ thống các thiết bị đa dạng từ máy ép phun, ép thổi, đùn thổi, thổi tự động, bán tự động… giúp Tân Phú cung cấp nhiều loại sản phẩm phong phú và đáp ứng được nhu cầu riêng biệt của các khách hàng. Với cam kết luôn nỗ lực hơn nữa để cải tiến bản thân và mang đến cho khách hàng những giá trị mới, Tân Phú tự hào luôn được các khách hàng tin tưởng lựa chọn vì uy tín cũng như chất lượng sản phẩm cao và ổn định."
}