{
    "Url": "http://s.cafef.vn/hastc/TSB-cong-ty-co-phan-ac-quy-tia-sang.chn",
    "CenterName": "HNX",
    "Symbol": "TSB",
    "TradeCenterID": 2,
    "ChangePrice": -2.7777777777777777,
    "VonHoa": 236.0918,
    "ChangeVolume": -72.72313986967723,
    "EPS": 0.436713383776988,
    "PE": 80.1440974794422,
    "Beta": 0.20017490161784,
    "Price": 35,
    "UpdatedDate": "/Date(1686037643766)/",
    "FullName": "Công ty Cổ phần Ắc quy Tia sáng ",
    "ParentCategoryId": 343,
    "Cập nhật": "11:53 Thứ 4, 07/06/2023",
    "Mã công ty": "TSB",
    "Tên công ty": "Công ty Cổ phần Ắc quy Tia sáng  (HNX)",
    "Giá điểm": "35",
    "Thay đổi": "N/A",
    "Khối lượng": "3,800",
    "Giá tham chiếu": "35",
    "Giá trần": "38.5",
    "Giá sàn": "31.5",
    "Giá mở cửa": "N/A",
    "Giá cao nhất": "N/A",
    "Giá thấp nhất": "N/A",
    "Giao dịch NĐTNN": "Giao dịch NĐTNN",
    "KLGD ròng": "35",
    "GT Mua": "0 (Tỷ)",
    "GT Bán": "0 (Tỷ)",
    "Room còn lại": "N/A",
    "(*)   EPS cơ bản (nghìn đồng):": "0.46",
    "EPS pha loãng (nghìn đồng):": "0.46",
    "P/E :": "76.14",
    "Giá trị sổ sách /cp (nghìn đồng):": "11.54",
    "(**) Hệ số beta:": "0.20",
    "KLGD khớp lệnh trung bình 10 phiên:": "5,251",
    "KLCP đang niêm yết:": "6,745,480",
    "KLCP đang lưu hành:": "6,745,480",
    "Vốn hóa thị trường (tỷ đồng):": "236.09",
    "Doanh thu": "188 tỷ",
    "Lợi nhuận trước thuế": "5.15 tỷ",
    "Lợi nhuận sau thuế": "N/A",
    "Cổ tức bằng tiền mặt": "N/A",
    "Cổ tức bằng cổ phiếu": "N/A",
    "Dự kiến tăng vốn lên": "N/A",
    "Giới thiệu công ty": "Công ty cổ phần Ắc quy Tia sáng trước đây là Nhà máy ắc quy Tam Bạc. Sản phẩm của TIBACO có uy tín chất lượng ổn định được người tiêu dùng bình chọn là Hàng Việt Nam chất lượng cao nhiều năm. Được thị trường Hàn Quốc, Đài Loan, Bỉ, Anh, Thuỵ điển.v.v.. mua với khối lượng lớn."
}