{
    "Url": "http://s.cafef.vn/hastc/TTC-cong-ty-co-phan-gach-men-thanh-thanh.chn",
    "CenterName": "HNX",
    "Symbol": "TTC",
    "TradeCenterID": 2,
    "ChangePrice": 4.545454545454546,
    "VonHoa": 68.316072,
    "ChangeVolume": -11.764705882352942,
    "EPS": 1.01659223035038,
    "PE": 11.3123036520123,
    "Beta": 0.0568749452282885,
    "Price": 11.5,
    "UpdatedDate": "/Date(1686037643766)/",
    "FullName": "Công ty Cổ phần Gạch men Thanh Thanh ",
    "ParentCategoryId": 345,
    "Cập nhật": "11:53 Thứ 4, 07/06/2023",
    "Mã công ty": "TTC",
    "Tên công ty": "Công ty Cổ phần Gạch men Thanh Thanh  (HNX)",
    "Giá điểm": "11.1",
    "Thay đổi": "-0.2 (-1.77%)",
    "Khối lượng": "1,600",
    "Giá tham chiếu": "11.3",
    "Giá trần": "12.4",
    "Giá sàn": "10.2",
    "Giá mở cửa": "N/A",
    "Giá cao nhất": "N/A",
    "Giá thấp nhất": "11.1",
    "Giao dịch NĐTNN": "Giao dịch NĐTNN",
    "KLGD ròng": "11.1",
    "GT Mua": "0 (Tỷ)",
    "GT Bán": "0.01 (Tỷ)",
    "Room còn lại": "N/A",
    "(*)   EPS cơ bản (nghìn đồng):": "1.11",
    "EPS pha loãng (nghìn đồng):": "1.10",
    "P/E :": "9.98",
    "Giá trị sổ sách /cp (nghìn đồng):": "20.37",
    "(**) Hệ số beta:": "0.06",
    "KLGD khớp lệnh trung bình 10 phiên:": "910",
    "KLCP đang niêm yết:": "5,992,348",
    "KLCP đang lưu hành:": "5,940,528",
    "Vốn hóa thị trường (tỷ đồng):": "67.13",
    "Doanh thu": "324.65 tỷ",
    "Lợi nhuận trước thuế": "12.24 tỷ",
    "Lợi nhuận sau thuế": "N/A",
    "Cổ tức bằng tiền mặt": "10 %",
    "Cổ tức bằng cổ phiếu": "N/A",
    "Dự kiến tăng vốn lên": "N/A",
    "Giới thiệu công ty": "Trước năm 1975, Nhà máy Gạch men ThanhThanh thuộc sở hữu của một nhóm chủ người Hoa. Qua 1 vài lần thay đổi, Nhà máy được đổi tên thành Công ty Gạch men Thanh Thanh theo quyết định ngày 27/03/1995 với chức năng chính là sản xuất kinh doanh gạch men và vật liệu xây dựng."
}