{
    "Url": "http://s.cafef.vn/hastc/TTH-cong-ty-co-phan-thuong-mai-va-dich-vu-tien-thanh.chn",
    "CenterName": "HNX",
    "Symbol": "TTH",
    "TradeCenterID": 2,
    "ChangePrice": 15.38461538461538,
    "VonHoa": 112.12458,
    "ChangeVolume": -42.8914619965008,
    "EPS": -0.0497476079696352,
    "PE": -60.3044070346283,
    "Beta": 0,
    "Price": 3,
    "UpdatedDate": "/Date(1686037643766)/",
    "FullName": "Công ty cổ phần Thương mại và Dịch vụ Tiến Thành",
    "ParentCategoryId": 339,
    "Cập nhật": "11:53 Thứ 4, 07/06/2023",
    "Mã công ty": "TTH",
    "Tên công ty": "Công ty cổ phần Thương mại và Dịch vụ Tiến Thành (HNX)",
    "Giá điểm": "3.1",
    "Thay đổi": "-0.1 (-3.12%)",
    "Khối lượng": "340,552",
    "Giá tham chiếu": "3.2",
    "Giá trần": "3.5",
    "Giá sàn": "2.9",
    "Giá mở cửa": "3.3",
    "Giá cao nhất": "N/A",
    "Giá thấp nhất": "3.1",
    "Giao dịch NĐTNN": "Giao dịch NĐTNN",
    "KLGD ròng": "3.3",
    "GT Mua": "0 (Tỷ)",
    "GT Bán": "0 (Tỷ)",
    "Room còn lại": "N/A",
    "(*)   EPS cơ bản (nghìn đồng):": "n/a",
    "EPS pha loãng (nghìn đồng):": "n/a",
    "P/E :": "n/a",
    "Giá trị sổ sách /cp (nghìn đồng):": "10.87",
    "(**) Hệ số beta:": "n/a",
    "KLGD khớp lệnh trung bình 10 phiên:": "965,292",
    "KLCP đang niêm yết:": "37,374,846",
    "KLCP đang lưu hành:": "37,374,860",
    "Vốn hóa thị trường (tỷ đồng):": "119.60",
    "Doanh thu": "180 tỷ",
    "Lợi nhuận trước thuế": "N/A",
    "Lợi nhuận sau thuế": "1 tỷ",
    "Cổ tức bằng tiền mặt": "N/A",
    "Cổ tức bằng cổ phiếu": "N/A",
    "Dự kiến tăng vốn lên": "N/A",
    "Giới thiệu công ty": "Công ty TNHH Tiến Thành được thành lập từ năm 1994, hoạt động sản xuất hàng thủ công mỹ nghệ. Ngày 04/11/2003, Công ty Tiến Thành chuyển đổi thành Công Ty Cổ Phẩn Thương mại và Dịch vụ Tiến Thành. Được Sở Kế hoạch và Đầu Tư Tp Hà Nội cấp chứng nhận đăng ký kinh doanh số 0100596523. Bên cạnh việc duy trì sản xuất hàng thủ công mỹ nghệ cho người lao động khuyết tật, Tiến Thành còn mở rộng thêm hoạt động kinh doanh Thời trang cao cấp và kinh doanh đầu tư Bất động sản."
}