{
    "Url": "http://s.cafef.vn/hastc/TTL-tong-cong-ty-thang-long-ctcp.chn",
    "CenterName": "HNX",
    "Symbol": "TTL",
    "TradeCenterID": 2,
    "ChangePrice": 3.6585365853658622,
    "VonHoa": 356.218,
    "ChangeVolume": -95.92169657422512,
    "EPS": 0.123792970786614,
    "PE": 68.6630262282966,
    "Beta": 0,
    "Price": 8.5,
    "UpdatedDate": "/Date(1686037643766)/",
    "FullName": "Tổng Công ty Thăng Long - CTCP",
    "ParentCategoryId": 345,
    "Cập nhật": "11:53 Thứ 4, 07/06/2023",
    "Mã công ty": "TTL",
    "Tên công ty": "Tổng Công ty Thăng Long - CTCP (HNX)",
    "Giá điểm": "8.5",
    "Thay đổi": "N/A",
    "Khối lượng": "3,600",
    "Giá tham chiếu": "8.5",
    "Giá trần": "9.3",
    "Giá sàn": "7.7",
    "Giá mở cửa": "N/A",
    "Giá cao nhất": "N/A",
    "Giá thấp nhất": "N/A",
    "Giao dịch NĐTNN": "Giao dịch NĐTNN",
    "KLGD ròng": "8.5",
    "GT Mua": "0 (Tỷ)",
    "GT Bán": "0 (Tỷ)",
    "Room còn lại": "N/A",
    "(*)   EPS cơ bản (nghìn đồng):": "0.13",
    "EPS pha loãng (nghìn đồng):": "0.13",
    "P/E :": "66.37",
    "Giá trị sổ sách /cp (nghìn đồng):": "12.87",
    "(**) Hệ số beta:": "n/a",
    "KLGD khớp lệnh trung bình 10 phiên:": "9,020",
    "KLCP đang niêm yết:": "41,908,000",
    "KLCP đang lưu hành:": "41,908,000",
    "Vốn hóa thị trường (tỷ đồng):": "356.22",
    "Doanh thu": "1,624 tỷ",
    "Lợi nhuận trước thuế": "N/A",
    "Lợi nhuận sau thuế": "7.86 tỷ",
    "Cổ tức bằng tiền mặt": "N/A",
    "Cổ tức bằng cổ phiếu": "N/A",
    "Dự kiến tăng vốn lên": "N/A",
    "Giới thiệu công ty": "Tổng công ty Thăng Long – CTCP tiền thân là Xí nghiệp Liên hợp Cầu Thăng Long được thành lập theo Quyết định số 2896/QĐ-TC ngày 06/07/1973 của Bộ trưởng Bộ Giao thông vận tải gồm nhiều xí nghiệp thành viên hạch toán tập trung với nhiệm vụ đầu tiên là xây dựng cầu Thăng Long (1973-1985) - cây cầu lớn nhất thời bấy giờ có quy mô 2 tầng: tầng dưới là đường sắt và đường bộ, tầng trên là đường ô tô rộng 23m với tổng chiều dài toàn cầu trên 10km."
}