{
    "Url": "http://s.cafef.vn/hastc/TTT-cong-ty-co-phan-du-lich-thuong-mai-tay-ninh.chn",
    "CenterName": "HNX",
    "Symbol": "TTT",
    "TradeCenterID": 2,
    "ChangePrice": -9.767441860465123,
    "VonHoa": 177.324148,
    "ChangeVolume": -100,
    "EPS": 3.58324999631571,
    "PE": 10.8281588055241,
    "Beta": 0,
    "Price": 38.8,
    "UpdatedDate": "/Date(1686037643766)/",
    "FullName": "Công ty Cổ phần Du lịch – Thương mại Tây Ninh",
    "ParentCategoryId": 346,
    "Cập nhật": "11:53 Thứ 4, 07/06/2023",
    "Mã công ty": "TTT",
    "Tên công ty": "Công ty Cổ phần Du lịch – Thương mại Tây Ninh (HNX)",
    "Giá điểm": "38.8",
    "Thay đổi": "N/A",
    "Khối lượng": "0.0",
    "Giá tham chiếu": "38.8",
    "Giá trần": "42.6",
    "Giá sàn": "35",
    "Giá mở cửa": "N/A",
    "Giá cao nhất": "N/A",
    "Giá thấp nhất": "N/A",
    "Giao dịch NĐTNN": "Giao dịch NĐTNN",
    "KLGD ròng": "38.8",
    "GT Mua": "0 (Tỷ)",
    "GT Bán": "0 (Tỷ)",
    "Room còn lại": "N/A",
    "(*)   EPS cơ bản (nghìn đồng):": "3.75",
    "EPS pha loãng (nghìn đồng):": "3.75",
    "P/E :": "10.36",
    "Giá trị sổ sách /cp (nghìn đồng):": "57.79",
    "(**) Hệ số beta:": "n/a",
    "KLGD khớp lệnh trung bình 10 phiên:": "40",
    "KLCP đang niêm yết:": "4,570,210",
    "KLCP đang lưu hành:": "4,570,210",
    "Vốn hóa thị trường (tỷ đồng):": "177.32",
    "Doanh thu": "116.18 tỷ",
    "Lợi nhuận trước thuế": "9.98 tỷ",
    "Lợi nhuận sau thuế": "N/A",
    "Cổ tức bằng tiền mặt": "20 %",
    "Cổ tức bằng cổ phiếu": "N/A",
    "Dự kiến tăng vốn lên": "N/A",
    "Giới thiệu công ty": "Công ty Du lịch Tây Ninh được thành lập theo Quyết định số : 178/QĐ-UB, ngày 28/12/1982 của Chủ tịch UBND tỉnh Tây Ninh; Quyết định số : 329/QĐ-CT, ngày 13/4/2005 về việc triển khai cổ phần hóa Công ty Du lịch Tây Ninh và Quyết định số : 259/QĐ-UBND, ngày 17/3/2006 về việc phê duyệt phương án và chuyển Công ty Du lịch Tây Ninh thành Công ty cổ phần Du lịch - Thương mại Tây Ninh. Giấy chứng nhận đăng ký doanh nghiệp Công ty Cổ phần, Mã số doanh nghiệp: 3900244068, đăng ký lần đầu: ngày 05/02/2007, đăng ký thay đổi lần 10: ngày 21/02/2017 do Phòng đăng ký Kinh doanh - Sở Kế hoạch và Đầu tư tỉnh Tây Ninh cấp"
}