{
    "Url": "http://s.cafef.vn/hastc/TTZ-cong-ty-co-phan-dau-tu-xay-dung-va-cong-nghe-tien-trung.chn",
    "CenterName": "HNX",
    "Symbol": "TTZ",
    "TradeCenterID": 2,
    "ChangePrice": 0,
    "VonHoa": 13.6267992,
    "ChangeVolume": 0,
    "EPS": -0.255230371031184,
    "PE": -7.05245223257571,
    "Beta": 0.402944527210586,
    "Price": 1.8,
    "UpdatedDate": "/Date(1686037643766)/",
    "FullName": "Công ty cổ phần Đầu tư Xây dựng và Công nghệ Tiến Trung",
    "ParentCategoryId": 345,
    "Cập nhật": "10:17 Thứ 4, 07/06/2023",
    "Mã công ty": "TTZ",
    "Tên công ty": "Công ty cổ phần Đầu tư Xây dựng và Công nghệ Tiến Trung (HNX)",
    "Giá điểm": "1.8",
    "Thay đổi": "N/A",
    "Khối lượng": "0.0",
    "Giá tham chiếu": "1.8",
    "Giá trần": "1.9",
    "Giá sàn": "1.7",
    "Giá mở cửa": "N/A",
    "Giá cao nhất": "N/A",
    "Giá thấp nhất": "N/A",
    "Giao dịch NĐTNN": "Giao dịch NĐTNN",
    "KLGD ròng": "1.8",
    "GT Mua": "0 (Tỷ)",
    "GT Bán": "0 (Tỷ)",
    "Room còn lại": "N/A",
    "(*)   EPS cơ bản (nghìn đồng):": "n/a",
    "EPS pha loãng (nghìn đồng):": "n/a",
    "P/E :": "n/a",
    "Giá trị sổ sách /cp (nghìn đồng):": "8.47",
    "(**) Hệ số beta:": "0.40",
    "KLGD khớp lệnh trung bình 10 phiên:": "n/a",
    "KLCP đang niêm yết:": "7,570,444",
    "KLCP đang lưu hành:": "7,570,444",
    "Vốn hóa thị trường (tỷ đồng):": "13.63",
    "Doanh thu": "10 tỷ",
    "Lợi nhuận trước thuế": "0.55 tỷ",
    "Lợi nhuận sau thuế": "0.5 tỷ",
    "Cổ tức bằng tiền mặt": "N/A",
    "Cổ tức bằng cổ phiếu": "N/A",
    "Dự kiến tăng vốn lên": "N/A",
    "Giới thiệu công ty": "Công ty Cổ phần Đầu tư Xây dựng và Công nghệ Tiến Trung tiền thân là Công ty TNHH Tiến Trung được thành lập và đi vào hoạt động từ tháng 04 năm 2003, hoạt động chính là khai thác cát, đá, sỏi để cung cấp cho các công trình xây dựng như giao thông đường bộ, xây dựng thủy lợi, các công trình xây dựng trong địa bàn tỉnh Thái Bình."
}