{
    "Url": "http://s.cafef.vn/hastc/TVC-cong-ty-co-phan-tap-doan-quan-ly-tai-san-tri-viet.chn",
    "CenterName": "HNX",
    "Symbol": "TVC",
    "TradeCenterID": 2,
    "ChangePrice": 7.547169811320761,
    "VonHoa": 676.080819,
    "ChangeVolume": -100,
    "EPS": -2.23538465863137,
    "PE": -2.54989671598169,
    "Beta": 0.622206642713171,
    "Price": 5.7,
    "UpdatedDate": "/Date(1686037643766)/",
    "FullName": "Công ty cổ phần Tập đoàn Quản lý Tài sản Trí Việt",
    "ParentCategoryId": 341,
    "Cập nhật": "10:17 Thứ 4, 07/06/2023",
    "Mã công ty": "TVC",
    "Tên công ty": "Công ty cổ phần Tập đoàn Quản lý Tài sản Trí Việt (HNX)",
    "Giá điểm": "5.7",
    "Thay đổi": "N/A",
    "Khối lượng": "0.0",
    "Giá tham chiếu": "5.7",
    "Giá trần": "6.2",
    "Giá sàn": "5.2",
    "Giá mở cửa": "N/A",
    "Giá cao nhất": "N/A",
    "Giá thấp nhất": "N/A",
    "Giao dịch NĐTNN": "Giao dịch NĐTNN",
    "KLGD ròng": "5.7",
    "GT Mua": "0 (Tỷ)",
    "GT Bán": "0 (Tỷ)",
    "Room còn lại": "N/A",
    "(*)   EPS cơ bản (nghìn đồng):": "n/a",
    "EPS pha loãng (nghìn đồng):": "n/a",
    "P/E :": "n/a",
    "Giá trị sổ sách /cp (nghìn đồng):": "13.11",
    "(**) Hệ số beta:": "0.62",
    "KLGD khớp lệnh trung bình 10 phiên:": "677,254",
    "KLCP đang niêm yết:": "118,610,670",
    "KLCP đang lưu hành:": "118,610,670",
    "Vốn hóa thị trường (tỷ đồng):": "676.08",
    "Doanh thu": "350 tỷ",
    "Lợi nhuận trước thuế": "N/A",
    "Lợi nhuận sau thuế": "164 tỷ",
    "Cổ tức bằng tiền mặt": "N/A",
    "Cổ tức bằng cổ phiếu": "N/A",
    "Dự kiến tăng vốn lên": "N/A",
    "Giới thiệu công ty": "CTCP Quản lý Đầu tư Trí Việt tiền thân là Công ty Cổ phần Thương mại Phát triển Thúy Dương, thành lập ngày 20/12/2012. Ngày 23/09/2014, Công ty được Sở giao dịch chứng khoán HN chấp thuận niêm yết cổ phiếu với mã TVC. Ngành nghề kinh doanh: tổ chức giới thiệu và xúc tiến thương mại; đại lý môi giới đấu giá; hoạt động hỗ trợ dịch vụ tài chính, hỗ trợ thanh toán, tín dụng..."
}