{
    "Url": "http://s.cafef.vn/hastc/TVD-cong-ty-co-phan-than-vang-danh-vinacomin.chn",
    "CenterName": "HNX",
    "Symbol": "TVD",
    "TradeCenterID": 2,
    "ChangePrice": 12.903225806451612,
    "VonHoa": 786.85012,
    "ChangeVolume": -28.876872317589687,
    "EPS": 4.36105946363605,
    "PE": 4.01278637586136,
    "Beta": 0.270966611164666,
    "Price": 17.5,
    "UpdatedDate": "/Date(1686037643766)/",
    "FullName": "Công ty cổ phần Than Vàng Danh - Vinacomin",
    "ParentCategoryId": 340,
    "Cập nhật": "11:53 Thứ 4, 07/06/2023",
    "Mã công ty": "TVD",
    "Tên công ty": "Công ty cổ phần Than Vàng Danh - Vinacomin (HNX)",
    "Giá điểm": "17.4",
    "Thay đổi": "0.1 (0.58%)",
    "Khối lượng": "270,518",
    "Giá tham chiếu": "17.3",
    "Giá trần": "19",
    "Giá sàn": "15.6",
    "Giá mở cửa": "17.4",
    "Giá cao nhất": "17.5",
    "Giá thấp nhất": "17",
    "Giao dịch NĐTNN": "Giao dịch NĐTNN",
    "KLGD ròng": "17.5",
    "GT Mua": "0 (Tỷ)",
    "GT Bán": "0 (Tỷ)",
    "Room còn lại": "N/A",
    "(*)   EPS cơ bản (nghìn đồng):": "4.61",
    "EPS pha loãng (nghìn đồng):": "4.61",
    "P/E :": "3.77",
    "Giá trị sổ sách /cp (nghìn đồng):": "11.58",
    "(**) Hệ số beta:": "0.27",
    "KLGD khớp lệnh trung bình 10 phiên:": "649,388",
    "KLCP đang niêm yết:": "44,962,864",
    "KLCP đang lưu hành:": "44,962,864",
    "Vốn hóa thị trường (tỷ đồng):": "777.86",
    "Doanh thu": "6,827.21 tỷ",
    "Lợi nhuận trước thuế": "156.17 tỷ",
    "Lợi nhuận sau thuế": "N/A",
    "Cổ tức bằng tiền mặt": "N/A",
    "Cổ tức bằng cổ phiếu": "N/A",
    "Dự kiến tăng vốn lên": "N/A",
    "Giới thiệu công ty": "Tiền thân CTCP Than Vàng Danh - Vinacomin là Mỏ than Vàng Danh được thành lập ngày 06/06/1964. Ngày 10/01/2011, cổ phiếu của Công ty (TVD) chính thức giao dịch tại Sở giao dịch chứng khoán HN. Ngành nghề kinh doanh chính: khai thác và thu gom than cứng, than bùn. Địa bàn kinh doanh: Phường Vàng Danh, thành phố Uông Bí, tỉnh Quảng Ninh."
}