{
    "Url": "http://s.cafef.vn/hastc/TXM-cong-ty-co-phan-vicem-thach-cao-xi-mang.chn",
    "CenterName": "HNX",
    "Symbol": "TXM",
    "TradeCenterID": 2,
    "ChangePrice": 5.71428571428572,
    "VonHoa": 25.9,
    "ChangeVolume": -100,
    "EPS": 0.0314578085909286,
    "PE": 117.617855970646,
    "Beta": -0.714748926474454,
    "Price": 3.7,
    "UpdatedDate": "/Date(1686037643766)/",
    "FullName": "Công ty cổ phần VICEM Thạch cao Xi măng",
    "ParentCategoryId": 345,
    "Cập nhật": "11:53 Thứ 4, 07/06/2023",
    "Mã công ty": "TXM",
    "Tên công ty": "Công ty cổ phần VICEM Thạch cao Xi măng (HNX)",
    "Giá điểm": "3.9",
    "Thay đổi": "N/A",
    "Khối lượng": "300",
    "Giá tham chiếu": "3.9",
    "Giá trần": "4.2",
    "Giá sàn": "3.6",
    "Giá mở cửa": "N/A",
    "Giá cao nhất": "N/A",
    "Giá thấp nhất": "N/A",
    "Giao dịch NĐTNN": "Giao dịch NĐTNN",
    "KLGD ròng": "3.9",
    "GT Mua": "0 (Tỷ)",
    "GT Bán": "0 (Tỷ)",
    "Room còn lại": "N/A",
    "(*)   EPS cơ bản (nghìn đồng):": "0.03",
    "EPS pha loãng (nghìn đồng):": "0.03",
    "P/E :": "119.75",
    "Giá trị sổ sách /cp (nghìn đồng):": "15.97",
    "(**) Hệ số beta:": "-0.71",
    "KLGD khớp lệnh trung bình 10 phiên:": "1,970",
    "KLCP đang niêm yết:": "7,000,000",
    "KLCP đang lưu hành:": "7,000,000",
    "Vốn hóa thị trường (tỷ đồng):": "27.30",
    "Doanh thu": "299.55 tỷ",
    "Lợi nhuận trước thuế": "269 tỷ",
    "Lợi nhuận sau thuế": "169 tỷ",
    "Cổ tức bằng tiền mặt": "N/A",
    "Cổ tức bằng cổ phiếu": "N/A",
    "Dự kiến tăng vốn lên": "N/A",
    "Giới thiệu công ty": "Thực hiện Nghị định thư về hợp tác kinh tế, văn hóa và khoa học kỹ thuật giữa Việt Nam và Lào, Công ty Kinh doanh Thạch cao Xi măng (tiền thân là Đoàn K3 trực thuộc Bộ Xây dựng) được thành lập ngày 15/5/1978, với chức năng và nhiệm vụ là hợp tác với Lào xây dựng, khai thác thạch cao tại mỏ thạch cao Đồng Hến, tỉnh Savana khét, CHDCND Lào. Đến ngày 17/04/2006, công ty chính thức chuyển thành Công ty Cổ phần Vicem Thạch cao xi măng."
}