{
    "Url": "http://s.cafef.vn/hastc/V12-cong-ty-co-phan-xay-dung-so-12.chn",
    "CenterName": "HNX",
    "Symbol": "V12",
    "TradeCenterID": 2,
    "ChangePrice": 6.666666666666672,
    "VonHoa": 148.9408,
    "ChangeVolume": -96.71052631578948,
    "EPS": 0.444005235975799,
    "PE": 28.8284888620045,
    "Beta": 0.296675635795504,
    "Price": 12.8,
    "UpdatedDate": "/Date(1686037643766)/",
    "FullName": "Công ty Cổ phần Xây dựng số 12",
    "ParentCategoryId": 345,
    "Cập nhật": "11:53 Thứ 4, 07/06/2023",
    "Mã công ty": "V12",
    "Tên công ty": "Công ty Cổ phần Xây dựng số 12 (HNX)",
    "Giá điểm": "12.8",
    "Thay đổi": "N/A",
    "Khối lượng": "0.0",
    "Giá tham chiếu": "12.8",
    "Giá trần": "14",
    "Giá sàn": "11.6",
    "Giá mở cửa": "N/A",
    "Giá cao nhất": "N/A",
    "Giá thấp nhất": "N/A",
    "Giao dịch NĐTNN": "Giao dịch NĐTNN",
    "KLGD ròng": "12.8",
    "GT Mua": "0 (Tỷ)",
    "GT Bán": "0 (Tỷ)",
    "Room còn lại": "N/A",
    "(*)   EPS cơ bản (nghìn đồng):": "0.49",
    "EPS pha loãng (nghìn đồng):": "0.97",
    "P/E :": "26.36",
    "Giá trị sổ sách /cp (nghìn đồng):": "7.51",
    "(**) Hệ số beta:": "0.30",
    "KLGD khớp lệnh trung bình 10 phiên:": "3,080",
    "KLCP đang niêm yết:": "5,818,000",
    "KLCP đang lưu hành:": "11,636,000",
    "Vốn hóa thị trường (tỷ đồng):": "148.94",
    "Doanh thu": "650 tỷ",
    "Lợi nhuận trước thuế": "17.63 tỷ",
    "Lợi nhuận sau thuế": "14.2 tỷ",
    "Cổ tức bằng tiền mặt": "6 %",
    "Cổ tức bằng cổ phiếu": "N/A",
    "Dự kiến tăng vốn lên": "N/A",
    "Giới thiệu công ty": "Tiền thân Công ty Cổ phần Xây dựng số 12 là Công ty Cơ khí và Xây lắp số 12 được thành lập theo Quyết định số 1044/BXD-TCLĐ ngày 03 tháng 12 năm 1996 của Bộ trưởng Bộ Xây dựng. Lĩnh vực kinh doanh: xây dựng các công trình dân dụng và công nghiệp; xây dựng các công trình kỹ thuật hạ tầng đô thị, khu công nghiệp; xây dựng đường dây và trạm biến áp đến 220kV; xây dựng công trình thủy lợi..."
}