{
    "Url": "http://s.cafef.vn/hastc/VC3-cong-ty-co-phan-tap-doan-nam-me-kong.chn",
    "CenterName": "HNX",
    "Symbol": "VC3",
    "TradeCenterID": 2,
    "ChangePrice": -5.1446945337620615,
    "VonHoa": 2956.418846,
    "ChangeVolume": 12.367128380788529,
    "EPS": 1.15618022058961,
    "PE": 25.5150533408677,
    "Beta": -0.192070790318383,
    "Price": 29.5,
    "UpdatedDate": "/Date(1686037643766)/",
    "FullName": "Công ty Cổ phần Tập đoàn Nam Mê Kông",
    "ParentCategoryId": 345,
    "Cập nhật": "11:53 Thứ 4, 07/06/2023",
    "Mã công ty": "VC3",
    "Tên công ty": "Công ty Cổ phần Tập đoàn Nam Mê Kông (HNX)",
    "Giá điểm": "28.9",
    "Thay đổi": "N/A",
    "Khối lượng": "306,400",
    "Giá tham chiếu": "28.9",
    "Giá trần": "31.7",
    "Giá sàn": "26.1",
    "Giá mở cửa": "29.2",
    "Giá cao nhất": "N/A",
    "Giá thấp nhất": "28.5",
    "Giao dịch NĐTNN": "Giao dịch NĐTNN",
    "KLGD ròng": "29.2",
    "GT Mua": "0 (Tỷ)",
    "GT Bán": "0 (Tỷ)",
    "Room còn lại": "N/A",
    "(*)   EPS cơ bản (nghìn đồng):": "1.57",
    "EPS pha loãng (nghìn đồng):": "1.57",
    "P/E :": "18.38",
    "Giá trị sổ sách /cp (nghìn đồng):": "7.64",
    "(**) Hệ số beta:": "-0.19",
    "KLGD khớp lệnh trung bình 10 phiên:": "807,519",
    "KLCP đang niêm yết:": "100,217,588",
    "KLCP đang lưu hành:": "100,217,588",
    "Vốn hóa thị trường (tỷ đồng):": "2,896.29",
    "Doanh thu": "1,873 tỷ",
    "Lợi nhuận trước thuế": "546 tỷ",
    "Lợi nhuận sau thuế": "N/A",
    "Cổ tức bằng tiền mặt": "40 %",
    "Cổ tức bằng cổ phiếu": "N/A",
    "Dự kiến tăng vốn lên": "N/A",
    "Giới thiệu công ty": "Công ty cổ phần xây dựng số 3, tiền thân là Công ty xây dựng số 5. Đến nay được đổi tên là Công ty cổ phần xây dựng số 3 - VINACONEX 3. Lĩnh vực kinh doanh: nhận thầu xây lắp các công trình dân dụng, công nghiệp, công trình thủy lợi, giao thông...;xây dựng kinh doanh nhà, cho thuê văn phòng; lắp đặt các loại kết cấu bê tông; tư vấn đầu tư xây dựng..."
}