{
    "Url": "http://s.cafef.vn/hastc/VC6-cong-ty-co-phan-xay-dung-va-dau-tu-visicons.chn",
    "CenterName": "HNX",
    "Symbol": "VC6",
    "TradeCenterID": 2,
    "ChangePrice": 2.4390243902439157,
    "VonHoa": 73.9190088,
    "ChangeVolume": -43.850267379679146,
    "EPS": 1.45660841625757,
    "PE": 5.76682099749356,
    "Beta": 0.168696871439839,
    "Price": 8.4,
    "UpdatedDate": "/Date(1686037643766)/",
    "FullName": "Công ty Cổ phần Xây dựng và Đầu tư Visicons",
    "ParentCategoryId": 345,
    "Cập nhật": "11:53 Thứ 4, 07/06/2023",
    "Mã công ty": "VC6",
    "Tên công ty": "Công ty Cổ phần Xây dựng và Đầu tư Visicons (HNX)",
    "Giá điểm": "8.8",
    "Thay đổi": "N/A",
    "Khối lượng": "0.0",
    "Giá tham chiếu": "8.8",
    "Giá trần": "9.6",
    "Giá sàn": "8",
    "Giá mở cửa": "N/A",
    "Giá cao nhất": "N/A",
    "Giá thấp nhất": "N/A",
    "Giao dịch NĐTNN": "Giao dịch NĐTNN",
    "KLGD ròng": "8.8",
    "GT Mua": "0 (Tỷ)",
    "GT Bán": "0 (Tỷ)",
    "Room còn lại": "N/A",
    "(*)   EPS cơ bản (nghìn đồng):": "1.67",
    "EPS pha loãng (nghìn đồng):": "1.67",
    "P/E :": "5.28",
    "Giá trị sổ sách /cp (nghìn đồng):": "13.26",
    "(**) Hệ số beta:": "0.17",
    "KLGD khớp lệnh trung bình 10 phiên:": "2,734",
    "KLCP đang niêm yết:": "8,799,882",
    "KLCP đang lưu hành:": "8,799,882",
    "Vốn hóa thị trường (tỷ đồng):": "77.44",
    "Doanh thu": "975.71 tỷ",
    "Lợi nhuận trước thuế": "11.92 tỷ",
    "Lợi nhuận sau thuế": "8.92 tỷ",
    "Cổ tức bằng tiền mặt": "10 %",
    "Cổ tức bằng cổ phiếu": "N/A",
    "Dự kiến tăng vốn lên": "N/A",
    "Giới thiệu công ty": "Công ty cổ phần Vinaconex 6 tiền thân là xí nghiệp xây dựng số 2 trực thuộc Công ty Xây dựng và dịch vụ Nước ngoài - VINACONEX, sau được chuyển thành Công ty xây dựng số 6 Vinasico trực thuộc Tổng công ty Xuất nhập khẩu và Xây dựng Việt Nam - VINACONEX, được thành lập ngày 06/08/1991. Ngành nghề kinh doanh: xây dựng nhà, công trình công ích, công trình kỹ thuật dân dụng; lắp đặt hệ thống điện, hệ thống cấp thoát nước, hệ thống xây dựng khác..."
}