{
    "Url": "http://s.cafef.vn/hastc/VC9-cong-ty-co-phan-xay-dung-so-9-vc9.chn",
    "CenterName": "HNX",
    "Symbol": "VC9",
    "TradeCenterID": 2,
    "ChangePrice": 6.666666666666672,
    "VonHoa": 74.8492736,
    "ChangeVolume": -27.3918690612213,
    "EPS": 0.116743203374898,
    "PE": 54.8211785781453,
    "Beta": -0.0417141354833056,
    "Price": 6.4,
    "UpdatedDate": "/Date(1686037643766)/",
    "FullName": "Công ty Cổ phần Xây dựng số 9 - VC9",
    "ParentCategoryId": 345,
    "Cập nhật": "11:53 Thứ 4, 07/06/2023",
    "Mã công ty": "VC9",
    "Tên công ty": "Công ty Cổ phần Xây dựng số 9 - VC9 (HNX)",
    "Giá điểm": "6.6",
    "Thay đổi": "-0.1 (-1.49%)",
    "Khối lượng": "27,201",
    "Giá tham chiếu": "6.7",
    "Giá trần": "7.3",
    "Giá sàn": "6.1",
    "Giá mở cửa": "6.8",
    "Giá cao nhất": "7.2",
    "Giá thấp nhất": "6.5",
    "Giao dịch NĐTNN": "Giao dịch NĐTNN",
    "KLGD ròng": "7.2",
    "GT Mua": "0 (Tỷ)",
    "GT Bán": "0 (Tỷ)",
    "Room còn lại": "N/A",
    "(*)   EPS cơ bản (nghìn đồng):": "0.13",
    "EPS pha loãng (nghìn đồng):": "0.12",
    "P/E :": "51.95",
    "Giá trị sổ sách /cp (nghìn đồng):": "0.14",
    "(**) Hệ số beta:": "-0.04",
    "KLGD khớp lệnh trung bình 10 phiên:": "74,082",
    "KLCP đang niêm yết:": "12,000,000",
    "KLCP đang lưu hành:": "11,695,199",
    "Vốn hóa thị trường (tỷ đồng):": "78.36",
    "Doanh thu": "707.26 tỷ",
    "Lợi nhuận trước thuế": "N/A",
    "Lợi nhuận sau thuế": "1.9 tỷ",
    "Cổ tức bằng tiền mặt": "N/A",
    "Cổ tức bằng cổ phiếu": "N/A",
    "Dự kiến tăng vốn lên": "N/A",
    "Giới thiệu công ty": "Công ty Xây dựng số 9 được thành lập trên cơ sở hợp nhất Xí nghiệp Xây dựng số 9 trực thuộc Công ty Xây dựng Xuân Hoà và Đội ván khuân trượt Công trường K3 thuộc Công ty Xây dựng số 5 ngày 15/11/1977 theo quyết định của Bộ Xây dựng. Lĩnh vực kinh doanh chính: xây dựng các công trình dân dụng và công nghiệp; kinh doanh phát triển khu đô thị mới; sản xuất kinh doanh vật tư thiết bị hàng thủ công mỹ nghệ..."
}