{
    "Url": "http://s.cafef.vn/hastc/VCS-cong-ty-co-phan-vicostone.chn",
    "CenterName": "HNX",
    "Symbol": "VCS",
    "TradeCenterID": 2,
    "ChangePrice": 2.7027027027027026,
    "VonHoa": 9120,
    "ChangeVolume": -30.420059454568953,
    "EPS": 6.78093329155262,
    "PE": 8.4059225403394,
    "Beta": 1.59547804749803,
    "Price": 57,
    "UpdatedDate": "/Date(1686037643766)/",
    "FullName": "Công ty cổ phần VICOSTONE",
    "ParentCategoryId": 345,
    "Cập nhật": "11:53 Thứ 4, 07/06/2023",
    "Mã công ty": "VCS",
    "Tên công ty": "Công ty cổ phần VICOSTONE (HNX)",
    "Giá điểm": "57.6",
    "Thay đổi": "-0.4 (-0.69%)",
    "Khối lượng": "37,307",
    "Giá tham chiếu": "58",
    "Giá trần": "63.8",
    "Giá sàn": "52.2",
    "Giá mở cửa": "58.1",
    "Giá cao nhất": "59",
    "Giá thấp nhất": "57.6",
    "Giao dịch NĐTNN": "Giao dịch NĐTNN",
    "KLGD ròng": "59",
    "GT Mua": "0.06 (Tỷ)",
    "GT Bán": "0.01 (Tỷ)",
    "Room còn lại": "N/A",
    "(*)   EPS cơ bản (nghìn đồng):": "7.18",
    "EPS pha loãng (nghìn đồng):": "7.18",
    "P/E :": "8.02",
    "Giá trị sổ sách /cp (nghìn đồng):": "32.16",
    "(**) Hệ số beta:": "1.60",
    "KLGD khớp lệnh trung bình 10 phiên:": "179,760",
    "KLCP đang niêm yết:": "160,000,000",
    "KLCP đang lưu hành:": "160,000,000",
    "Vốn hóa thị trường (tỷ đồng):": "9,280.00",
    "Doanh thu": "4,713 - 5,891 tỷ",
    "Lợi nhuận trước thuế": "1,060 - 1,325 tỷ",
    "Lợi nhuận sau thuế": "N/A",
    "Cổ tức bằng tiền mặt": "N/A",
    "Cổ tức bằng cổ phiếu": "N/A",
    "Dự kiến tăng vốn lên": "N/A",
    "Giới thiệu công ty": "Ngày 19 tháng 12 năm 2002, Nhà máy Đá ốp lát cao cấp VINACONEX - tiền thân của Công ty cổ phần Đá ốp lát cao cấp VINACONEX được thành lập. Đến năm 2013 được đổi tên thành CTCP VICOSTONE. Lĩnh vực hoạt động chính của VICOSTONE là sản xuất, kinh doanh đá ốp lát nhân tạo gốc thạch\r\nanh theo công nghệ được chuyển giao từ hãng Breton S.P.A (Ý)."
}