{
    "Url": "http://s.cafef.vn/hastc/VE8-cong-ty-co-phan-xay-dung-dien-vneco-8.chn",
    "CenterName": "HNX",
    "Symbol": "VE8",
    "TradeCenterID": 2,
    "ChangePrice": 0,
    "VonHoa": 10.08,
    "ChangeVolume": -100,
    "EPS": -2.32625788760061,
    "PE": -2.40729973656362,
    "Beta": 0.215171470110322,
    "Price": 5.6,
    "UpdatedDate": "/Date(1686037643766)/",
    "FullName": "Công ty cổ phần Xây dựng điện VNECO 8",
    "ParentCategoryId": 345,
    "Cập nhật": "11:54 Thứ 4, 07/06/2023",
    "Mã công ty": "VE8",
    "Tên công ty": "Công ty cổ phần Xây dựng điện VNECO 8 (HNX)",
    "Giá điểm": "5.1",
    "Thay đổi": "N/A",
    "Khối lượng": "3,500",
    "Giá tham chiếu": "5.6",
    "Giá trần": "6.1",
    "Giá sàn": "5.1",
    "Giá mở cửa": "N/A",
    "Giá cao nhất": "N/A",
    "Giá thấp nhất": "N/A",
    "Giao dịch NĐTNN": "Giao dịch NĐTNN",
    "KLGD ròng": "5.1",
    "GT Mua": "0 (Tỷ)",
    "GT Bán": "0 (Tỷ)",
    "Room còn lại": "N/A",
    "(*)   EPS cơ bản (nghìn đồng):": "n/a",
    "EPS pha loãng (nghìn đồng):": "n/a",
    "P/E :": "n/a",
    "Giá trị sổ sách /cp (nghìn đồng):": "8.36",
    "(**) Hệ số beta:": "0.22",
    "KLGD khớp lệnh trung bình 10 phiên:": "420",
    "KLCP đang niêm yết:": "1,800,000",
    "KLCP đang lưu hành:": "1,800,000",
    "Vốn hóa thị trường (tỷ đồng):": "10.08",
    "Doanh thu": "180.2 tỷ",
    "Lợi nhuận trước thuế": "N/A",
    "Lợi nhuận sau thuế": "0.1 tỷ",
    "Cổ tức bằng tiền mặt": "N/A",
    "Cổ tức bằng cổ phiếu": "N/A",
    "Dự kiến tăng vốn lên": "N/A",
    "Giới thiệu công ty": "Công ty Cổ phần Xây dựng Điện VNECO 8 tiền thân là Xí nghiệp Xây lắp Điện Tây Nguyên trực thuộc Công ty Xây lắp Điện 3 được thành lập theo Quyết định số 16/QĐ-HĐQT ngày 18/05/1999 của Hội đồng quản trị Tổng Công ty Xây dựng Công nghiệp Việt Nam. Lĩnh vực kinh doanh: xây lắp các công trình, nguồn điện, hệ thống điện lưới và trạm biến áp; sản xuất cột điện bê tông; kinh doanh vật tư thiết bị điện;..."
}