{
    "Url": "http://s.cafef.vn/hastc/VGS-cong-ty-co-phan-ong-thep-viet-duc-vg-pipe.chn",
    "CenterName": "HNX",
    "Symbol": "VGS",
    "TradeCenterID": 2,
    "ChangePrice": 0,
    "VonHoa": 789.3751123,
    "ChangeVolume": 8.23771637015841,
    "EPS": 1.31544131491814,
    "PE": 12.3912787405604,
    "Beta": 0.73069844886513,
    "Price": 16.3,
    "UpdatedDate": "/Date(1686037643766)/",
    "FullName": "Công ty Cổ phần Ống thép Việt Đức VG PIPE",
    "ParentCategoryId": 344,
    "Cập nhật": "11:54 Thứ 4, 07/06/2023",
    "Mã công ty": "VGS",
    "Tên công ty": "Công ty Cổ phần Ống thép Việt Đức VG PIPE (HNX)",
    "Giá điểm": "17.7",
    "Thay đổi": "N/A",
    "Khối lượng": "2,126,003",
    "Giá tham chiếu": "16.1",
    "Giá trần": "17.7",
    "Giá sàn": "14.5",
    "Giá mở cửa": "N/A",
    "Giá cao nhất": "N/A",
    "Giá thấp nhất": "16",
    "Giao dịch NĐTNN": "Giao dịch NĐTNN",
    "KLGD ròng": "17.7",
    "GT Mua": "0 (Tỷ)",
    "GT Bán": "0 (Tỷ)",
    "Room còn lại": "N/A",
    "(*)   EPS cơ bản (nghìn đồng):": "1.51",
    "EPS pha loãng (nghìn đồng):": "1.51",
    "P/E :": "11.70",
    "Giá trị sổ sách /cp (nghìn đồng):": "18.90",
    "(**) Hệ số beta:": "0.73",
    "KLGD khớp lệnh trung bình 10 phiên:": "994,591",
    "KLCP đang niêm yết:": "48,427,921",
    "KLCP đang lưu hành:": "48,427,921",
    "Vốn hóa thị trường (tỷ đồng):": "779.69",
    "Doanh thu": "7,000 tỷ",
    "Lợi nhuận trước thuế": "90 tỷ",
    "Lợi nhuận sau thuế": "N/A",
    "Cổ tức bằng tiền mặt": "N/A",
    "Cổ tức bằng cổ phiếu": "N/A",
    "Dự kiến tăng vốn lên": "N/A",
    "Giới thiệu công ty": "Tiền thân của Công ty Cổ phần Ống thép Việt Đức VG PIPE là Nhà máy Ống thép Việt Đức trực thuộc Công ty Thép và Vật tư Công nghiệp SIMCO. Ngày 25/12/2002, Nhà máy ông thép Việt Đức được xây dựng tại Vĩnh Phúc và bắt đầu cung cấp sản phẩm kể từ tháng 07/2003. Ngành nghề kinh doanh: sản xuất các loại ông thép, inox; sản xuất két bạc két sắt; xây dựng các công trình công nghiệp, giao thông, thủy lợi; vận tải hành khách..."
}