{
    "Url": "http://s.cafef.vn/hastc/VHE-cong-ty-co-phan-duoc-lieu-va-thuc-pham-viet-nam.chn",
    "CenterName": "HNX",
    "Symbol": "VHE",
    "TradeCenterID": 2,
    "ChangePrice": 2.941176470588238,
    "VonHoa": 99.419988,
    "ChangeVolume": -37.078147023206874,
    "EPS": 0.0431879771575136,
    "PE": 69.4637766677173,
    "Beta": 0,
    "Price": 3.5,
    "UpdatedDate": "/Date(1686037643766)/",
    "FullName": "Công ty Cổ phần Dược liệu và Thực phẩm Việt Nam",
    "ParentCategoryId": 342,
    "Cập nhật": "11:54 Thứ 4, 07/06/2023",
    "Mã công ty": "VHE",
    "Tên công ty": "Công ty Cổ phần Dược liệu và Thực phẩm Việt Nam (HNX)",
    "Giá điểm": "3.8",
    "Thay đổi": "0.2 (5.56%)",
    "Khối lượng": "292,150",
    "Giá tham chiếu": "3.6",
    "Giá trần": "3.9",
    "Giá sàn": "3.3",
    "Giá mở cửa": "3.7",
    "Giá cao nhất": "3.8",
    "Giá thấp nhất": "N/A",
    "Giao dịch NĐTNN": "Giao dịch NĐTNN",
    "KLGD ròng": "3.8",
    "GT Mua": "0 (Tỷ)",
    "GT Bán": "0 (Tỷ)",
    "Room còn lại": "N/A",
    "(*)   EPS cơ bản (nghìn đồng):": "0.04",
    "EPS pha loãng (nghìn đồng):": "0.04",
    "P/E :": "88.29",
    "Giá trị sổ sách /cp (nghìn đồng):": "10.03",
    "(**) Hệ số beta:": "n/a",
    "KLGD khớp lệnh trung bình 10 phiên:": "177,354",
    "KLCP đang niêm yết:": "33,140,000",
    "KLCP đang lưu hành:": "33,139,996",
    "Vốn hóa thị trường (tỷ đồng):": "99.42",
    "Doanh thu": "265 tỷ",
    "Lợi nhuận trước thuế": "N/A",
    "Lợi nhuận sau thuế": "3 tỷ",
    "Cổ tức bằng tiền mặt": "N/A",
    "Cổ tức bằng cổ phiếu": "N/A",
    "Dự kiến tăng vốn lên": "N/A",
    "Giới thiệu công ty": "VINAHERBFOODS.,JSC là một doanh nghiệp được kế thừa từ truyền thống của gia đình kinh doanh trong lĩnh vực Dược liệu, Gia vị, Nông sản với bề dày nhiều năm kinh nghiệm và có chuyên môn trong lĩnh vực chế biến dược liệu cung cấp khắp cả nước."
}