{
    "Url": "http://s.cafef.vn/hastc/VHL-cong-ty-co-phan-viglacera-ha-long.chn",
    "CenterName": "HNX",
    "Symbol": "VHL",
    "TradeCenterID": 2,
    "ChangePrice": -2.116402116402109,
    "VonHoa": 462.5,
    "ChangeVolume": -86.62721893491124,
    "EPS": -1.2402338563368,
    "PE": -14.9165416711347,
    "Beta": 0.518008938743318,
    "Price": 18.5,
    "UpdatedDate": "/Date(1686037643766)/",
    "FullName": "Công ty Cổ phần Viglacera Hạ Long",
    "ParentCategoryId": 345,
    "Cập nhật": "11:54 Thứ 4, 07/06/2023",
    "Mã công ty": "VHL",
    "Tên công ty": "Công ty Cổ phần Viglacera Hạ Long (HNX)",
    "Giá điểm": "18.5",
    "Thay đổi": "N/A",
    "Khối lượng": "0.0",
    "Giá tham chiếu": "18.5",
    "Giá trần": "20.3",
    "Giá sàn": "16.7",
    "Giá mở cửa": "N/A",
    "Giá cao nhất": "N/A",
    "Giá thấp nhất": "N/A",
    "Giao dịch NĐTNN": "Giao dịch NĐTNN",
    "KLGD ròng": "18.5",
    "GT Mua": "0 (Tỷ)",
    "GT Bán": "0 (Tỷ)",
    "Room còn lại": "N/A",
    "(*)   EPS cơ bản (nghìn đồng):": "n/a",
    "EPS pha loãng (nghìn đồng):": "n/a",
    "P/E :": "n/a",
    "Giá trị sổ sách /cp (nghìn đồng):": "24.35",
    "(**) Hệ số beta:": "0.52",
    "KLGD khớp lệnh trung bình 10 phiên:": "783",
    "KLCP đang niêm yết:": "25,000,000",
    "KLCP đang lưu hành:": "25,000,000",
    "Vốn hóa thị trường (tỷ đồng):": "462.50",
    "Doanh thu": "1,988.2 tỷ",
    "Lợi nhuận trước thuế": "7.5 tỷ",
    "Lợi nhuận sau thuế": "N/A",
    "Cổ tức bằng tiền mặt": "N/A",
    "Cổ tức bằng cổ phiếu": "N/A",
    "Dự kiến tăng vốn lên": "N/A",
    "Giới thiệu công ty": "Công ty cổ phần Viglacera Hạ Long tiền thân là Nhà máy Gạch Ba Lan được thành lập năm 1978, là đơn vị thành viên của Tổng Công ty Thuỷ tinh và Gốm xây dựng Viglacera. Ngành nghề kinh doanh chính:  sản xuất vật liệu xây dựng từ đất sét; sản xuất khai thác và kinh doanh các chủng loại VLXD; tư vấn thiết kế, ứng dung, chuyển giao công nghệ sản xuất VLXD..."
}