{
    "Url": "http://s.cafef.vn/hastc/VIT-cong-ty-co-phan-viglacera-tien-son.chn",
    "CenterName": "HNX",
    "Symbol": "VIT",
    "TradeCenterID": 2,
    "ChangePrice": -3.4285714285714364,
    "VonHoa": 845,
    "ChangeVolume": 127.12933753943217,
    "EPS": 1.00865840541939,
    "PE": 16.7549290316707,
    "Beta": 0.519648756737959,
    "Price": 16.9,
    "UpdatedDate": "/Date(1686037643766)/",
    "FullName": "Công ty Cổ phần Viglacera Tiên Sơn",
    "ParentCategoryId": 345,
    "Cập nhật": "11:54 Thứ 4, 07/06/2023",
    "Mã công ty": "VIT",
    "Tên công ty": "Công ty Cổ phần Viglacera Tiên Sơn (HNX)",
    "Giá điểm": "16.3",
    "Thay đổi": "-0.7 (-4.12%)",
    "Khối lượng": "801",
    "Giá tham chiếu": "17",
    "Giá trần": "18.7",
    "Giá sàn": "15.3",
    "Giá mở cửa": "N/A",
    "Giá cao nhất": "N/A",
    "Giá thấp nhất": "16.3",
    "Giao dịch NĐTNN": "Giao dịch NĐTNN",
    "KLGD ròng": "16.3",
    "GT Mua": "0 (Tỷ)",
    "GT Bán": "0 (Tỷ)",
    "Room còn lại": "N/A",
    "(*)   EPS cơ bản (nghìn đồng):": "1.05",
    "EPS pha loãng (nghìn đồng):": "1.05",
    "P/E :": "15.46",
    "Giá trị sổ sách /cp (nghìn đồng):": "11.97",
    "(**) Hệ số beta:": "0.52",
    "KLGD khớp lệnh trung bình 10 phiên:": "2,045",
    "KLCP đang niêm yết:": "50,000,000",
    "KLCP đang lưu hành:": "50,000,000",
    "Vốn hóa thị trường (tỷ đồng):": "850.00",
    "Doanh thu": "2,777.21 tỷ",
    "Lợi nhuận trước thuế": "70.3 tỷ",
    "Lợi nhuận sau thuế": "N/A",
    "Cổ tức bằng tiền mặt": "N/A",
    "Cổ tức bằng cổ phiếu": "N/A",
    "Dự kiến tăng vốn lên": "N/A",
    "Giới thiệu công ty": "Công ty Cổ phần Viglacera Tiên Sơn tiền thân là Công ty Gạch Granite Tiên Sơn, là doanh nghiệp thành viên hạch toán phụ thuộc của Tổng Công ty Thuỷ tinh và Gốm Xây dựng, được thành lập từ năm 2001. Ngành nghề kinh doanh: sản xuất kinh doanh các loại gạch ốp lát, các loại vật liệu xây dựng; thực hiện hoàn thiện và trang trí các công trình dân dụng công nghiệp; kinh doanh xuất nhập khẩu trực tiếp, đầu tư liên doanh liên kết với các tổ chức kinh tế trong, ngoài nước..."
}