{
    "Url": "http://s.cafef.vn/hastc/VMC-cong-ty-co-phan-vimeco.chn",
    "CenterName": "HNX",
    "Symbol": "VMC",
    "TradeCenterID": 2,
    "ChangePrice": 5.769230769230766,
    "VonHoa": 237.595413,
    "ChangeVolume": -33.603066439523,
    "EPS": 0.112229357705563,
    "PE": 98.0135699329119,
    "Beta": -0.256964901944281,
    "Price": 11,
    "UpdatedDate": "/Date(1686037643766)/",
    "FullName": "Công ty Cổ phần Vimeco",
    "ParentCategoryId": 345,
    "Cập nhật": "11:54 Thứ 4, 07/06/2023",
    "Mã công ty": "VMC",
    "Tên công ty": "Công ty Cổ phần Vimeco (HNX)",
    "Giá điểm": "11.2",
    "Thay đổi": "-0.5 (-4.27%)",
    "Khối lượng": "18,800",
    "Giá tham chiếu": "11.7",
    "Giá trần": "12.8",
    "Giá sàn": "10.6",
    "Giá mở cửa": "N/A",
    "Giá cao nhất": "N/A",
    "Giá thấp nhất": "11.6",
    "Giao dịch NĐTNN": "Giao dịch NĐTNN",
    "KLGD ròng": "11.6",
    "GT Mua": "0 (Tỷ)",
    "GT Bán": "0 (Tỷ)",
    "Room còn lại": "N/A",
    "(*)   EPS cơ bản (nghìn đồng):": "0.12",
    "EPS pha loãng (nghìn đồng):": "0.12",
    "P/E :": "92.40",
    "Giá trị sổ sách /cp (nghìn đồng):": "16.10",
    "(**) Hệ số beta:": "-0.26",
    "KLGD khớp lệnh trung bình 10 phiên:": "28,533",
    "KLCP đang niêm yết:": "21,599,583",
    "KLCP đang lưu hành:": "21,599,583",
    "Vốn hóa thị trường (tỷ đồng):": "252.72",
    "Doanh thu": "1,374.7 tỷ",
    "Lợi nhuận trước thuế": "N/A",
    "Lợi nhuận sau thuế": "20.72 tỷ",
    "Cổ tức bằng tiền mặt": "N/A",
    "Cổ tức bằng cổ phiếu": "5 %",
    "Dự kiến tăng vốn lên": "N/A",
    "Giới thiệu công ty": "Công ty cổ phần VIMECO được thành lập ngày 24/3/1997. Là Doanh nghiệp Hạng I, thành viên thuộc Tổng Công ty cổ phần xuất nhập khẩu và  xây dựng Việt Nam – VINACONEX. Ngành nghề kinh doanh: hoạt động kiến trúc và tư vấn kỹ thuật; kinh doanh bất động sản; tư vấn môi giới bất động sản; xây dựng công trình kỹ thuật dân dụng; khai thác đá cát sỏi; sản xuất vật liệu xây dựng..."
}