{
    "Url": "http://s.cafef.vn/hastc/VNF-cong-ty-co-phan-vinafreight.chn",
    "CenterName": "HNX",
    "Symbol": "VNF",
    "TradeCenterID": 2,
    "ChangePrice": 4.347826086956526,
    "VonHoa": 304.323648,
    "ChangeVolume": -52.452452452452455,
    "EPS": -0.0210031603440747,
    "PE": -457.074070888969,
    "Beta": 0.0708088686355271,
    "Price": 9.6,
    "UpdatedDate": "/Date(1686037643766)/",
    "FullName": "Công ty cổ phần Vinafreight",
    "ParentCategoryId": 343,
    "Cập nhật": "11:54 Thứ 4, 07/06/2023",
    "Mã công ty": "VNF",
    "Tên công ty": "Công ty cổ phần Vinafreight (HNX)",
    "Giá điểm": "9.6",
    "Thay đổi": "N/A",
    "Khối lượng": "4,110",
    "Giá tham chiếu": "9.6",
    "Giá trần": "10.5",
    "Giá sàn": "8.7",
    "Giá mở cửa": "N/A",
    "Giá cao nhất": "N/A",
    "Giá thấp nhất": "9.5",
    "Giao dịch NĐTNN": "Giao dịch NĐTNN",
    "KLGD ròng": "9.6",
    "GT Mua": "0 (Tỷ)",
    "GT Bán": "0 (Tỷ)",
    "Room còn lại": "N/A",
    "(*)   EPS cơ bản (nghìn đồng):": "n/a",
    "EPS pha loãng (nghìn đồng):": "n/a",
    "P/E :": "n/a",
    "Giá trị sổ sách /cp (nghìn đồng):": "18.73",
    "(**) Hệ số beta:": "0.07",
    "KLGD khớp lệnh trung bình 10 phiên:": "13,138",
    "KLCP đang niêm yết:": "31,715,880",
    "KLCP đang lưu hành:": "31,700,380",
    "Vốn hóa thị trường (tỷ đồng):": "304.32",
    "Doanh thu": "955 tỷ",
    "Lợi nhuận trước thuế": "52.4 tỷ",
    "Lợi nhuận sau thuế": "N/A",
    "Cổ tức bằng tiền mặt": "7 %",
    "Cổ tức bằng cổ phiếu": "N/A",
    "Dự kiến tăng vốn lên": "N/A",
    "Giới thiệu công ty": "Công ty Vinafreight trước đây là đơn vị chuyên về vận tải hàng không thuộc công ty Giao nhận kho vận ngoại thương TP HCM (VINATRANS), chuyên thực hiện các dịch vụ về vận chuyển hàng không, dịch vụ hậu cần và đại lý tàu biển từ những năm đầu của thập niên 90. Trước tình hình sôi động của nền kinh tế thị trường, công ty Vinafreight được thành lập vào năm 1997 và ngày càng mở rộng nhiều chi nhánh trên khắp cả nước."
}