{
    "Url": "http://s.cafef.vn/hastc/VNR-tong-cong-ty-co-phan-tai-bao-hiem-quoc-gia-viet-nam.chn",
    "CenterName": "HNX",
    "Symbol": "VNR",
    "TradeCenterID": 2,
    "ChangePrice": 2.857142857142854,
    "VonHoa": 3798.575676,
    "ChangeVolume": -22.895543503890593,
    "EPS": 1.90670584147118,
    "PE": 13.2165116673457,
    "Beta": 0.627902900709841,
    "Price": 25.2,
    "UpdatedDate": "/Date(1686037643766)/",
    "FullName": "Tổng Công ty Cổ phần Tái bảo hiểm quốc gia Việt Nam",
    "ParentCategoryId": 341,
    "Cập nhật": "11:54 Thứ 4, 07/06/2023",
    "Mã công ty": "VNR",
    "Tên công ty": "Tổng Công ty Cổ phần Tái bảo hiểm quốc gia Việt Nam (HNX)",
    "Giá điểm": "25.2",
    "Thay đổi": "-0.2 (-0.79%)",
    "Khối lượng": "16,900",
    "Giá tham chiếu": "25.4",
    "Giá trần": "27.9",
    "Giá sàn": "22.9",
    "Giá mở cửa": "N/A",
    "Giá cao nhất": "N/A",
    "Giá thấp nhất": "25.2",
    "Giao dịch NĐTNN": "Giao dịch NĐTNN",
    "KLGD ròng": "25.2",
    "GT Mua": "0 (Tỷ)",
    "GT Bán": "0 (Tỷ)",
    "Room còn lại": "N/A",
    "(*)   EPS cơ bản (nghìn đồng):": "2.01",
    "EPS pha loãng (nghìn đồng):": "2.01",
    "P/E :": "12.52",
    "Giá trị sổ sách /cp (nghìn đồng):": "n/a",
    "(**) Hệ số beta:": "0.63",
    "KLGD khớp lệnh trung bình 10 phiên:": "34,162",
    "KLCP đang niêm yết:": "150,737,130",
    "KLCP đang lưu hành:": "150,737,130",
    "Vốn hóa thị trường (tỷ đồng):": "3,828.72",
    "Doanh thu": "2,468 tỷ",
    "Lợi nhuận trước thuế": "460 tỷ",
    "Lợi nhuận sau thuế": "N/A",
    "Cổ tức bằng tiền mặt": "12 %",
    "Cổ tức bằng cổ phiếu": "N/A",
    "Dự kiến tăng vốn lên": "N/A",
    "Giới thiệu công ty": "Tổng Công ty Cổ phần Tái bảo hiểm quốc gia Việt Nam được thành lập năm 1994 theo quyết định 920TC/QĐ/TCCB ngày 27/9/1994 của Bộ tài chính, được phép hoạt động theo giáy chứng nhận đăng ký kinh doanh 100104 ngày 06.10.1994 và chính thức đi vào hoạt động 1.1.1995. Lĩnh vực kinh doanh: kinh doanh nhận và nhượng tái bảo hiểm; đầu tư tài chính vào các lĩnh vực trái phiếu chính phủ, cổ phiếu doanh nghiệp;..."
}