{
    "Url": "http://s.cafef.vn/hastc/VNT-cong-ty-co-phan-giao-nhan-van-tai-ngoai-thuong.chn",
    "CenterName": "HNX",
    "Symbol": "VNT",
    "TradeCenterID": 2,
    "ChangePrice": -8.47457627118644,
    "VonHoa": 898.781238,
    "ChangeVolume": -92.61083743842364,
    "EPS": -0.72356007321737,
    "PE": -74.6309836581841,
    "Beta": -0.330778042118248,
    "Price": 54,
    "UpdatedDate": "/Date(1686037643766)/",
    "FullName": "Công ty cổ phần Giao nhận Vận tải Ngoại thương",
    "ParentCategoryId": 343,
    "Cập nhật": "11:54 Thứ 4, 07/06/2023",
    "Mã công ty": "VNT",
    "Tên công ty": "Công ty cổ phần Giao nhận Vận tải Ngoại thương (HNX)",
    "Giá điểm": "49.3",
    "Thay đổi": "-4.3 (-8.02%)",
    "Khối lượng": "15,300",
    "Giá tham chiếu": "53.6",
    "Giá trần": "58.9",
    "Giá sàn": "48.3",
    "Giá mở cửa": "58",
    "Giá cao nhất": "58",
    "Giá thấp nhất": "49.2",
    "Giao dịch NĐTNN": "Giao dịch NĐTNN",
    "KLGD ròng": "58",
    "GT Mua": "0 (Tỷ)",
    "GT Bán": "0 (Tỷ)",
    "Room còn lại": "N/A",
    "(*)   EPS cơ bản (nghìn đồng):": "n/a",
    "EPS pha loãng (nghìn đồng):": "n/a",
    "P/E :": "n/a",
    "Giá trị sổ sách /cp (nghìn đồng):": "10.98",
    "(**) Hệ số beta:": "-0.33",
    "KLGD khớp lệnh trung bình 10 phiên:": "4,090",
    "KLCP đang niêm yết:": "16,699,497",
    "KLCP đang lưu hành:": "16,644,097",
    "Vốn hóa thị trường (tỷ đồng):": "892.12",
    "Doanh thu": "1,500 tỷ",
    "Lợi nhuận trước thuế": "5 tỷ",
    "Lợi nhuận sau thuế": "1 tỷ",
    "Cổ tức bằng tiền mặt": "N/A",
    "Cổ tức bằng cổ phiếu": "N/A",
    "Dự kiến tăng vốn lên": "N/A",
    "Giới thiệu công ty": "Tháng 6 năm 1996 Công ty Giao nhận kho vận Ngoại Thương Thành phố Hồ Chí Minh Vinatrans – một công ty Giao nhận hàng đầu của Việt nam, đơn vị anh hùng lao động thời kỳ đổi mới, thành lập chi nhánh phía bắc mang tên Vinatrans Hà nội. Năm 2003 chi nhánh Vinatrans Hà Nội tiến hành cổ phần hóa và đổi tên thành Công ty cổ phần giao nhận vận tải Ngoại Thương với ngành nghề kinh doanh chính: dịch vụ giao nhân, vận tải hàng xuất nhập khẩu..."
}