{
    "Url": "http://s.cafef.vn/hastc/VTH-cong-ty-co-phan-tap-doan-viet-thai.chn",
    "CenterName": "HNX",
    "Symbol": "VTH",
    "TradeCenterID": 2,
    "ChangePrice": 13.043478260869556,
    "VonHoa": 61.6199142,
    "ChangeVolume": 57.48031496062992,
    "EPS": 0.222392317828253,
    "PE": 35.0731539478073,
    "Beta": 1.20541582683376,
    "Price": 7.8,
    "UpdatedDate": "/Date(1686037643766)/",
    "FullName": "Công ty Cổ phần Tập đoàn Việt Thái",
    "ParentCategoryId": 346,
    "Cập nhật": "11:54 Thứ 4, 07/06/2023",
    "Mã công ty": "VTH",
    "Tên công ty": "Công ty Cổ phần Tập đoàn Việt Thái (HNX)",
    "Giá điểm": "7.8",
    "Thay đổi": "N/A",
    "Khối lượng": "5",
    "Giá tham chiếu": "7.8",
    "Giá trần": "8.5",
    "Giá sàn": "7.1",
    "Giá mở cửa": "N/A",
    "Giá cao nhất": "N/A",
    "Giá thấp nhất": "N/A",
    "Giao dịch NĐTNN": "Giao dịch NĐTNN",
    "KLGD ròng": "7.8",
    "GT Mua": "0 (Tỷ)",
    "GT Bán": "0 (Tỷ)",
    "Room còn lại": "N/A",
    "(*)   EPS cơ bản (nghìn đồng):": "0.35",
    "EPS pha loãng (nghìn đồng):": "0.35",
    "P/E :": "22.20",
    "Giá trị sổ sách /cp (nghìn đồng):": "10.85",
    "(**) Hệ số beta:": "1.21",
    "KLGD khớp lệnh trung bình 10 phiên:": "252",
    "KLCP đang niêm yết:": "7,899,989",
    "KLCP đang lưu hành:": "7,899,989",
    "Vốn hóa thị trường (tỷ đồng):": "61.62",
    "Doanh thu": "480 tỷ",
    "Lợi nhuận trước thuế": "6.15 tỷ",
    "Lợi nhuận sau thuế": "N/A",
    "Cổ tức bằng tiền mặt": "N/A",
    "Cổ tức bằng cổ phiếu": "N/A",
    "Dự kiến tăng vốn lên": "N/A",
    "Giới thiệu công ty": "Công ty cổ phần dây cáp điện Việt Thái tiền thân là 3 xí nghiệp thành viên của Côn ty cổ phần dây cáp điện Việt Nam (CADIVI) được tách ra và chuyển đổi thành Công ty Cổ phần. Ngày 29/10/2014, cổ phiếu của Công ty chính thức được niêm yết trên Sở giao dịch chứng khoán HN. Ngành nghề kinh doanh\" sản xuất, kinh doanh các mặt hàng: đồng, thau, nhôm, dây cáp điện. Đại lý bán hàng và dịch vụ thương mại. Kinh doanh xuất nhập khẩu máy móc, thiết bị và phụ tùng."
}