{
    "Url": "http://s.cafef.vn/hastc/WCS-cong-ty-co-phan-ben-xe-mien-tay.chn",
    "CenterName": "HNX",
    "Symbol": "WCS",
    "TradeCenterID": 2,
    "ChangePrice": 1.638827607941998,
    "VonHoa": 419.25,
    "ChangeVolume": -100,
    "EPS": 19.6431427686,
    "PE": 8.53733040458639,
    "Beta": 0.431075278240294,
    "Price": 167.7,
    "UpdatedDate": "/Date(1686037643766)/",
    "FullName": "Công ty Cổ phần Bến xe Miền Tây",
    "ParentCategoryId": 343,
    "Cập nhật": "11:54 Thứ 4, 07/06/2023",
    "Mã công ty": "WCS",
    "Tên công ty": "Công ty Cổ phần Bến xe Miền Tây (HNX)",
    "Giá điểm": "167.8",
    "Thay đổi": "N/A",
    "Khối lượng": "0.0",
    "Giá tham chiếu": "167.8",
    "Giá trần": "184.5",
    "Giá sàn": "151.1",
    "Giá mở cửa": "N/A",
    "Giá cao nhất": "N/A",
    "Giá thấp nhất": "N/A",
    "Giao dịch NĐTNN": "Giao dịch NĐTNN",
    "KLGD ròng": "167.8",
    "GT Mua": "0 (Tỷ)",
    "GT Bán": "0 (Tỷ)",
    "Room còn lại": "N/A",
    "(*)   EPS cơ bản (nghìn đồng):": "19.88",
    "EPS pha loãng (nghìn đồng):": "19.88",
    "P/E :": "8.44",
    "Giá trị sổ sách /cp (nghìn đồng):": "73.28",
    "(**) Hệ số beta:": "0.43",
    "KLGD khớp lệnh trung bình 10 phiên:": "471",
    "KLCP đang niêm yết:": "2,500,000",
    "KLCP đang lưu hành:": "2,500,000",
    "Vốn hóa thị trường (tỷ đồng):": "419.50",
    "Doanh thu": "120.13 tỷ",
    "Lợi nhuận trước thuế": "56.04 tỷ",
    "Lợi nhuận sau thuế": "44.83 tỷ",
    "Cổ tức bằng tiền mặt": "N/A",
    "Cổ tức bằng cổ phiếu": "N/A",
    "Dự kiến tăng vốn lên": "N/A",
    "Giới thiệu công ty": "Bến xe Miền Tây được xây dựng và đưa vào hoạt động năm 1973, sau năm 1975, Nhà nước tiếp quản, Bến xe tiếp tục hoạt động và trực thuộc Sở Giao thông Vận tải Thành phố. Từ ngày 03/5/2006, Bến xe Miền Tây chính thức hoạt động theo loại hình công ty cổ phần. Ngành nghề kinh doanh: khai thác và kinh doanh bến xe, kinh doanh dịch vụ phục vụ trong bên; vận tải hành khách; cho thuê mặt bằng và kiốt; dịch vụ bốc xếp hàng hóa..."
}