{
    "Url": "http://s.cafef.vn/hastc/WSS-cong-ty-co-phan-chung-khoan-pho-wall.chn",
    "CenterName": "HNX",
    "Symbol": "WSS",
    "TradeCenterID": 2,
    "ChangePrice": 0,
    "VonHoa": 326.95,
    "ChangeVolume": -58.23369998405867,
    "EPS": 0.24033665867995,
    "PE": 27.045395553476,
    "Beta": 0.617737271054246,
    "Price": 6.5,
    "UpdatedDate": "/Date(1686037643766)/",
    "FullName": "Công ty Cổ phần Chứng khoán Phố Wall",
    "ParentCategoryId": 341,
    "Cập nhật": "11:54 Thứ 4, 07/06/2023",
    "Mã công ty": "WSS",
    "Tên công ty": "Công ty Cổ phần Chứng khoán Phố Wall (HNX)",
    "Giá điểm": "6.8",
    "Thay đổi": "N/A",
    "Khối lượng": "30,515",
    "Giá tham chiếu": "6.8",
    "Giá trần": "7.4",
    "Giá sàn": "6.2",
    "Giá mở cửa": "7",
    "Giá cao nhất": "N/A",
    "Giá thấp nhất": "6.7",
    "Giao dịch NĐTNN": "Giao dịch NĐTNN",
    "KLGD ròng": "7",
    "GT Mua": "0 (Tỷ)",
    "GT Bán": "0 (Tỷ)",
    "Room còn lại": "N/A",
    "(*)   EPS cơ bản (nghìn đồng):": "0.28",
    "EPS pha loãng (nghìn đồng):": "0.28",
    "P/E :": "24.37",
    "Giá trị sổ sách /cp (nghìn đồng):": "10.00",
    "(**) Hệ số beta:": "0.62",
    "KLGD khớp lệnh trung bình 10 phiên:": "100,456",
    "KLCP đang niêm yết:": "50,300,000",
    "KLCP đang lưu hành:": "50,300,000",
    "Vốn hóa thị trường (tỷ đồng):": "342.04",
    "Doanh thu": "45.19 tỷ",
    "Lợi nhuận trước thuế": "5.12 tỷ",
    "Lợi nhuận sau thuế": "N/A",
    "Cổ tức bằng tiền mặt": "N/A",
    "Cổ tức bằng cổ phiếu": "N/A",
    "Dự kiến tăng vốn lên": "N/A",
    "Giới thiệu công ty": "Công ty Cổ phần Chứng khoán Phố Wall được chính thức thành lập theo Giấy phép số 86/UBCK-GP do Ủy ban Chứng khoán Nhà nước cấp ngày 20/12/2007 với các nghiệp vụ: Môi giới chứng khoán, Tự doanh chứng khoán, Tư vấn đầu tư chứng khoán và Lưu ký chứng khoán. Ngày 30/01/2008, WSS được chính thức công nhận là thành viên của SGDCK Hà Nội."
}