{
    "Url": "http://s.cafef.vn/hastc/X20-cong-ty-co-phan-x20.chn",
    "CenterName": "HNX",
    "Symbol": "X20",
    "TradeCenterID": 2,
    "ChangePrice": -5.769230769230766,
    "VonHoa": 169.05,
    "ChangeVolume": 42.857142857142854,
    "EPS": 13.0084362751143,
    "PE": 0.753357266987408,
    "Beta": 0,
    "Price": 9.8,
    "UpdatedDate": "/Date(1686037643766)/",
    "FullName": "Công ty Cổ phần X20",
    "ParentCategoryId": 339,
    "Cập nhật": "11:54 Thứ 4, 07/06/2023",
    "Mã công ty": "X20",
    "Tên công ty": "Công ty Cổ phần X20 (HNX)",
    "Giá điểm": "9",
    "Thay đổi": "N/A",
    "Khối lượng": "0.0",
    "Giá tham chiếu": "9",
    "Giá trần": "9.9",
    "Giá sàn": "8.1",
    "Giá mở cửa": "N/A",
    "Giá cao nhất": "N/A",
    "Giá thấp nhất": "N/A",
    "Giao dịch NĐTNN": "Giao dịch NĐTNN",
    "KLGD ròng": "9",
    "GT Mua": "0 (Tỷ)",
    "GT Bán": "0 (Tỷ)",
    "Room còn lại": "N/A",
    "(*)   EPS cơ bản (nghìn đồng):": "13.80",
    "EPS pha loãng (nghìn đồng):": "13.80",
    "P/E :": "0.65",
    "Giá trị sổ sách /cp (nghìn đồng):": "14.70",
    "(**) Hệ số beta:": "n/a",
    "KLGD khớp lệnh trung bình 10 phiên:": "391",
    "KLCP đang niêm yết:": "17,250,000",
    "KLCP đang lưu hành:": "17,250,000",
    "Vốn hóa thị trường (tỷ đồng):": "155.25",
    "Doanh thu": "880 tỷ",
    "Lợi nhuận trước thuế": "23.4 tỷ",
    "Lợi nhuận sau thuế": "N/A",
    "Cổ tức bằng tiền mặt": "5 %",
    "Cổ tức bằng cổ phiếu": "N/A",
    "Dự kiến tăng vốn lên": "N/A",
    "Giới thiệu công ty": "Công ty cổ phần X20 tiền thân là Xưởng đo may hàng kỹ được thành lập năm 1957, là doanh nghiệp chuyên sản xuất kinh doanh hàng dệt , nhuộm, hàng may, nguyên phụ liệu hàng dệt may, kinh doanh ô tô, xe máy,  dịch vụ tư vấn quản lý và kỹ thuật trong nghành dệt, nhộm và may...., sản phẩm may mặc phục vụ thị trường nội địa và xuất khẩu. Kinh doanh xuất khẩu trang thiết bị ngành may, dệt kim. Kinh doanh vật tư thiết bị, nguyên liệu hóa chất phục vụ ngành dệt nhuộm."
}