{
    "Url": "http://s.cafef.vn/hose/HHV-cong-ty-co-phan-dau-tu-ha-tang-giao-thong-deo-ca.chn",
    "CenterName": "HSX",
    "Symbol": "HHV",
    "TradeCenterID": 1,
    "ChangePrice": -3.0201342281879264,
    "VonHoa": 4447.7743025,
    "ChangeVolume": 27.93285635663181,
    "EPS": 0.891491690582061,
    "PE": 16.20878820594,
    "Beta": 0,
    "Price": 14.45,
    "UpdatedDate": "/Date(1686037643765)/",
    "FullName": "Công ty cổ phần Đầu tư hạ tầng giao thông Đèo Cả",
    "ParentCategoryId": 343,
    "Cập nhật": "11:30 Thứ 4, 07/06/2023",
    "Mã công ty": "HHV",
    "Tên công ty": "Công ty cổ phần Đầu tư hạ tầng giao thông Đèo Cả (HOSE)",
    "Giá điểm": "14.15",
    "Thay đổi": "0.46 (3.36%)",
    "Khối lượng": "7,805,100",
    "Giá tham chiếu": "13.69",
    "Giá trần": "14.65",
    "Giá sàn": "12.75",
    "Giá mở cửa": "14.2",
    "Giá cao nhất": "14.5",
    "Giá thấp nhất": "N/A",
    "Giao dịch NĐTNN": "Giao dịch NĐTNN",
    "KLGD ròng": "14.5",
    "GT Mua": "5.85 (Tỷ)",
    "GT Bán": "1.27 (Tỷ)",
    "Room còn lại": "N/A",
    "(*)   EPS cơ bản (nghìn đồng):": "0.94",
    "EPS pha loãng (nghìn đồng):": "0.94",
    "P/E :": "15.09",
    "Giá trị sổ sách /cp (nghìn đồng):": "28.31",
    "(**) Hệ số beta:": "n/a",
    "KLGD khớp lệnh trung bình 10 phiên:": "10,001,450",
    "KLCP đang niêm yết:": "307,804,450",
    "KLCP đang lưu hành:": "329,350,771",
    "Vốn hóa thị trường (tỷ đồng):": "4,824.99",
    "Doanh thu": "2,478 tỷ",
    "Lợi nhuận trước thuế": "N/A",
    "Lợi nhuận sau thuế": "338 tỷ",
    "Cổ tức bằng tiền mặt": "N/A",
    "Cổ tức bằng cổ phiếu": "N/A",
    "Dự kiến tăng vốn lên": "N/A",
    "Giới thiệu công ty": "Công ty cổ phần Quản lý và khai thác hầm đường bộ Hải Vân tiền thân là \"Xưởng Thống Nhất\" trực thuộc Ban Xây Dựng 67. Đến ngày 02/01/2014, Công ty chính thức hoạt động dưới hình thức CTCP. Ngày 24/11/2015, cổ phiếu của công ty được chấp thuận đăng ký giao dịch lần đầu trên UPCOM với mã HHV. Ngành nghề kinh doanh: quản lý, khai thác, bảo trì hầm đường bộ Hải Vân và các tuyến quốc lộ được bàn giao; kinh doanh vận tải hành khách..."
}