{
    "Url": "http://s.cafef.vn/hose/HID-cong-ty-co-phan-halcom-viet-nam.chn",
    "CenterName": "HSX",
    "Symbol": "HID",
    "TradeCenterID": 1,
    "ChangePrice": 7.8078078078078015,
    "VonHoa": 275.56621369,
    "ChangeVolume": -40.06162574586716,
    "EPS": -0.212134421849939,
    "PE": -16.9232318295779,
    "Beta": 0,
    "Price": 3.59,
    "UpdatedDate": "/Date(1686037643765)/",
    "FullName": "Công ty Cổ phần Halcom Việt Nam",
    "ParentCategoryId": 345,
    "Cập nhật": "11:30 Thứ 4, 07/06/2023",
    "Mã công ty": "HID",
    "Tên công ty": "Công ty Cổ phần Halcom Việt Nam (HOSE)",
    "Giá điểm": "3.75",
    "Thay đổi": "0.05 (1.35%)",
    "Khối lượng": "453,700",
    "Giá tham chiếu": "3.7",
    "Giá trần": "3.95",
    "Giá sàn": "3.45",
    "Giá mở cửa": "3.84",
    "Giá cao nhất": "3.84",
    "Giá thấp nhất": "N/A",
    "Giao dịch NĐTNN": "Giao dịch NĐTNN",
    "KLGD ròng": "3.84",
    "GT Mua": "0 (Tỷ)",
    "GT Bán": "0 (Tỷ)",
    "Room còn lại": "N/A",
    "(*)   EPS cơ bản (nghìn đồng):": "n/a",
    "EPS pha loãng (nghìn đồng):": "n/a",
    "P/E :": "n/a",
    "Giá trị sổ sách /cp (nghìn đồng):": "8.15",
    "(**) Hệ số beta:": "n/a",
    "KLGD khớp lệnh trung bình 10 phiên:": "563,860",
    "KLCP đang niêm yết:": "76,765,032",
    "KLCP đang lưu hành:": "76,759,391",
    "Vốn hóa thị trường (tỷ đồng):": "284.01",
    "Doanh thu": "551.32 tỷ",
    "Lợi nhuận trước thuế": "N/A",
    "Lợi nhuận sau thuế": "30.2 tỷ",
    "Cổ tức bằng tiền mặt": "3 %",
    "Cổ tức bằng cổ phiếu": "N/A",
    "Dự kiến tăng vốn lên": "N/A",
    "Giới thiệu công ty": "Tiền thân của Công ty Cổ phần Đầu tư và Tư vấn Hà Long (HALCOM) là Công ty TNHH Nước và Môi trường Đường Thành (W&E Ltd) được thành lập ngày 02/07/2001. Công ty hoạt động trong lĩnh vực chính là Tư vấn cấp thoát nước và môi trường – xã hội. Chính thức giao dịch trên HOSE từ ngày 11/07/2016 với mã HID"
}