{
    "Url": "http://s.cafef.vn/hose/HII-cong-ty-co-phan-an-tien-industries.chn",
    "CenterName": "HSX",
    "Symbol": "HII",
    "TradeCenterID": 1,
    "ChangePrice": 0,
    "VonHoa": 391.88724512,
    "ChangeVolume": -37.222969271378055,
    "EPS": -0.456846997591185,
    "PE": -11.6450365834749,
    "Beta": 0,
    "Price": 5.32,
    "UpdatedDate": "/Date(1686037643765)/",
    "FullName": "Công ty Cổ phần An Tiến Industries",
    "ParentCategoryId": 344,
    "Cập nhật": "11:30 Thứ 4, 07/06/2023",
    "Mã công ty": "HII",
    "Tên công ty": "Công ty Cổ phần An Tiến Industries (HOSE)",
    "Giá điểm": "5.41",
    "Thay đổi": "-0.01 (-0.18%)",
    "Khối lượng": "142,500",
    "Giá tham chiếu": "5.42",
    "Giá trần": "5.79",
    "Giá sàn": "5.05",
    "Giá mở cửa": "5.49",
    "Giá cao nhất": "5.52",
    "Giá thấp nhất": "5.41",
    "Giao dịch NĐTNN": "Giao dịch NĐTNN",
    "KLGD ròng": "5.52",
    "GT Mua": "0 (Tỷ)",
    "GT Bán": "0 (Tỷ)",
    "Room còn lại": "N/A",
    "(*)   EPS cơ bản (nghìn đồng):": "n/a",
    "EPS pha loãng (nghìn đồng):": "n/a",
    "P/E :": "n/a",
    "Giá trị sổ sách /cp (nghìn đồng):": "11.83",
    "(**) Hệ số beta:": "n/a",
    "KLGD khớp lệnh trung bình 10 phiên:": "323,910",
    "KLCP đang niêm yết:": "73,663,016",
    "KLCP đang lưu hành:": "73,663,016",
    "Vốn hóa thị trường (tỷ đồng):": "399.25",
    "Doanh thu": "6,000 tỷ",
    "Lợi nhuận trước thuế": "N/A",
    "Lợi nhuận sau thuế": "30 tỷ",
    "Cổ tức bằng tiền mặt": "N/A",
    "Cổ tức bằng cổ phiếu": "N/A",
    "Dự kiến tăng vốn lên": "N/A",
    "Giới thiệu công ty": "Công ty cổ phần An Tiến Industries thành viên của Tập đoàn An Phát Holdings được thành lập từ năm 2009 tại khu công nghiệp phía Nam, Xã Văn Phú, Thành phố Yên Bái, Tỉnh Yên Bái. Sau hơn một thập kỷ trưởng thành và phát triển, An Tiến Industries đã trở thành Công ty đại chúng niêm yết trên sàn chứng khoán HOSE.\r\nVới đội ngũ nhân sự được đào tạo bài bản, có kinh nghiệm lâu năm, cùng với công nghệ sản xuất hiện đại, được đánh  giá là nhà sản xuất hạt phụ gia nhựa ANCAL, bột đá siêu mịn CaCo3...hàng đầu, An Tiến Industries hiện là doanh nghiệp tiên phong, có chỗ đứng vững chắc trong thị trường trong nước và quốc tế. Công ty đã thiết lập được mối quan hệ tốt đẹp với các Tập đoàn, các Công ty nổi tiếng ở Trung Đông, Châu Á và Châu Âu…\r\nAn Tiến Industries đang sở hữu 02 nhà máy sản xuất hiện đại, bao gồm: nhà máy sản xuất hạt phụ gia nhựa và nhà máy sản xuất bột đá CaCO3. Tất cả được thiết kế theo tiêu chuẩn hiện đại, được trang bị đầy đủ dây chuyền sản xuất hiện đại từ Đức và Đài Loan."
}