{
    "Url": "http://s.cafef.vn/hose/HMC-cong-ty-co-phan-kim-khi-thanh-pho-ho-chi-minh-vnsteel.chn",
    "CenterName": "HSX",
    "Symbol": "HMC",
    "TradeCenterID": 1,
    "ChangePrice": 1.1011011011010954,
    "VonHoa": 275.7299899,
    "ChangeVolume": 53.89924085576259,
    "EPS": -0.362641396086205,
    "PE": -27.8512053753485,
    "Beta": 0.113235705624475,
    "Price": 10.1,
    "UpdatedDate": "/Date(1686037643765)/",
    "FullName": "Công ty Cổ phần Kim khí Thành phố Hồ Chí Minh - Vnsteel",
    "ParentCategoryId": 345,
    "Cập nhật": "11:30 Thứ 4, 07/06/2023",
    "Mã công ty": "HMC",
    "Tên công ty": "Công ty Cổ phần Kim khí Thành phố Hồ Chí Minh - Vnsteel (HOSE)",
    "Giá điểm": "10.55",
    "Thay đổi": "0.35 (3.43%)",
    "Khối lượng": "42,900",
    "Giá tham chiếu": "10.2",
    "Giá trần": "10.9",
    "Giá sàn": "9.49",
    "Giá mở cửa": "10.5",
    "Giá cao nhất": "10.8",
    "Giá thấp nhất": "N/A",
    "Giao dịch NĐTNN": "Giao dịch NĐTNN",
    "KLGD ròng": "10.8",
    "GT Mua": "0 (Tỷ)",
    "GT Bán": "0 (Tỷ)",
    "Room còn lại": "N/A",
    "(*)   EPS cơ bản (nghìn đồng):": "n/a",
    "EPS pha loãng (nghìn đồng):": "n/a",
    "P/E :": "n/a",
    "Giá trị sổ sách /cp (nghìn đồng):": "14.60",
    "(**) Hệ số beta:": "0.11",
    "KLGD khớp lệnh trung bình 10 phiên:": "48,710",
    "KLCP đang niêm yết:": "21,000,000",
    "KLCP đang lưu hành:": "27,299,999",
    "Vốn hóa thị trường (tỷ đồng):": "278.46",
    "Doanh thu": "3,325 tỷ",
    "Lợi nhuận trước thuế": "N/A",
    "Lợi nhuận sau thuế": "20 tỷ",
    "Cổ tức bằng tiền mặt": "N/A",
    "Cổ tức bằng cổ phiếu": "N/A",
    "Dự kiến tăng vốn lên": "N/A",
    "Giới thiệu công ty": "Ngày 30/12/1975 Tổng Cục Trưởng Tổng Cục Kỹ Thuật Vật Tư Miền Nam ra Quyết định số 517/VT-QĐ về việc tách Công ty Kim Khí - Thiết Bị Phụ Tùng thành hai Công ty: Kim Khí Miền Nam và Công ty Thiết Bị Miền Nam. Ngày 04/11/1976 theo Quyết định số 827/VT-QĐ Công ty Kim Khí Miền Nam được đổi tên thành Công ty Kim Khí Khu Vực II. Ngày 01/01/1986 Công ty Kim Khí Khu Vực II được đổi tên thành Công ty Kim Khí TP.HCM theo Quyết định số 746/VT-QĐ."
}