{
    "Url": "http://s.cafef.vn/hose/HNG-cong-ty-co-phan-nong-nghiep-quoc-te-hoang-anh-gia-lai.chn",
    "CenterName": "HSX",
    "Symbol": "HNG",
    "TradeCenterID": 1,
    "ChangePrice": 1.5584415584415598,
    "VonHoa": 4445.30111895,
    "ChangeVolume": -39.126994963895875,
    "EPS": -3.49926827057876,
    "PE": -1.14595386518815,
    "Beta": 0,
    "Price": 3.91,
    "UpdatedDate": "/Date(1686037643765)/",
    "FullName": "Công ty cổ phần Nông nghiệp Quốc tế Hoàng Anh Gia Lai",
    "ParentCategoryId": 338,
    "Cập nhật": "11:30 Thứ 4, 07/06/2023",
    "Mã công ty": "HNG",
    "Tên công ty": "Công ty cổ phần Nông nghiệp Quốc tế Hoàng Anh Gia Lai (HOSE)",
    "Giá điểm": "3.96",
    "Thay đổi": "0.03 (0.76%)",
    "Khối lượng": "3,019,600",
    "Giá tham chiếu": "3.93",
    "Giá trần": "4.2",
    "Giá sàn": "3.66",
    "Giá mở cửa": "3.99",
    "Giá cao nhất": "N/A",
    "Giá thấp nhất": "N/A",
    "Giao dịch NĐTNN": "Giao dịch NĐTNN",
    "KLGD ròng": "3.99",
    "GT Mua": "0.53 (Tỷ)",
    "GT Bán": "0 (Tỷ)",
    "Room còn lại": "N/A",
    "(*)   EPS cơ bản (nghìn đồng):": "n/a",
    "EPS pha loãng (nghìn đồng):": "n/a",
    "P/E :": "n/a",
    "Giá trị sổ sách /cp (nghìn đồng):": "1.99",
    "(**) Hệ số beta:": "n/a",
    "KLGD khớp lệnh trung bình 10 phiên:": "2,963,960",
    "KLCP đang niêm yết:": "1,108,553,895",
    "KLCP đang lưu hành:": "1,108,553,895",
    "Vốn hóa thị trường (tỷ đồng):": "4,445.30",
    "Doanh thu": "1,731 tỷ",
    "Lợi nhuận trước thuế": "-2,713 tỷ",
    "Lợi nhuận sau thuế": "N/A",
    "Cổ tức bằng tiền mặt": "N/A",
    "Cổ tức bằng cổ phiếu": "N/A",
    "Dự kiến tăng vốn lên": "N/A",
    "Giới thiệu công ty": "Công ty cổ phần Cao su Hoàng Anh Gia Lai được  quyết định thành lập khi Công ty Cổ phần Hoàng Anh Gia Lai thực hiện chương trình tái cấu trúc năm 2010. Tháng 4/2015, công ty đổi tên từ Công ty Cổ phần Cao su Hoàng Anh Gia Lai thành Công ty Cổ phần Nông nghiệp Quốc tế Hoàng Anh Gia lai, đồng thời sáp nhập Công ty Cổ phẩn Bò sữa Tây Nguyên, Mở rộng hoạt động Kinh doanh. 20/07/2015 chính thức niêm yết trên HOSE."
}