{
    "Url": "http://s.cafef.vn/hose/HPG-cong-ty-co-phan-tap-doan-hoa-phat.chn",
    "CenterName": "HSX",
    "Symbol": "HPG",
    "TradeCenterID": 1,
    "ChangePrice": 1.4051522248243427,
    "VonHoa": 125890.110405,
    "ChangeVolume": -11.798439126183304,
    "EPS": 0.0864264226337204,
    "PE": 250.502095774041,
    "Beta": 1.10707956347356,
    "Price": 21.65,
    "UpdatedDate": "/Date(1686037643765)/",
    "FullName": "Công ty cổ phần Tập đoàn Hòa Phát",
    "ParentCategoryId": 344,
    "Cập nhật": "11:30 Thứ 4, 07/06/2023",
    "Mã công ty": "HPG",
    "Tên công ty": "Công ty cổ phần Tập đoàn Hòa Phát (HOSE)",
    "Giá điểm": "22.55",
    "Thay đổi": "0.8 (3.68%)",
    "Khối lượng": "38,814,000",
    "Giá tham chiếu": "21.75",
    "Giá trần": "23.25",
    "Giá sàn": "20.25",
    "Giá mở cửa": "22",
    "Giá cao nhất": "22.8",
    "Giá thấp nhất": "N/A",
    "Giao dịch NĐTNN": "Giao dịch NĐTNN",
    "KLGD ròng": "22.8",
    "GT Mua": "38.23 (Tỷ)",
    "GT Bán": "14.45 (Tỷ)",
    "Room còn lại": "N/A",
    "(*)   EPS cơ bản (nghìn đồng):": "0.11",
    "EPS pha loãng (nghìn đồng):": "0.11",
    "P/E :": "197.46",
    "Giá trị sổ sách /cp (nghìn đồng):": "16.85",
    "(**) Hệ số beta:": "1.11",
    "KLGD khớp lệnh trung bình 10 phiên:": "14,880,110",
    "KLCP đang niêm yết:": "5,814,785,700",
    "KLCP đang lưu hành:": "5,814,785,700",
    "Vốn hóa thị trường (tỷ đồng):": "126,471.59",
    "Doanh thu": "150,000 tỷ",
    "Lợi nhuận trước thuế": "N/A",
    "Lợi nhuận sau thuế": "8,000 tỷ",
    "Cổ tức bằng tiền mặt": "N/A",
    "Cổ tức bằng cổ phiếu": "N/A",
    "Dự kiến tăng vốn lên": "N/A",
    "Giới thiệu công ty": "Khởi đầu từ một Công ty chuyên buôn bán các loại máy xây dựng từ tháng 8/1992, Hòa Phát lần lượt mở rộng sang các lĩnh vực Nội thất (1995), Ống thép (1996), Thép (2000), Điện lạnh (2001), Bất động sản (2001). Năm 2007, Hòa Phát tái cấu trúc theo mô hình Tập đoàn, trong đó Công ty Cổ phần Tập đoàn Hòa Phát giữ vai trò là Công ty mẹ cùng các Công ty thành viên và Công ty liên kết. Ngày 15/11/2007, Hòa Phát chính thức niêm yết cổ phiếu trên thị trường chứng khoán Việt Nam với mã chứng khoán HPG."
}