{
    "Url": "http://s.cafef.vn/hose/HPX-cong-ty-co-phan-dau-tu-hai-phat.chn",
    "CenterName": "HSX",
    "Symbol": "HPX",
    "TradeCenterID": 1,
    "ChangePrice": 0.7481296758104801,
    "VonHoa": 1228.84106724,
    "ChangeVolume": -19.05628842595356,
    "EPS": 0.40880644216542,
    "PE": 9.88242743583099,
    "Beta": 0,
    "Price": 4.04,
    "UpdatedDate": "/Date(1686037643765)/",
    "FullName": "Công ty cổ phần Đầu tư Hải Phát",
    "ParentCategoryId": 345,
    "Cập nhật": "11:30 Thứ 4, 07/06/2023",
    "Mã công ty": "HPX",
    "Tên công ty": "Công ty cổ phần Đầu tư Hải Phát (HOSE)",
    "Giá điểm": "4.04",
    "Thay đổi": "N/A",
    "Khối lượng": "0.0",
    "Giá tham chiếu": "4.04",
    "Giá trần": "4.32",
    "Giá sàn": "3.76",
    "Giá mở cửa": "N/A",
    "Giá cao nhất": "N/A",
    "Giá thấp nhất": "N/A",
    "Giao dịch NĐTNN": "Giao dịch NĐTNN",
    "KLGD ròng": "4.04",
    "GT Mua": "0 (Tỷ)",
    "GT Bán": "0 (Tỷ)",
    "Room còn lại": "N/A",
    "(*)   EPS cơ bản (nghìn đồng):": "0.47",
    "EPS pha loãng (nghìn đồng):": "0.53",
    "P/E :": "8.59",
    "Giá trị sổ sách /cp (nghìn đồng):": "11.30",
    "(**) Hệ số beta:": "n/a",
    "KLGD khớp lệnh trung bình 10 phiên:": "4,057,020",
    "KLCP đang niêm yết:": "269,669,505",
    "KLCP đang lưu hành:": "304,168,581",
    "Vốn hóa thị trường (tỷ đồng):": "1,228.84",
    "Doanh thu": "2,700 tỷ",
    "Lợi nhuận trước thuế": "N/A",
    "Lợi nhuận sau thuế": "450 tỷ",
    "Cổ tức bằng tiền mặt": "10 %",
    "Cổ tức bằng cổ phiếu": "N/A",
    "Dự kiến tăng vốn lên": "N/A",
    "Giới thiệu công ty": "- Công ty cổ phần Đầu tư Hải Phát – HẢI PHÁT INVEST, tiền thân là Công ty cổ phần Xây dựng – Du lịch Hải Phát, được thành lập năm 2003. Công ty được thành lập trên cơ sở kết nối kinh doanh và thế mạnh vượt trội của từng cổ đông sáng lập. Hải Phát INVEST đã đặt dấu ấn tại hàng loạt các dự án thuộc khu vực Hà Nội và tiếp tục mở rộng thị trường trải dài từ Bắc đến Nam, tập trung vào các khu vực kinh tế trọng điểm như: Bắc Ninh, Thanh Hóa, Đà Nẵng, Nha Trang, Bình Thuận, v.v. Với tầm nhìn dài hạn và quan điểm phát triển bền vững, HẢI PHÁT INVEST đã tập trung đầu tư vào phân khúc bất động sản trung, cao cấp với đích đến là Nhà phát triển bất động sản uy tín hàng đầu tại Việt Nam."
}