{
    "Url": "http://s.cafef.vn/hose/HQC-cong-ty-co-phan-tu-vanthuong-maidich-vu-dia-oc-hoang-quan.chn",
    "CenterName": "HSX",
    "Symbol": "HQC",
    "TradeCenterID": 1,
    "ChangePrice": -0.43383947939263473,
    "VonHoa": 2187.59066766,
    "ChangeVolume": 32.9304743799878,
    "EPS": 0.0278381050209409,
    "PE": 164.881912635476,
    "Beta": 1.13431582874732,
    "Price": 4.59,
    "UpdatedDate": "/Date(1686037643765)/",
    "FullName": "Công ty cổ phần Tư vấn-Thương mại-Dịch vụ Địa ốc Hoàng Quân",
    "ParentCategoryId": 345,
    "Cập nhật": "11:30 Thứ 4, 07/06/2023",
    "Mã công ty": "HQC",
    "Tên công ty": "Công ty cổ phần Tư vấn-Thương mại-Dịch vụ Địa ốc Hoàng Quân (HOSE)",
    "Giá điểm": "4.68",
    "Thay đổi": "0.04 (0.86%)",
    "Khối lượng": "7,114,000",
    "Giá tham chiếu": "4.64",
    "Giá trần": "4.96",
    "Giá sàn": "4.32",
    "Giá mở cửa": "4.67",
    "Giá cao nhất": "4.75",
    "Giá thấp nhất": "N/A",
    "Giao dịch NĐTNN": "Giao dịch NĐTNN",
    "KLGD ròng": "4.75",
    "GT Mua": "0.01 (Tỷ)",
    "GT Bán": "0.09 (Tỷ)",
    "Room còn lại": "N/A",
    "(*)   EPS cơ bản (nghìn đồng):": "0.03",
    "EPS pha loãng (nghìn đồng):": "0.03",
    "P/E :": "155.66",
    "Giá trị sổ sách /cp (nghìn đồng):": "9.14",
    "(**) Hệ số beta:": "1.13",
    "KLGD khớp lệnh trung bình 10 phiên:": "14,320,810",
    "KLCP đang niêm yết:": "476,600,000",
    "KLCP đang lưu hành:": "476,599,274",
    "Vốn hóa thị trường (tỷ đồng):": "2,211.42",
    "Doanh thu": "1,700 tỷ",
    "Lợi nhuận trước thuế": "N/A",
    "Lợi nhuận sau thuế": "140 tỷ",
    "Cổ tức bằng tiền mặt": "N/A",
    "Cổ tức bằng cổ phiếu": "N/A",
    "Dự kiến tăng vốn lên": "N/A",
    "Giới thiệu công ty": "Công ty Cổ phần Tư Vấn - Thương Mại – Dịch Vụ - Địa ốc Hoàng Quân (HOSE: HQC) được thành lập năm 2000, chuyển đổi sang mô hình công ty cổ phần từ năm 2007 và chính thức niêm yết Sở GDCK TP.HCM năm 2010. Trải qua hơn 15 năm trưởng thành và phát triển, đến nay HQC đã trở thành thương hiệu dẫn đầu phía Nam, Việt Nam về đầu tư & phát triển nhà ở xã hội (NOXH). HQC tự hào là một trong những Tập đoàn Bất động sản – Giáo dục – Tài chính hàng đầu trong nước và vững vàng hội nhập quốc tế, khẳng định vị thế và tầm vóc của doanh nghiệp Việt Nam trên thế giới."
}