{
    "Url": "http://s.cafef.vn/hose/HRC-cong-ty-co-phan-cao-su-hoa-binh.chn",
    "CenterName": "HSX",
    "Symbol": "HRC",
    "TradeCenterID": 1,
    "ChangePrice": 5.576923076923075,
    "VonHoa": 1658.3435478,
    "ChangeVolume": 127.27272727272727,
    "EPS": 0.254826072931955,
    "PE": 215.441062872164,
    "Beta": -0.305381960638,
    "Price": 54.9,
    "UpdatedDate": "/Date(1686037643765)/",
    "FullName": "Công ty Cổ phần Cao su Hòa Bình",
    "ParentCategoryId": 338,
    "Cập nhật": "11:30 Thứ 4, 07/06/2023",
    "Mã công ty": "HRC",
    "Tên công ty": "Công ty Cổ phần Cao su Hòa Bình (HOSE)",
    "Giá điểm": "51.2",
    "Thay đổi": "N/A",
    "Khối lượng": "0.0",
    "Giá tham chiếu": "51.2",
    "Giá trần": "54.7",
    "Giá sàn": "47.65",
    "Giá mở cửa": "N/A",
    "Giá cao nhất": "N/A",
    "Giá thấp nhất": "N/A",
    "Giao dịch NĐTNN": "Giao dịch NĐTNN",
    "KLGD ròng": "51.2",
    "GT Mua": "0 (Tỷ)",
    "GT Bán": "0 (Tỷ)",
    "Room còn lại": "N/A",
    "(*)   EPS cơ bản (nghìn đồng):": "0.32",
    "EPS pha loãng (nghìn đồng):": "0.32",
    "P/E :": "160.74",
    "Giá trị sổ sách /cp (nghìn đồng):": "17.93",
    "(**) Hệ số beta:": "-0.31",
    "KLGD khớp lệnh trung bình 10 phiên:": "160",
    "KLCP đang niêm yết:": "30,206,622",
    "KLCP đang lưu hành:": "30,206,622",
    "Vốn hóa thị trường (tỷ đồng):": "1,546.58",
    "Doanh thu": "171.49 tỷ",
    "Lợi nhuận trước thuế": "6.67 tỷ",
    "Lợi nhuận sau thuế": "6.29 tỷ",
    "Cổ tức bằng tiền mặt": "N/A",
    "Cổ tức bằng cổ phiếu": "N/A",
    "Dự kiến tăng vốn lên": "N/A",
    "Giới thiệu công ty": "Nông trường cao su Hoà Bình là một đơn vị trực thuộc của Công ty Cao su Bà Rịa, được thành lập theo Quyết định số 933/QĐ-UBT ngày 20 tháng 11 năm 1981 của UBND Tỉnh Đồng Nai. Ngày 05/12/2003 Bộ trưởng Bộ Nông Nghiệp và Phát triển Nông thôn đã ký quyết định số 5360/QĐ/BNN-TCCB chuyển Doanh nghiệp nhà nước là Nông trường cao su Hoà Bình và Nhà máy chế biến cao su Hoà Bình trực thuộc Công ty Cao su Bà Rịa thành Công ty cổ phần cao su Hoà Bình."
}