{
    "Url": "http://s.cafef.vn/hose/HSG-cong-ty-co-phan-tap-doan-hoa-sen.chn",
    "CenterName": "HSX",
    "Symbol": "HSG",
    "TradeCenterID": 1,
    "ChangePrice": 0,
    "VonHoa": 9480.3095581,
    "ChangeVolume": -36.44639549776459,
    "EPS": -1.46507774590892,
    "PE": -10.818538500267,
    "Beta": 0.754220688368622,
    "Price": 15.85,
    "UpdatedDate": "/Date(1686037643765)/",
    "FullName": "Công ty Cổ phần Tập đoàn Hoa Sen",
    "ParentCategoryId": 344,
    "Cập nhật": "11:30 Thứ 4, 07/06/2023",
    "Mã công ty": "HSG",
    "Tên công ty": "Công ty Cổ phần Tập đoàn Hoa Sen (HOSE)",
    "Giá điểm": "16.6",
    "Thay đổi": "0.5 (3.11%)",
    "Khối lượng": "20,143,600",
    "Giá tham chiếu": "16.1",
    "Giá trần": "17.2",
    "Giá sàn": "15",
    "Giá mở cửa": "16.4",
    "Giá cao nhất": "16.9",
    "Giá thấp nhất": "N/A",
    "Giao dịch NĐTNN": "Giao dịch NĐTNN",
    "KLGD ròng": "16.9",
    "GT Mua": "1.37 (Tỷ)",
    "GT Bán": "2 (Tỷ)",
    "Room còn lại": "N/A",
    "(*)   EPS cơ bản (nghìn đồng):": "n/a",
    "EPS pha loãng (nghìn đồng):": "n/a",
    "P/E :": "n/a",
    "Giá trị sổ sách /cp (nghìn đồng):": "23.55",
    "(**) Hệ số beta:": "0.75",
    "KLGD khớp lệnh trung bình 10 phiên:": "17,823,980",
    "KLCP đang niêm yết:": "553,598,303",
    "KLCP đang lưu hành:": "598,126,786",
    "Vốn hóa thị trường (tỷ đồng):": "9,629.84",
    "Doanh thu": "36,000 tỷ",
    "Lợi nhuận trước thuế": "N/A",
    "Lợi nhuận sau thuế": "300 tỷ",
    "Cổ tức bằng tiền mặt": "N/A",
    "Cổ tức bằng cổ phiếu": "N/A",
    "Dự kiến tăng vốn lên": "N/A",
    "Giới thiệu công ty": "Công ty Cổ phần Tập đoàn Hoa Sen (Tập đoàn Hoa Sen) có tiền thân là Công ty Cổ phần Hoa Sen, được thành lập ngày 08/8/2001. Trải qua 17 năm hình thành và phát triển, từ một công ty cổ phần tư nhân nhỏ với số vốn điều lệ ban đầu 30 tỷ đồng, Tập đoàn Hoa Sen đã vươn lên trở thành doanh nghiệp sản xuất, kinh doanh tôn, thép số 1 Việt Nam và là nhà xuất khẩu tôn, thép hàng đầu khu vực Đông Nam Á. Tập đoàn Hoa Sen hiện sở hữu 11 nhà máy lớn và hệ thống hơn 400 chi nhánh phân phối – bán lẻ trải dài trên khắp cả nước, sản phẩm của Tập đoàn Hoa Sen xuất khẩu đến 75 quốc gia và vùng lãnh thổ trên toàn thế giới."
}