{
    "Url": "http://s.cafef.vn/hose/HSL-cong-ty-co-phan-dau-tu-phat-trien-thuc-pham-hong-ha.chn",
    "CenterName": "HSX",
    "Symbol": "HSL",
    "TradeCenterID": 1,
    "ChangePrice": 3.2608695652174022,
    "VonHoa": 201.6877512,
    "ChangeVolume": 167.78242677824267,
    "EPS": 0.385628903100341,
    "PE": 14.7810497454255,
    "Beta": 0,
    "Price": 5.7,
    "UpdatedDate": "/Date(1686037643765)/",
    "FullName": "Công ty Cổ phần Đầu tư Phát triển Thực phẩm Hồng Hà",
    "ParentCategoryId": 338,
    "Cập nhật": "11:30 Thứ 4, 07/06/2023",
    "Mã công ty": "HSL",
    "Tên công ty": "Công ty Cổ phần Đầu tư Phát triển Thực phẩm Hồng Hà (HOSE)",
    "Giá điểm": "5.7",
    "Thay đổi": "0.1 (1.79%)",
    "Khối lượng": "16,300",
    "Giá tham chiếu": "5.6",
    "Giá trần": "5.99",
    "Giá sàn": "5.21",
    "Giá mở cửa": "5.8",
    "Giá cao nhất": "5.8",
    "Giá thấp nhất": "N/A",
    "Giao dịch NĐTNN": "Giao dịch NĐTNN",
    "KLGD ròng": "5.8",
    "GT Mua": "0.03 (Tỷ)",
    "GT Bán": "0 (Tỷ)",
    "Room còn lại": "N/A",
    "(*)   EPS cơ bản (nghìn đồng):": "0.42",
    "EPS pha loãng (nghìn đồng):": "0.42",
    "P/E :": "13.44",
    "Giá trị sổ sách /cp (nghìn đồng):": "11.83",
    "(**) Hệ số beta:": "n/a",
    "KLGD khớp lệnh trung bình 10 phiên:": "28,950",
    "KLCP đang niêm yết:": "35,383,508",
    "KLCP đang lưu hành:": "35,383,816",
    "Vốn hóa thị trường (tỷ đồng):": "198.15",
    "Doanh thu": "300 tỷ",
    "Lợi nhuận trước thuế": "N/A",
    "Lợi nhuận sau thuế": "18 tỷ",
    "Cổ tức bằng tiền mặt": "N/A",
    "Cổ tức bằng cổ phiếu": "N/A",
    "Dự kiến tăng vốn lên": "N/A",
    "Giới thiệu công ty": "Công ty Cổ phần Chế biến Nông sản Hồng Hà Sơn La thành lập vào ngày 06 tháng 01 năm 2015 theo Quyết định của Sở Kế hoạch và Đầu tư tỉnh Sơn La, mã số doanh nghiệp 5500512492 với số vốn ban đầu là 4.500.000.000 đồng. Công ty hoạt động chủ yếu trong lı̃nh vực sản xuất, chế biến và kinh doanh nông sản (sản, ngô...), có trụ sở chı́nh và hệ thống nhà máy đặt tại Bản Cung Tà Làng, Xã Tú Nang, Huyện Yên Châu, Tı̉nh Sơn La, Việt Nam."
}