{
    "Url": "http://s.cafef.vn/hose/HT1-cong-ty-co-phan-xi-mang-vicem-ha-tien.chn",
    "CenterName": "HSX",
    "Symbol": "HT1",
    "TradeCenterID": 1,
    "ChangePrice": -0.9868421052631486,
    "VonHoa": 5742.92816055,
    "ChangeVolume": 67.4731033717835,
    "EPS": 0.363660094375101,
    "PE": 41.3847992473887,
    "Beta": 0.778472157447999,
    "Price": 15.05,
    "UpdatedDate": "/Date(1686037643765)/",
    "FullName": "Công ty Cổ phần xi măng VICEM Hà Tiên",
    "ParentCategoryId": 345,
    "Cập nhật": "11:30 Thứ 4, 07/06/2023",
    "Mã công ty": "HT1",
    "Tên công ty": "Công ty Cổ phần xi măng VICEM Hà Tiên (HOSE)",
    "Giá điểm": "15.4",
    "Thay đổi": "0.35 (2.33%)",
    "Khối lượng": "1,311,000",
    "Giá tham chiếu": "15.05",
    "Giá trần": "16.1",
    "Giá sàn": "14",
    "Giá mở cửa": "15.15",
    "Giá cao nhất": "15.6",
    "Giá thấp nhất": "N/A",
    "Giao dịch NĐTNN": "Giao dịch NĐTNN",
    "KLGD ròng": "15.6",
    "GT Mua": "0.51 (Tỷ)",
    "GT Bán": "0 (Tỷ)",
    "Room còn lại": "N/A",
    "(*)   EPS cơ bản (nghìn đồng):": "0.38",
    "EPS pha loãng (nghìn đồng):": "0.38",
    "P/E :": "40.72",
    "Giá trị sổ sách /cp (nghìn đồng):": "13.23",
    "(**) Hệ số beta:": "0.78",
    "KLGD khớp lệnh trung bình 10 phiên:": "1,164,520",
    "KLCP đang niêm yết:": "381,589,911",
    "KLCP đang lưu hành:": "381,589,911",
    "Vốn hóa thị trường (tỷ đồng):": "5,742.93",
    "Doanh thu": "426.75 tỷ",
    "Lợi nhuận trước thuế": "70 tỷ",
    "Lợi nhuận sau thuế": "N/A",
    "Cổ tức bằng tiền mặt": "14 - 16 %",
    "Cổ tức bằng cổ phiếu": "N/A",
    "Dự kiến tăng vốn lên": "N/A",
    "Giới thiệu công ty": "Công ty Xi măng Hà Tiên 1 tiền thân là Nhà máy Xi măng Hà Tiên do hãng VENOT.PIC  của Cộng hòa Pháp cung cấp thiết bị. Năm 1981, Nhà máy xi măng Hà Tiên được tách ra thành Nhà máy xi măng Kiên Lương và Nhà máy xi măng Thủ Đức. Và đến năm 1983, hai Nhà máy được sáp nhập và đổi tên là Nhà máy Liên Hợp xi măng Hà Tiên. Năm 1993, Nhà máy lại tách thành hai công ty là Nhà máy Xi măng Hà Tiên 2; Nhà máy Xi măng Hà Tiên 1."
}