{
    "Url": "http://s.cafef.vn/hose/HTI-cong-ty-co-phan-dau-tu-phat-trien-ha-tang-idico.chn",
    "CenterName": "HSX",
    "Symbol": "HTI",
    "TradeCenterID": 1,
    "ChangePrice": 0.31297648663830585,
    "VonHoa": 405.4245,
    "ChangeVolume": -90.85365853658537,
    "EPS": 2.12168837081289,
    "PE": 7.65899470607649,
    "Beta": 0.193731927991792,
    "Price": 16.25,
    "UpdatedDate": "/Date(1686037643765)/",
    "FullName": "Công ty Cổ phần Đầu tư phát triển hạ tầng IDICO",
    "ParentCategoryId": 343,
    "Cập nhật": "11:30 Thứ 4, 07/06/2023",
    "Mã công ty": "HTI",
    "Tên công ty": "Công ty Cổ phần Đầu tư phát triển hạ tầng IDICO (HOSE)",
    "Giá điểm": "16.35",
    "Thay đổi": "-0.1 (-0.61%)",
    "Khối lượng": "200",
    "Giá tham chiếu": "16.45",
    "Giá trần": "17.6",
    "Giá sàn": "15.3",
    "Giá mở cửa": "N/A",
    "Giá cao nhất": "N/A",
    "Giá thấp nhất": "16.35",
    "Giao dịch NĐTNN": "Giao dịch NĐTNN",
    "KLGD ròng": "16.35",
    "GT Mua": "0 (Tỷ)",
    "GT Bán": "0 (Tỷ)",
    "Room còn lại": "N/A",
    "(*)   EPS cơ bản (nghìn đồng):": "2.23",
    "EPS pha loãng (nghìn đồng):": "2.23",
    "P/E :": "7.34",
    "Giá trị sổ sách /cp (nghìn đồng):": "18.35",
    "(**) Hệ số beta:": "0.19",
    "KLGD khớp lệnh trung bình 10 phiên:": "10,860",
    "KLCP đang niêm yết:": "24,949,200",
    "KLCP đang lưu hành:": "24,949,200",
    "Vốn hóa thị trường (tỷ đồng):": "410.41",
    "Doanh thu": "388.18 tỷ",
    "Lợi nhuận trước thuế": "68 tỷ",
    "Lợi nhuận sau thuế": "54.4 tỷ",
    "Cổ tức bằng tiền mặt": "16 - 18 %",
    "Cổ tức bằng cổ phiếu": "N/A",
    "Dự kiến tăng vốn lên": "249.49 tỷ",
    "Giới thiệu công ty": "Công ty Cổ phần Đầu tư phát triển hạ tầng IDICO (IDICO-IDI), tiền thân là Công ty TNHH BOT An Sương – An Lạc, được thành lập theo Giấy phép đầu tư số 05/GP-ĐTTN ngày 08/9/2000 của Bộ trưởng Bộ Kế hoạch và Đầu tư với số vốn điều lệ ban đầu là 249.492.000.000 đồng. Công ty IDICO-IDI là thành viên của Tổng Công ty Đầu tư phát triển Đô thị và Khu công nghiệp Việt Nam – TNHH MTV (IDICO) thuộc Bộ Xây dựng."
}