{
    "Url": "http://s.cafef.vn/hose/HTL-cong-ty-co-phan-ky-thuat-va-o-to-truong-long.chn",
    "CenterName": "HSX",
    "Symbol": "HTL",
    "TradeCenterID": 1,
    "ChangePrice": 0,
    "VonHoa": 222,
    "ChangeVolume": -100,
    "EPS": 2.99354139877975,
    "PE": 6.17997132344357,
    "Beta": 0.392873799085906,
    "Price": 18.5,
    "UpdatedDate": "/Date(1686037643765)/",
    "FullName": "Công ty Cổ phần Kỹ thuật và Ô tô Trường Long",
    "ParentCategoryId": 346,
    "Cập nhật": "11:30 Thứ 4, 07/06/2023",
    "Mã công ty": "HTL",
    "Tên công ty": "Công ty Cổ phần Kỹ thuật và Ô tô Trường Long (HOSE)",
    "Giá điểm": "18.5",
    "Thay đổi": "N/A",
    "Khối lượng": "0.0",
    "Giá tham chiếu": "18.5",
    "Giá trần": "19.75",
    "Giá sàn": "17.25",
    "Giá mở cửa": "N/A",
    "Giá cao nhất": "N/A",
    "Giá thấp nhất": "N/A",
    "Giao dịch NĐTNN": "Giao dịch NĐTNN",
    "KLGD ròng": "18.5",
    "GT Mua": "0 (Tỷ)",
    "GT Bán": "0 (Tỷ)",
    "Room còn lại": "N/A",
    "(*)   EPS cơ bản (nghìn đồng):": "3.17",
    "EPS pha loãng (nghìn đồng):": "3.17",
    "P/E :": "5.84",
    "Giá trị sổ sách /cp (nghìn đồng):": "18.60",
    "(**) Hệ số beta:": "0.39",
    "KLGD khớp lệnh trung bình 10 phiên:": "1,360",
    "KLCP đang niêm yết:": "12,000,000",
    "KLCP đang lưu hành:": "12,000,000",
    "Vốn hóa thị trường (tỷ đồng):": "222.00",
    "Doanh thu": "614.25 tỷ",
    "Lợi nhuận trước thuế": "12.46 tỷ",
    "Lợi nhuận sau thuế": "9.97 tỷ",
    "Cổ tức bằng tiền mặt": "N/A",
    "Cổ tức bằng cổ phiếu": "N/A",
    "Dự kiến tăng vốn lên": "N/A",
    "Giới thiệu công ty": "Công ty TNHH TM-DV Trường Long, tiền thân của Công ty CP Kỹ thuật và Ô tô Trường Long, được thành lập ngày 16/02/1998, trụ sở tại số 06 Đinh Bộ Lĩnh, Phường 26, Quận Bình Thạnh, TP. HCM. Các mặt hàng chủ yếu của Công ty vào thời điểm này là cần cẩu hiệu Soosan và Tadano.  \r\nNăm 2000 được xem là năm bản lề của Công ty trong việc chuyển hướng kinh doanh, đổi tên thành Công ty TNHH Ô tô chuyên dùng Trường Long, Công ty thực hiện chiến lược chuyên biệt hóa sản phẩm, tập trung kinh doanh các loại xe chuyên dùng và xe môi trường."
}