{
    "Url": "http://s.cafef.vn/hose/HTN-cong-ty-co-phan-hung-thinh-incons.chn",
    "CenterName": "HSX",
    "Symbol": "HTN",
    "TradeCenterID": 1,
    "ChangePrice": 0.7017543859649098,
    "VonHoa": 1278.82049785,
    "ChangeVolume": 52.68212155637603,
    "EPS": 0.285540729979651,
    "PE": 50.2555274724648,
    "Beta": 0,
    "Price": 14.35,
    "UpdatedDate": "/Date(1686037643765)/",
    "FullName": "Công ty Cổ phần Hưng Thịnh Incons",
    "ParentCategoryId": 345,
    "Cập nhật": "11:30 Thứ 4, 07/06/2023",
    "Mã công ty": "HTN",
    "Tên công ty": "Công ty Cổ phần Hưng Thịnh Incons (HOSE)",
    "Giá điểm": "14.85",
    "Thay đổi": "0.1 (0.68%)",
    "Khối lượng": "721,000",
    "Giá tham chiếu": "14.75",
    "Giá trần": "15.75",
    "Giá sàn": "13.75",
    "Giá mở cửa": "14.95",
    "Giá cao nhất": "15.25",
    "Giá thấp nhất": "14.65",
    "Giao dịch NĐTNN": "Giao dịch NĐTNN",
    "KLGD ròng": "15.25",
    "GT Mua": "0.29 (Tỷ)",
    "GT Bán": "0 (Tỷ)",
    "Room còn lại": "N/A",
    "(*)   EPS cơ bản (nghìn đồng):": "0.30",
    "EPS pha loãng (nghìn đồng):": "0.30",
    "P/E :": "48.83",
    "Giá trị sổ sách /cp (nghìn đồng):": "18.14",
    "(**) Hệ số beta:": "n/a",
    "KLGD khớp lệnh trung bình 10 phiên:": "1,094,290",
    "KLCP đang niêm yết:": "89,116,411",
    "KLCP đang lưu hành:": "89,116,411",
    "Vốn hóa thị trường (tỷ đồng):": "1,314.47",
    "Doanh thu": "4,200 tỷ",
    "Lợi nhuận trước thuế": "62.6 tỷ",
    "Lợi nhuận sau thuế": "50 tỷ",
    "Cổ tức bằng tiền mặt": "N/A",
    "Cổ tức bằng cổ phiếu": "N/A",
    "Dự kiến tăng vốn lên": "N/A",
    "Giới thiệu công ty": "Công ty được thành lập vào năm 2007, hoạt động dưới hình thức Công ty Trách nhiệm hữu\r\nhạn với ngành nghề chính là thiết kế và thi công công trình.Giấy chứng nhận đăng ký kinh doanh số 4102056613, do Sở KH&ĐT TP.HCM cấp ngày 07/12/2007."
}