{
    "Url": "http://s.cafef.vn/hose/HTV-cong-ty-co-phan-logistics-vicem.chn",
    "CenterName": "HSX",
    "Symbol": "HTV",
    "TradeCenterID": 1,
    "ChangePrice": 0,
    "VonHoa": 131.04,
    "ChangeVolume": 153.16455696202533,
    "EPS": 0.826298519928045,
    "PE": 12.1021637565935,
    "Beta": -0.0747131797406958,
    "Price": 10,
    "UpdatedDate": "/Date(1686037643765)/",
    "FullName": "Công ty Cổ phần Logistics Vicem",
    "ParentCategoryId": 343,
    "Cập nhật": "11:30 Thứ 4, 07/06/2023",
    "Mã công ty": "HTV",
    "Tên công ty": "Công ty Cổ phần Logistics Vicem (HOSE)",
    "Giá điểm": "10.2",
    "Thay đổi": "0.15 (1.49%)",
    "Khối lượng": "400",
    "Giá tham chiếu": "10.05",
    "Giá trần": "10.75",
    "Giá sàn": "9.35",
    "Giá mở cửa": "10.2",
    "Giá cao nhất": "10.2",
    "Giá thấp nhất": "N/A",
    "Giao dịch NĐTNN": "Giao dịch NĐTNN",
    "KLGD ròng": "10.2",
    "GT Mua": "0 (Tỷ)",
    "GT Bán": "0 (Tỷ)",
    "Room còn lại": "N/A",
    "(*)   EPS cơ bản (nghìn đồng):": "0.88",
    "EPS pha loãng (nghìn đồng):": "0.88",
    "P/E :": "11.53",
    "Giá trị sổ sách /cp (nghìn đồng):": "25.19",
    "(**) Hệ số beta:": "-0.07",
    "KLGD khớp lệnh trung bình 10 phiên:": "7,270",
    "KLCP đang niêm yết:": "13,104,000",
    "KLCP đang lưu hành:": "13,104,000",
    "Vốn hóa thị trường (tỷ đồng):": "131.70",
    "Doanh thu": "406.58 tỷ",
    "Lợi nhuận trước thuế": "22.46 tỷ",
    "Lợi nhuận sau thuế": "17.51 tỷ",
    "Cổ tức bằng tiền mặt": "8 %",
    "Cổ tức bằng cổ phiếu": "N/A",
    "Dự kiến tăng vốn lên": "N/A",
    "Giới thiệu công ty": "CÔNG TY CỔ PHẦN VẬN TẢI HÀ TIÊN được thành lập theo quyết định số 24/2000/QĐ/TG ngày 21/01/2000 của Thủ Tướng Chính Phủ về việc chuyển Xí Nghiệp Vận Tải thuộc Công ty Xi Măng Hà Tiên 1 thành Công ty Cổ phần. Giấy chứng nhận đăng ký kinh doanh số 410300047 ngày 24/02/2000 do Sở Kế Hoạch và Đầu Tư Thành phố Hồ Chí Minh cấp."
}