{
    "Url": "http://s.cafef.vn/hose/HU1-cong-ty-co-phan-dau-tu-va-xay-dung-hud1.chn",
    "CenterName": "HSX",
    "Symbol": "HU1",
    "TradeCenterID": 1,
    "ChangePrice": 3.021582733812949,
    "VonHoa": 71.6,
    "ChangeVolume": -5.555555555555555,
    "EPS": 0.32293513153055,
    "PE": 22.1716354181262,
    "Beta": 0.124335416472344,
    "Price": 7.16,
    "UpdatedDate": "/Date(1686037643765)/",
    "FullName": "Công ty Cổ phần Đầu tư và Xây dựng HUD1",
    "ParentCategoryId": 345,
    "Cập nhật": "11:30 Thứ 4, 07/06/2023",
    "Mã công ty": "HU1",
    "Tên công ty": "Công ty Cổ phần Đầu tư và Xây dựng HUD1 (HOSE)",
    "Giá điểm": "7.16",
    "Thay đổi": "N/A",
    "Khối lượng": "0.0",
    "Giá tham chiếu": "7.16",
    "Giá trần": "7.66",
    "Giá sàn": "6.66",
    "Giá mở cửa": "N/A",
    "Giá cao nhất": "N/A",
    "Giá thấp nhất": "N/A",
    "Giao dịch NĐTNN": "Giao dịch NĐTNN",
    "KLGD ròng": "7.16",
    "GT Mua": "0 (Tỷ)",
    "GT Bán": "0 (Tỷ)",
    "Room còn lại": "N/A",
    "(*)   EPS cơ bản (nghìn đồng):": "0.35",
    "EPS pha loãng (nghìn đồng):": "0.35",
    "P/E :": "20.66",
    "Giá trị sổ sách /cp (nghìn đồng):": "13.72",
    "(**) Hệ số beta:": "0.12",
    "KLGD khớp lệnh trung bình 10 phiên:": "1,000",
    "KLCP đang niêm yết:": "10,000,000",
    "KLCP đang lưu hành:": "10,000,000",
    "Vốn hóa thị trường (tỷ đồng):": "71.60",
    "Doanh thu": "420 tỷ",
    "Lợi nhuận trước thuế": "5 tỷ",
    "Lợi nhuận sau thuế": "N/A",
    "Cổ tức bằng tiền mặt": "3 %",
    "Cổ tức bằng cổ phiếu": "N/A",
    "Dự kiến tăng vốn lên": "N/A",
    "Giới thiệu công ty": "Công ty Cổ phần Đầu tư và xây dựng HUD1 trực thuộc Tổng Công ty Đầu tư Phát triển nhà và đô thị được chuyển đổi Cổ phần hóa từ Doanh nghiệp Nhà nước hạng I  theo Quyết định số 1636/ QĐ-BXD ngày 03 tháng 12 năm 2003 của Bộ xây dựng. Từ 03/11/2011, cổ phiêý của CTCP Đầu tư và Xây dựng HUD1 đã được chính thức giao dịch trên Sở giao dịch chứng khoán Thành phố Hồ Chí Minh với mãi HU1"
}