{
    "Url": "http://s.cafef.vn/hose/HUB-cong-ty-co-phan-xay-lap-thua-thien-hue.chn",
    "CenterName": "HSX",
    "Symbol": "HUB",
    "TradeCenterID": 1,
    "ChangePrice": 1.6483516483516523,
    "VonHoa": 423.0653075,
    "ChangeVolume": 183.69957363069858,
    "EPS": 2.2047976083375,
    "PE": 8.39079284649157,
    "Beta": 0,
    "Price": 18.5,
    "UpdatedDate": "/Date(1686037643765)/",
    "FullName": "Công ty cổ phần Xây lắp Thừa Thiên Huế",
    "ParentCategoryId": 345,
    "Cập nhật": "11:30 Thứ 4, 07/06/2023",
    "Mã công ty": "HUB",
    "Tên công ty": "Công ty cổ phần Xây lắp Thừa Thiên Huế (HOSE)",
    "Giá điểm": "18.1",
    "Thay đổi": "-0.35 (-1.9%)",
    "Khối lượng": "4,500",
    "Giá tham chiếu": "18.45",
    "Giá trần": "19.7",
    "Giá sàn": "17.2",
    "Giá mở cửa": "N/A",
    "Giá cao nhất": "N/A",
    "Giá thấp nhất": "18.4",
    "Giao dịch NĐTNN": "Giao dịch NĐTNN",
    "KLGD ròng": "18.4",
    "GT Mua": "0 (Tỷ)",
    "GT Bán": "0 (Tỷ)",
    "Room còn lại": "N/A",
    "(*)   EPS cơ bản (nghìn đồng):": "2.46",
    "EPS pha loãng (nghìn đồng):": "2.46",
    "P/E :": "7.36",
    "Giá trị sổ sách /cp (nghìn đồng):": "21.47",
    "(**) Hệ số beta:": "n/a",
    "KLGD khớp lệnh trung bình 10 phiên:": "55,370",
    "KLCP đang niêm yết:": "22,868,395",
    "KLCP đang lưu hành:": "22,868,395",
    "Vốn hóa thị trường (tỷ đồng):": "421.92",
    "Doanh thu": "500 tỷ",
    "Lợi nhuận trước thuế": "N/A",
    "Lợi nhuận sau thuế": "65 tỷ",
    "Cổ tức bằng tiền mặt": "10 %",
    "Cổ tức bằng cổ phiếu": "N/A",
    "Dự kiến tăng vốn lên": "N/A",
    "Giới thiệu công ty": "Công ty Cổ phần Xây Lắp Thừa Thiên Huế được thành lập năm 1976. Bắt đầu từ hoạt động thầu chuyên ngành xây dựng dân dụng và công nghiệp, đến nay, Công ty Cổ phần Xây lắp Thừa Thiên Huế đã mở rộng hoạt động kinh doanh trên nhiều lĩnh vực như tư vấn, khảo sát thiết kế và thi công xây lắp các công trình thuộc các chuyên ngành khác nhau, sản xuất và kinh doanh vật liệu xây dựng, đầu tư kinh doanh hạ tầng Khu công nghiệp, các khu dân cư, khu đô thị mới cho đến các hoạt động kinh doanh bất động sản, xuất nhập khẩu..."
}