{
    "Url": "http://s.cafef.vn/hose/HVH-cong-ty-co-phan-dau-tu-va-cong-nghe-hvc.chn",
    "CenterName": "HSX",
    "Symbol": "HVH",
    "TradeCenterID": 1,
    "ChangePrice": 3.5603715170278702,
    "VonHoa": 247.19546655,
    "ChangeVolume": -30.770494496467883,
    "EPS": 0.479334582036479,
    "PE": 13.9568482031427,
    "Beta": 0,
    "Price": 6.69,
    "UpdatedDate": "/Date(1686037643765)/",
    "FullName": "Công ty Cổ phần Đầu tư và Công nghệ HVC",
    "ParentCategoryId": 345,
    "Cập nhật": "11:30 Thứ 4, 07/06/2023",
    "Mã công ty": "HVH",
    "Tên công ty": "Công ty Cổ phần Đầu tư và Công nghệ HVC (HOSE)",
    "Giá điểm": "6.73",
    "Thay đổi": "0.12 (1.82%)",
    "Khối lượng": "279,000",
    "Giá tham chiếu": "6.61",
    "Giá trần": "7.07",
    "Giá sàn": "6.15",
    "Giá mở cửa": "6.65",
    "Giá cao nhất": "6.82",
    "Giá thấp nhất": "N/A",
    "Giao dịch NĐTNN": "Giao dịch NĐTNN",
    "KLGD ròng": "6.82",
    "GT Mua": "0.12 (Tỷ)",
    "GT Bán": "0 (Tỷ)",
    "Room còn lại": "N/A",
    "(*)   EPS cơ bản (nghìn đồng):": "0.50",
    "EPS pha loãng (nghìn đồng):": "0.84",
    "P/E :": "13.44",
    "Giá trị sổ sách /cp (nghìn đồng):": "12.61",
    "(**) Hệ số beta:": "n/a",
    "KLGD khớp lệnh trung bình 10 phiên:": "473,660",
    "KLCP đang niêm yết:": "21,949,995",
    "KLCP đang lưu hành:": "36,949,995",
    "Vốn hóa thị trường (tỷ đồng):": "244.24",
    "Doanh thu": "443 tỷ",
    "Lợi nhuận trước thuế": "N/A",
    "Lợi nhuận sau thuế": "26.5 tỷ",
    "Cổ tức bằng tiền mặt": "10 %",
    "Cổ tức bằng cổ phiếu": "N/A",
    "Dự kiến tăng vốn lên": "N/A",
    "Giới thiệu công ty": "CTCP Đầu tư và Công nghệ HVC (HVC Group) thành lập ngày 21/03/2011, hoạt động trong lĩnh vực Tổng thầu thiết bị vui chơi giải trí cao cấp (thiết kế thi công bể bơi, công viên nước, thủy cung, sân trượt băng...). HVC Group cũng thuộc Top 5 nhà thầu cơ điện uy tín nhất Việt Nam với nhiều loại hình thi công như cơ điện tòa nhà, cơ điện hầm, cơ điện trung tâm thương mại...; là đối tác của nhiều chủ đầu tư uy tín trong và ngoài nước."
}