{
    "Url": "http://s.cafef.vn/hose/HVN-tong-cong-ty-hang-khong-viet-nam-ctcp.chn",
    "CenterName": "HSX",
    "Symbol": "HVN",
    "TradeCenterID": 1,
    "ChangePrice": 1.9083969465648856,
    "VonHoa": 29562.1622229,
    "ChangeVolume": 3.663943990665111,
    "EPS": -2.84270699927181,
    "PE": -4.69622792761257,
    "Beta": 0,
    "Price": 13.35,
    "UpdatedDate": "/Date(1686037643765)/",
    "FullName": "Tổng Công ty Hàng không Việt Nam - CTCP",
    "ParentCategoryId": 343,
    "Cập nhật": "11:30 Thứ 4, 07/06/2023",
    "Mã công ty": "HVN",
    "Tên công ty": "Tổng Công ty Hàng không Việt Nam - CTCP (HOSE)",
    "Giá điểm": "13.35",
    "Thay đổi": "-0.05 (-0.37%)",
    "Khối lượng": "1,331,000",
    "Giá tham chiếu": "13.4",
    "Giá trần": "14.3",
    "Giá sàn": "12.5",
    "Giá mở cửa": "13.5",
    "Giá cao nhất": "13.5",
    "Giá thấp nhất": "13.3",
    "Giao dịch NĐTNN": "Giao dịch NĐTNN",
    "KLGD ròng": "13.5",
    "GT Mua": "0.3 (Tỷ)",
    "GT Bán": "1.04 (Tỷ)",
    "Room còn lại": "N/A",
    "(*)   EPS cơ bản (nghìn đồng):": "n/a",
    "EPS pha loãng (nghìn đồng):": "n/a",
    "P/E :": "n/a",
    "Giá trị sổ sách /cp (nghìn đồng):": "-3.64",
    "(**) Hệ số beta:": "n/a",
    "KLGD khớp lệnh trung bình 10 phiên:": "1,507,530",
    "KLCP đang niêm yết:": "2,214,394,174",
    "KLCP đang lưu hành:": "2,214,394,174",
    "Vốn hóa thị trường (tỷ đồng):": "29,672.88",
    "Doanh thu": "45,252 tỷ",
    "Lợi nhuận trước thuế": "-9,335 tỷ",
    "Lợi nhuận sau thuế": "N/A",
    "Cổ tức bằng tiền mặt": "N/A",
    "Cổ tức bằng cổ phiếu": "N/A",
    "Dự kiến tăng vốn lên": "N/A",
    "Giới thiệu công ty": "Giữ vai trò chủ lực trong giao thông hàng không Việt Nam, trải qua hơn 20 năm không ngừng phát triển, Vietnam Airlines đã khẳng định vị thế là một Hãng hàng không quốc gia có quy mô hoạt động toàn cầu và có tầm cỡ tại khu vực. Năm 2015 đánh dấu bước ngoặt lớn của Vietnam Airlines khi chính thức chuyển đổi mô hình hoạt động sang công ty cổ phần, qua đó mối quan hệ gắn bó với các cổ đông được thể hiện mạnh mẽ và đóng vai trò quan trọng đối với sự phát triển bền vững của Vietnam Airlines."
}