{
    "Url": "http://s.cafef.vn/hose/HVX-cong-ty-co-phan-xi-mang-vicem-hai-van.chn",
    "CenterName": "HSX",
    "Symbol": "HVX",
    "TradeCenterID": 1,
    "ChangePrice": 3.559870550161823,
    "VonHoa": 132.8808,
    "ChangeVolume": -47.68764215314632,
    "EPS": 0.0361758313075538,
    "PE": 88.4568476891314,
    "Beta": 0.474489320026117,
    "Price": 3.2,
    "UpdatedDate": "/Date(1686037643765)/",
    "FullName": "Công ty Cổ phần Xi măng Vicem Hải Vân",
    "ParentCategoryId": 345,
    "Cập nhật": "11:30 Thứ 4, 07/06/2023",
    "Mã công ty": "HVX",
    "Tên công ty": "Công ty Cổ phần Xi măng Vicem Hải Vân (HOSE)",
    "Giá điểm": "3.18",
    "Thay đổi": "-0.01 (-0.31%)",
    "Khối lượng": "25,400",
    "Giá tham chiếu": "3.19",
    "Giá trần": "3.41",
    "Giá sàn": "2.97",
    "Giá mở cửa": "3.3",
    "Giá cao nhất": "N/A",
    "Giá thấp nhất": "3.13",
    "Giao dịch NĐTNN": "Giao dịch NĐTNN",
    "KLGD ròng": "3.3",
    "GT Mua": "0 (Tỷ)",
    "GT Bán": "0 (Tỷ)",
    "Room còn lại": "N/A",
    "(*)   EPS cơ bản (nghìn đồng):": "0.04",
    "EPS pha loãng (nghìn đồng):": "0.04",
    "P/E :": "84.51",
    "Giá trị sổ sách /cp (nghìn đồng):": "10.68",
    "(**) Hệ số beta:": "0.47",
    "KLGD khớp lệnh trung bình 10 phiên:": "22,420",
    "KLCP đang niêm yết:": "38,525,250",
    "KLCP đang lưu hành:": "41,525,250",
    "Vốn hóa thị trường (tỷ đồng):": "132.47",
    "Doanh thu": "850.03 tỷ",
    "Lợi nhuận trước thuế": "2.63 tỷ",
    "Lợi nhuận sau thuế": "2.11 tỷ",
    "Cổ tức bằng tiền mặt": "N/A",
    "Cổ tức bằng cổ phiếu": "N/A",
    "Dự kiến tăng vốn lên": "N/A",
    "Giới thiệu công ty": "Tiền thân Công ty cổ phần Xi Măng Hải Vân là doanh nghiệp Nhà nước thuộc Tổng Công ty công nghiệp xi măng Việt Nam.Thực hiện Quyết định số 1861/QĐ-XMVN ngày 08/11/2007 về việc phê duyệt phương án cổ phần hoá, Công ty cổ phần xi măng Hải Vân được Tổng Công ty công nghiệp xi măng Việt Nam nắm giữ cổ phần vốn chi phối, có năng lực sản xuất 900.000 tấn/năm."
}