{
    "Url": "http://s.cafef.vn/hose/IBC-cong-ty-co-phan-dau-tu-apax-holdings.chn",
    "CenterName": "HSX",
    "Symbol": "IBC",
    "TradeCenterID": 1,
    "ChangePrice": 0.8264462809917362,
    "VonHoa": 202.88761284,
    "ChangeVolume": 14.143802466001238,
    "EPS": -0.903147793821309,
    "PE": -2.70166191701152,
    "Beta": 0,
    "Price": 2.44,
    "UpdatedDate": "/Date(1686037643765)/",
    "FullName": "Công ty Cổ phần Đầu tư Apax Holdings",
    "ParentCategoryId": 346,
    "Cập nhật": "11:30 Thứ 4, 07/06/2023",
    "Mã công ty": "IBC",
    "Tên công ty": "Công ty Cổ phần Đầu tư Apax Holdings (HOSE)",
    "Giá điểm": "2.44",
    "Thay đổi": "N/A",
    "Khối lượng": "0.0",
    "Giá tham chiếu": "2.44",
    "Giá trần": "2.61",
    "Giá sàn": "2.27",
    "Giá mở cửa": "N/A",
    "Giá cao nhất": "N/A",
    "Giá thấp nhất": "N/A",
    "Giao dịch NĐTNN": "Giao dịch NĐTNN",
    "KLGD ròng": "2.44",
    "GT Mua": "0 (Tỷ)",
    "GT Bán": "0 (Tỷ)",
    "Room còn lại": "N/A",
    "(*)   EPS cơ bản (nghìn đồng):": "n/a",
    "EPS pha loãng (nghìn đồng):": "n/a",
    "P/E :": "n/a",
    "Giá trị sổ sách /cp (nghìn đồng):": "11.36",
    "(**) Hệ số beta:": "n/a",
    "KLGD khớp lệnh trung bình 10 phiên:": "1,329,810",
    "KLCP đang niêm yết:": "83,150,661",
    "KLCP đang lưu hành:": "83,150,661",
    "Vốn hóa thị trường (tỷ đồng):": "202.89",
    "Doanh thu": "2,900 tỷ",
    "Lợi nhuận trước thuế": "N/A",
    "Lợi nhuận sau thuế": "70 tỷ",
    "Cổ tức bằng tiền mặt": "N/A",
    "Cổ tức bằng cổ phiếu": "N/A",
    "Dự kiến tăng vốn lên": "N/A",
    "Giới thiệu công ty": "CTCP Đầu tư VN Benchmark được thành lập ngày 19/03/2012 với mức VĐL là 3.000.000.000 đồng. Ngành nghề kinh doanh chính: Hoạt động tư vấn, quản lý; Kinh doanh thương mại"
}