{
    "Url": "http://s.cafef.vn/hose/ICT-cong-ty-co-phan-vien-thong-tin-hoc-buu-dien.chn",
    "CenterName": "HSX",
    "Symbol": "ICT",
    "TradeCenterID": 1,
    "ChangePrice": 0.7812499999999972,
    "VonHoa": 415.1865,
    "ChangeVolume": -64.73551637279597,
    "EPS": -0.117085096616887,
    "PE": -110.176276680285,
    "Beta": 0,
    "Price": 12.9,
    "UpdatedDate": "/Date(1686037643765)/",
    "FullName": "Công ty cổ phần Viễn thông - Tin học Bưu điện",
    "ParentCategoryId": 348,
    "Cập nhật": "11:30 Thứ 4, 07/06/2023",
    "Mã công ty": "ICT",
    "Tên công ty": "Công ty cổ phần Viễn thông - Tin học Bưu điện (HOSE)",
    "Giá điểm": "12.6",
    "Thay đổi": "-0.2 (-1.56%)",
    "Khối lượng": "14,200",
    "Giá tham chiếu": "12.8",
    "Giá trần": "13.65",
    "Giá sàn": "11.95",
    "Giá mở cửa": "N/A",
    "Giá cao nhất": "N/A",
    "Giá thấp nhất": "12.7",
    "Giao dịch NĐTNN": "Giao dịch NĐTNN",
    "KLGD ròng": "12.7",
    "GT Mua": "0 (Tỷ)",
    "GT Bán": "0 (Tỷ)",
    "Room còn lại": "N/A",
    "(*)   EPS cơ bản (nghìn đồng):": "n/a",
    "EPS pha loãng (nghìn đồng):": "n/a",
    "P/E :": "n/a",
    "Giá trị sổ sách /cp (nghìn đồng):": "20.53",
    "(**) Hệ số beta:": "n/a",
    "KLGD khớp lệnh trung bình 10 phiên:": "7,640",
    "KLCP đang niêm yết:": "32,185,000",
    "KLCP đang lưu hành:": "32,185,000",
    "Vốn hóa thị trường (tỷ đồng):": "411.97",
    "Doanh thu": "1,600 tỷ",
    "Lợi nhuận trước thuế": "N/A",
    "Lợi nhuận sau thuế": "33 tỷ",
    "Cổ tức bằng tiền mặt": "N/A",
    "Cổ tức bằng cổ phiếu": "N/A",
    "Dự kiến tăng vốn lên": "N/A",
    "Giới thiệu công ty": "CTIN là doanh nghiệp đầu tiên thực hiện các dự án mạng di động tại Việt nam. Là Công ty số 1 tại Việt Nam, với thị phần lớn nhất phần dịch vụ xây lắp, tích hợp hạ tầng cơ sở mạng di động cho các nhà khai thác GSM lớn nhất như Vinaphone, Mobifone; là Công ty nằm trong TOP SI của Cisco về thiết bị mạng cho Thị trường Viễn thông."
}