{
    "Url": "http://s.cafef.vn/hose/IDI-cong-ty-co-phan-dau-tu-va-phat-trien-da-quoc-gia-idi.chn",
    "CenterName": "HSX",
    "Symbol": "IDI",
    "TradeCenterID": 1,
    "ChangePrice": 2.857142857142854,
    "VonHoa": 2868.3220608,
    "ChangeVolume": -11.632628161242874,
    "EPS": 1.44965708639228,
    "PE": 8.69171069370431,
    "Beta": 1.18608338774368,
    "Price": 12.6,
    "UpdatedDate": "/Date(1686037643765)/",
    "FullName": "Công ty Cổ phần Đầu tư và Phát triển Đa Quốc Gia I.D.I",
    "ParentCategoryId": 338,
    "Cập nhật": "11:30 Thứ 4, 07/06/2023",
    "Mã công ty": "IDI",
    "Tên công ty": "Công ty Cổ phần Đầu tư và Phát triển Đa Quốc Gia I.D.I (HOSE)",
    "Giá điểm": "12.65",
    "Thay đổi": "-0.1 (-0.78%)",
    "Khối lượng": "2,743,700",
    "Giá tham chiếu": "12.75",
    "Giá trần": "13.6",
    "Giá sàn": "11.9",
    "Giá mở cửa": "12.9",
    "Giá cao nhất": "N/A",
    "Giá thấp nhất": "12.6",
    "Giao dịch NĐTNN": "Giao dịch NĐTNN",
    "KLGD ròng": "12.9",
    "GT Mua": "0.12 (Tỷ)",
    "GT Bán": "0 (Tỷ)",
    "Room còn lại": "N/A",
    "(*)   EPS cơ bản (nghìn đồng):": "1.56",
    "EPS pha loãng (nghìn đồng):": "1.56",
    "P/E :": "8.11",
    "Giá trị sổ sách /cp (nghìn đồng):": "13.92",
    "(**) Hệ số beta:": "1.19",
    "KLGD khớp lệnh trung bình 10 phiên:": "5,288,270",
    "KLCP đang niêm yết:": "227,644,608",
    "KLCP đang lưu hành:": "227,644,608",
    "Vốn hóa thị trường (tỷ đồng):": "2,902.47",
    "Doanh thu": "8,133 tỷ",
    "Lợi nhuận trước thuế": "N/A",
    "Lợi nhuận sau thuế": "186 tỷ",
    "Cổ tức bằng tiền mặt": "N/A",
    "Cổ tức bằng cổ phiếu": "N/A",
    "Dự kiến tăng vốn lên": "N/A",
    "Giới thiệu công ty": "Công ty Cổ phần Đầu tư & Phát triển Đa Quốc Gia, tên gọi tắt là công ty IDI, được thành lập năm 2003, là một trong những doanh nghiệp do Công ty Cổ phần Đầu tư & Xây dựng Sao Mai tỉnh An Giang thành lập, theo giấy chứng nhận đăng ký kinh doanh số 4103001715 do Sở Kế hoạch và Đầu tư Thành phố Hồ Chí Minh cấp ngày 15/07/2003 và được Sở Kế hoạch và Đầu tư tỉnh Đồng Tháp cấp thay đổi lần thứ 9 số 0303141296 ngày 09/11/2010."
}