{
    "Url": "http://s.cafef.vn/hose/IJC-cong-ty-co-phan-phat-trien-ha-tang-ky-thuat.chn",
    "CenterName": "HSX",
    "Symbol": "IJC",
    "TradeCenterID": 1,
    "ChangePrice": -1.0238907849829375,
    "VonHoa": 3651.5713805,
    "ChangeVolume": -6.842699954265422,
    "EPS": 1.54411971144015,
    "PE": 9.39046363605856,
    "Beta": 0.88564499580263,
    "Price": 14.5,
    "UpdatedDate": "/Date(1686037643765)/",
    "FullName": "Công ty Cổ phần Phát triển Hạ tầng Kỹ thuật ",
    "ParentCategoryId": 345,
    "Cập nhật": "11:30 Thứ 4, 07/06/2023",
    "Mã công ty": "IJC",
    "Tên công ty": "Công ty Cổ phần Phát triển Hạ tầng Kỹ thuật  (HOSE)",
    "Giá điểm": "15",
    "Thay đổi": "0.4 (2.74%)",
    "Khối lượng": "4,192,900",
    "Giá tham chiếu": "14.6",
    "Giá trần": "15.6",
    "Giá sàn": "13.6",
    "Giá mở cửa": "14.75",
    "Giá cao nhất": "15.2",
    "Giá thấp nhất": "N/A",
    "Giao dịch NĐTNN": "Giao dịch NĐTNN",
    "KLGD ròng": "15.2",
    "GT Mua": "0.45 (Tỷ)",
    "GT Bán": "0 (Tỷ)",
    "Room còn lại": "N/A",
    "(*)   EPS cơ bản (nghìn đồng):": "1.79",
    "EPS pha loãng (nghìn đồng):": "1.79",
    "P/E :": "8.37",
    "Giá trị sổ sách /cp (nghìn đồng):": "15.06",
    "(**) Hệ số beta:": "0.89",
    "KLGD khớp lệnh trung bình 10 phiên:": "3,189,490",
    "KLCP đang niêm yết:": "251,832,509",
    "KLCP đang lưu hành:": "251,832,509",
    "Vốn hóa thị trường (tỷ đồng):": "3,676.75",
    "Doanh thu": "1,634 tỷ",
    "Lợi nhuận trước thuế": "624 tỷ",
    "Lợi nhuận sau thuế": "500 tỷ",
    "Cổ tức bằng tiền mặt": "10 %",
    "Cổ tức bằng cổ phiếu": "N/A",
    "Dự kiến tăng vốn lên": "N/A",
    "Giới thiệu công ty": "Công ty Cổ phần Phát triển Hạ tầng Kỹ thuật (Becamex IJC) được thành lập từ phương án cổ phần hóa theo Quyết định số 3736/QĐ-UBND ngày 21/08/2006 của UBND tỉnh Bình Dương về việc cổ phần hóa Dự án quốc lộ 13 thuộc Công ty Đầu tư và Phát triển Công nghiệp (Becamex IDC Corp); Quyết định số 1131/QĐ-UBND ngày 01/03/2007 của UBND tỉnh Bình Dương về việc phê duyệt phương án và chuyển Dự án Quốc lộ 13 trực thuộc Công ty Đầu tư và Phát triển Công nghiệp thành công ty cổ phần Phát triển Hạ tầng Kỹ thuật."
}