{
    "Url": "http://s.cafef.vn/hose/ILB-cong-ty-co-phan-icd-tan-cang-long-binh.chn",
    "CenterName": "HSX",
    "Symbol": "ILB",
    "TradeCenterID": 1,
    "ChangePrice": 1.393188854489173,
    "VonHoa": 802.44852375,
    "ChangeVolume": -100,
    "EPS": 3.89577712029171,
    "PE": 8.40653841037695,
    "Beta": 0,
    "Price": 32.75,
    "UpdatedDate": "/Date(1686037643765)/",
    "FullName": "Công ty Cổ phần ICD Tân Cảng – Long Bình",
    "ParentCategoryId": 343,
    "Cập nhật": "11:30 Thứ 4, 07/06/2023",
    "Mã công ty": "ILB",
    "Tên công ty": "Công ty Cổ phần ICD Tân Cảng – Long Bình (HOSE)",
    "Giá điểm": "32.1",
    "Thay đổi": "-2.1 (-6.14%)",
    "Khối lượng": "6,400",
    "Giá tham chiếu": "34.2",
    "Giá trần": "36.55",
    "Giá sàn": "31.85",
    "Giá mở cửa": "N/A",
    "Giá cao nhất": "N/A",
    "Giá thấp nhất": "32.1",
    "Giao dịch NĐTNN": "Giao dịch NĐTNN",
    "KLGD ròng": "32.1",
    "GT Mua": "0.08 (Tỷ)",
    "GT Bán": "0 (Tỷ)",
    "Room còn lại": "N/A",
    "(*)   EPS cơ bản (nghìn đồng):": "4.07",
    "EPS pha loãng (nghìn đồng):": "4.07",
    "P/E :": "7.88",
    "Giá trị sổ sách /cp (nghìn đồng):": "19.28",
    "(**) Hệ số beta:": "n/a",
    "KLGD khớp lệnh trung bình 10 phiên:": "2,290",
    "KLCP đang niêm yết:": "24,502,245",
    "KLCP đang lưu hành:": "24,502,245",
    "Vốn hóa thị trường (tỷ đồng):": "837.98",
    "Doanh thu": "587.59 tỷ",
    "Lợi nhuận trước thuế": "115.67 tỷ",
    "Lợi nhuận sau thuế": "93.34 tỷ",
    "Cổ tức bằng tiền mặt": "N/A",
    "Cổ tức bằng cổ phiếu": "N/A",
    "Dự kiến tăng vốn lên": "N/A",
    "Giới thiệu công ty": "Tân Cảng Sài Gòn được thành lập ngày 15/03/1989 theo quyết định 41/QĐ-BQP của Bộ trưởng Bộ Quốc phòng. Từ tháng 12/2006, Công ty chuyển đổi sang hoạt động theo mô hình Công ty mẹ - Công ty con. Ngày 09/02/2010, Bộ trưởng Bộ Quốc phòng đã ký Quyết định số 418/QĐ-BQP chuyển Công ty Tân Cảng Sài Gòn thành Tổng Công ty Tân Cảng Sài Gòn."
}