{
    "Url": "http://s.cafef.vn/hose/IMP-cong-ty-co-phan-duoc-pham-imexpharm.chn",
    "CenterName": "HSX",
    "Symbol": "IMP",
    "TradeCenterID": 1,
    "ChangePrice": 3.7037037037037033,
    "VonHoa": 3733.60792,
    "ChangeVolume": -73.9413680781759,
    "EPS": 3.80086371574166,
    "PE": 14.7334932762967,
    "Beta": 0.602649006622517,
    "Price": 56,
    "UpdatedDate": "/Date(1686037643765)/",
    "FullName": "Công ty Cổ phần Dược phẩm IMEXPHARM ",
    "ParentCategoryId": 342,
    "Cập nhật": "11:30 Thứ 4, 07/06/2023",
    "Mã công ty": "IMP",
    "Tên công ty": "Công ty Cổ phần Dược phẩm IMEXPHARM  (HOSE)",
    "Giá điểm": "55",
    "Thay đổi": "-0.8 (-1.43%)",
    "Khối lượng": "2,200",
    "Giá tham chiếu": "55.8",
    "Giá trần": "59.7",
    "Giá sàn": "51.9",
    "Giá mở cửa": "N/A",
    "Giá cao nhất": "N/A",
    "Giá thấp nhất": "55.3",
    "Giao dịch NĐTNN": "Giao dịch NĐTNN",
    "KLGD ròng": "55.3",
    "GT Mua": "0 (Tỷ)",
    "GT Bán": "0 (Tỷ)",
    "Room còn lại": "N/A",
    "(*)   EPS cơ bản (nghìn đồng):": "3.89",
    "EPS pha loãng (nghìn đồng):": "3.89",
    "P/E :": "14.15",
    "Giá trị sổ sách /cp (nghìn đồng):": "27.39",
    "(**) Hệ số beta:": "0.60",
    "KLGD khớp lệnh trung bình 10 phiên:": "6,170",
    "KLCP đang niêm yết:": "66,705,370",
    "KLCP đang lưu hành:": "66,671,570",
    "Vốn hóa thị trường (tỷ đồng):": "3,720.27",
    "Doanh thu": "1,620 tỷ",
    "Lợi nhuận trước thuế": "305 tỷ",
    "Lợi nhuận sau thuế": "N/A",
    "Cổ tức bằng tiền mặt": "N/A",
    "Cổ tức bằng cổ phiếu": "N/A",
    "Dự kiến tăng vốn lên": "N/A",
    "Giới thiệu công ty": "Tiền thân của công ty dược Imexpharm là XN Liên hiệp dược Đồng Tháp, trực thuộc sở y tế Đồng Tháp. Tháng 11/1992 XN liên hiệp dược Đồng Tháp được đổi tên thành Công ty dược phẩm Đồng Tháp, Trực thuộc UBND Đồng Tháp.Tháng 11/1999 Công ty dược phẩm Đồng Tháp đổi tên thành Công ty dược phẩm TW 7 trực thuộc Tổng công ty dược VN. Tháng 07/2001, Công ty dược phẩm TW 7 chuyển thành công ty dược phẩm Imexpharm với vốn điều lệ 22 tỷ đồng"
}