{
    "Url": "http://s.cafef.vn/hose/ITA-cong-ty-co-phan-dau-tu-va-cong-nghiep-tan-tao.chn",
    "CenterName": "HSX",
    "Symbol": "ITA",
    "TradeCenterID": 1,
    "ChangePrice": 12.525252525252528,
    "VonHoa": 5226.45117275,
    "ChangeVolume": -10.91136235219715,
    "EPS": -0.170290978843229,
    "PE": -32.7087203199869,
    "Beta": 1.24577931163138,
    "Price": 5.57,
    "UpdatedDate": "/Date(1686037643765)/",
    "FullName": "Công ty Cổ phần Đầu tư và Công nghiệp Tân Tạo",
    "ParentCategoryId": 345,
    "Cập nhật": "11:30 Thứ 4, 07/06/2023",
    "Mã công ty": "ITA",
    "Tên công ty": "Công ty Cổ phần Đầu tư và Công nghiệp Tân Tạo (HOSE)",
    "Giá điểm": "6.04",
    "Thay đổi": "0.24 (4.14%)",
    "Khối lượng": "4,591,400",
    "Giá tham chiếu": "5.8",
    "Giá trần": "6.2",
    "Giá sàn": "5.4",
    "Giá mở cửa": "6",
    "Giá cao nhất": "6.15",
    "Giá thấp nhất": "N/A",
    "Giao dịch NĐTNN": "Giao dịch NĐTNN",
    "KLGD ròng": "6.15",
    "GT Mua": "1.36 (Tỷ)",
    "GT Bán": "0.07 (Tỷ)",
    "Room còn lại": "N/A",
    "(*)   EPS cơ bản (nghìn đồng):": "n/a",
    "EPS pha loãng (nghìn đồng):": "n/a",
    "P/E :": "n/a",
    "Giá trị sổ sách /cp (nghìn đồng):": "11.89",
    "(**) Hệ số beta:": "1.25",
    "KLGD khớp lệnh trung bình 10 phiên:": "7,861,560",
    "KLCP đang niêm yết:": "938,463,607",
    "KLCP đang lưu hành:": "938,321,575",
    "Vốn hóa thị trường (tỷ đồng):": "5,442.27",
    "Doanh thu": "774.4 tỷ",
    "Lợi nhuận trước thuế": "257.3 tỷ",
    "Lợi nhuận sau thuế": "N/A",
    "Cổ tức bằng tiền mặt": "N/A",
    "Cổ tức bằng cổ phiếu": "N/A",
    "Dự kiến tăng vốn lên": "N/A",
    "Giới thiệu công ty": "CTCP Khu công nghiệp Tân Tạo (ITACO), tiền thân là Công ty TNHH Đầu tư Xây dựng Kinh doanh Cơ sở hạ tầng KCN tập trung Tân Tạo. Công ty là chủ đầu tư KCN Tân Tạo với tổng diện tích theo quy hoạch là 443,25 ha. Công ty bắt đầu niêm yết với mã ITA ngày 15/11/2006 trên sàn giao dịch chứng khoán TP Hồ Chí Minh. Tổ chức tư vấn: công ty cổ phần chứng khoán Sài Gòn (SSI)."
}