{
    "Url": "http://s.cafef.vn/hose/ITC-cong-ty-co-phan-dau-tu-kinh-doanh-nha.chn",
    "CenterName": "HSX",
    "Symbol": "ITC",
    "TradeCenterID": 1,
    "ChangePrice": -3.0303030303030196,
    "VonHoa": 1227.9686272,
    "ChangeVolume": -20.82511603816809,
    "EPS": 1.47468787999029,
    "PE": 8.6798028068721,
    "Beta": 0.554146068463763,
    "Price": 12.8,
    "UpdatedDate": "/Date(1686037643765)/",
    "FullName": "Công ty Cổ phần Đầu tư - Kinh doanh nhà",
    "ParentCategoryId": 345,
    "Cập nhật": "11:30 Thứ 4, 07/06/2023",
    "Mã công ty": "ITC",
    "Tên công ty": "Công ty Cổ phần Đầu tư - Kinh doanh nhà (HOSE)",
    "Giá điểm": "13.3",
    "Thay đổi": "0.35 (2.7%)",
    "Khối lượng": "726,600",
    "Giá tham chiếu": "12.95",
    "Giá trần": "13.85",
    "Giá sàn": "12.05",
    "Giá mở cửa": "13",
    "Giá cao nhất": "13.6",
    "Giá thấp nhất": "N/A",
    "Giao dịch NĐTNN": "Giao dịch NĐTNN",
    "KLGD ròng": "13.6",
    "GT Mua": "0 (Tỷ)",
    "GT Bán": "0 (Tỷ)",
    "Room còn lại": "N/A",
    "(*)   EPS cơ bản (nghìn đồng):": "1.62",
    "EPS pha loãng (nghìn đồng):": "1.61",
    "P/E :": "8.20",
    "Giá trị sổ sách /cp (nghìn đồng):": "21.14",
    "(**) Hệ số beta:": "0.55",
    "KLGD khớp lệnh trung bình 10 phiên:": "1,093,930",
    "KLCP đang niêm yết:": "96,375,409",
    "KLCP đang lưu hành:": "95,935,049",
    "Vốn hóa thị trường (tỷ đồng):": "1,242.36",
    "Doanh thu": "700.46 tỷ",
    "Lợi nhuận trước thuế": "N/A",
    "Lợi nhuận sau thuế": "67 tỷ",
    "Cổ tức bằng tiền mặt": "N/A",
    "Cổ tức bằng cổ phiếu": "N/A",
    "Dự kiến tăng vốn lên": "N/A",
    "Giới thiệu công ty": "Công ty Cổ phần Đầu tư - Kinh doanh nhà tiền thân là Doanh nghiệp nhà nước Đầu tư - Kinh doanh nhà thuộc Tổng Công ty Địa ốc Sài Gòn được cổ phần hóa theo Quyết định số 23/2000/QĐ-TTg ngày 18/02/2000 của Thủ  tướng Chính phủ. Ngày 29/11/2000 Công ty đã tổ chức thành công Đại hội đồng cổ đông thành lập Công ty và chính thức đi vào hoạt động theo hình thức Công ty Cổ phần vào tháng 01/2001"
}