{
    "Url": "http://s.cafef.vn/hose/ITD-cong-ty-co-phan-cong-nghe-tien-phong.chn",
    "CenterName": "HSX",
    "Symbol": "ITD",
    "TradeCenterID": 1,
    "ChangePrice": 0,
    "VonHoa": 293.536836,
    "ChangeVolume": -65.49560853199498,
    "EPS": 0.135492276928846,
    "PE": 88.565933586767,
    "Beta": 0.550694897864005,
    "Price": 12,
    "UpdatedDate": "/Date(1686037643765)/",
    "FullName": "Công ty Cổ phần Công nghệ Tiên Phong",
    "ParentCategoryId": 347,
    "Cập nhật": "11:30 Thứ 4, 07/06/2023",
    "Mã công ty": "ITD",
    "Tên công ty": "Công ty Cổ phần Công nghệ Tiên Phong (HOSE)",
    "Giá điểm": "11.95",
    "Thay đổi": "0.1 (0.84%)",
    "Khối lượng": "6,400",
    "Giá tham chiếu": "11.85",
    "Giá trần": "12.65",
    "Giá sàn": "11.05",
    "Giá mở cửa": "11.95",
    "Giá cao nhất": "11.95",
    "Giá thấp nhất": "N/A",
    "Giao dịch NĐTNN": "Giao dịch NĐTNN",
    "KLGD ròng": "11.95",
    "GT Mua": "0 (Tỷ)",
    "GT Bán": "0 (Tỷ)",
    "Room còn lại": "N/A",
    "(*)   EPS cơ bản (nghìn đồng):": "0.15",
    "EPS pha loãng (nghìn đồng):": "0.17",
    "P/E :": "80.18",
    "Giá trị sổ sách /cp (nghìn đồng):": "12.65",
    "(**) Hệ số beta:": "0.55",
    "KLGD khớp lệnh trung bình 10 phiên:": "17,080",
    "KLCP đang niêm yết:": "21,469,039",
    "KLCP đang lưu hành:": "24,461,403",
    "Vốn hóa thị trường (tỷ đồng):": "289.87",
    "Doanh thu": "820 tỷ",
    "Lợi nhuận trước thuế": "N/A",
    "Lợi nhuận sau thuế": "N/A",
    "Cổ tức bằng tiền mặt": "10 %",
    "Cổ tức bằng cổ phiếu": "N/A",
    "Dự kiến tăng vốn lên": "N/A",
    "Giới thiệu công ty": "Tập đoàn ITD, khởi thủy là Trung tâm CATIC, được thành lập năm 1994 bởi một nhóm nhà khoa học trẻ với hoài bão góp phần tích cực vào công cuộc CNH-HĐH quê hương Việt Nam. Trong suốt quá trình hoạt động, tập đoàn ITD luôn nhạy bén, đi đầu trong việc nắm bắt, giới thiệu, cung cấp thiết bị hiện đại, dịch vụ kỹ thuật cao, giải pháp tích hợp và chuyển giao công nghệ, trở thành một trong số ít các công ty có lĩnh vực hoạt động vừa đa dạng vừa chuyên sâu, được đối tác và KH tín nhiệm."
}