{
    "Url": "http://s.cafef.vn/hose/JVC-cong-ty-co-phan-thiet-bi-y-te-viet-nhat.chn",
    "CenterName": "HSX",
    "Symbol": "JVC",
    "TradeCenterID": 1,
    "ChangePrice": 0.49019607843136215,
    "VonHoa": 461.2507011,
    "ChangeVolume": -34.127255941390196,
    "EPS": 0.0419770770842437,
    "PE": 97.6723555995029,
    "Beta": 0.211547430277026,
    "Price": 4.1,
    "UpdatedDate": "/Date(1686037643765)/",
    "FullName": "Công ty cổ phần Thiết bị Y tế Việt Nhật",
    "ParentCategoryId": 342,
    "Cập nhật": "11:30 Thứ 4, 07/06/2023",
    "Mã công ty": "JVC",
    "Tên công ty": "Công ty cổ phần Thiết bị Y tế Việt Nhật (HOSE)",
    "Giá điểm": "4.24",
    "Thay đổi": "-0.01 (-0.24%)",
    "Khối lượng": "880,100",
    "Giá tham chiếu": "4.25",
    "Giá trần": "4.54",
    "Giá sàn": "3.96",
    "Giá mở cửa": "4.3",
    "Giá cao nhất": "4.3",
    "Giá thấp nhất": "4.22",
    "Giao dịch NĐTNN": "Giao dịch NĐTNN",
    "KLGD ròng": "4.3",
    "GT Mua": "0.08 (Tỷ)",
    "GT Bán": "0.02 (Tỷ)",
    "Room còn lại": "N/A",
    "(*)   EPS cơ bản (nghìn đồng):": "0.04",
    "EPS pha loãng (nghìn đồng):": "0.03",
    "P/E :": "97.43",
    "Giá trị sổ sách /cp (nghìn đồng):": "4.02",
    "(**) Hệ số beta:": "0.21",
    "KLGD khớp lệnh trung bình 10 phiên:": "2,110,810",
    "KLCP đang niêm yết:": "166,537,461",
    "KLCP đang lưu hành:": "112,500,171",
    "Vốn hóa thị trường (tỷ đồng):": "478.13",
    "Doanh thu": "500 tỷ",
    "Lợi nhuận trước thuế": "N/A",
    "Lợi nhuận sau thuế": "25 tỷ",
    "Cổ tức bằng tiền mặt": "N/A",
    "Cổ tức bằng cổ phiếu": "N/A",
    "Dự kiến tăng vốn lên": "N/A",
    "Giới thiệu công ty": "Năm 2001 Công ty Cổ phần Thiết Bị Y tế Việt Nhật tiền thân là công ty TNHH Thiết bị Y tế Việt nhật,được thành lập vào ngày 27/09/2001 với ngành nghề kinh doanh chính là mua bán, cho thuê Thiết bị y tế, lắp đặt, sửa chữa, bảo trì Thiết bị y tế. Trong những ngày đầu thành lập,vốn điều lệ của Công ty là 6 tỷ đồng, nhân sự công ty chỉ có 05 người bao gồm lãnh đạo công ty, kế toán, kinh doanh, và kỹ thuật"
}