{
    "Url": "http://s.cafef.vn/hose/KBC-tong-cong-ty-phat-trien-do-thi-kinh-bacctcp.chn",
    "CenterName": "HSX",
    "Symbol": "KBC",
    "TradeCenterID": 1,
    "ChangePrice": 0.17953321364451402,
    "VonHoa": 21416.1727761,
    "ChangeVolume": -19.070671834860548,
    "EPS": 1.96528393427339,
    "PE": 14.196421958904,
    "Beta": 1.11687342598638,
    "Price": 27.9,
    "UpdatedDate": "/Date(1686037643765)/",
    "FullName": "Tổng Công ty Phát triển Đô thị Kinh Bắc-CTCP",
    "ParentCategoryId": 345,
    "Cập nhật": "11:30 Thứ 4, 07/06/2023",
    "Mã công ty": "KBC",
    "Tên công ty": "Tổng Công ty Phát triển Đô thị Kinh Bắc-CTCP (HOSE)",
    "Giá điểm": "28.05",
    "Thay đổi": "0.05 (0.18%)",
    "Khối lượng": "5,728,200",
    "Giá tham chiếu": "28",
    "Giá trần": "29.95",
    "Giá sàn": "26.05",
    "Giá mở cửa": "28.15",
    "Giá cao nhất": "28.35",
    "Giá thấp nhất": "27.95",
    "Giao dịch NĐTNN": "Giao dịch NĐTNN",
    "KLGD ròng": "28.35",
    "GT Mua": "13.04 (Tỷ)",
    "GT Bán": "0.36 (Tỷ)",
    "Room còn lại": "N/A",
    "(*)   EPS cơ bản (nghìn đồng):": "2.62",
    "EPS pha loãng (nghìn đồng):": "2.62",
    "P/E :": "10.70",
    "Giá trị sổ sách /cp (nghìn đồng):": "21.18",
    "(**) Hệ số beta:": "1.12",
    "KLGD khớp lệnh trung bình 10 phiên:": "9,903,790",
    "KLCP đang niêm yết:": "767,604,759",
    "KLCP đang lưu hành:": "767,604,759",
    "Vốn hóa thị trường (tỷ đồng):": "21,492.93",
    "Doanh thu": "9,800 tỷ",
    "Lợi nhuận trước thuế": "N/A",
    "Lợi nhuận sau thuế": "4,500 tỷ",
    "Cổ tức bằng tiền mặt": "N/A",
    "Cổ tức bằng cổ phiếu": "N/A",
    "Dự kiến tăng vốn lên": "N/A",
    "Giới thiệu công ty": "Công ty CP Phát triển Đô thị Kinh Bắc (KBC) được thành lập ngày 27 tháng 3 năm 2002, chính thức đi vào hoạt động từ tháng 4 năm 2003 với chức năng ban đầu là đầu tư, xây dựng và kinh doanh Cơ sở hạ tầng Khu đô thị - Thương mại – Khu công nghiệp – Dịch vụ đa năng. Ngày 18-12-2007 đánh dấu bước ngoặt lịch sử của Công ty CP Phát triển Đô thị Kinh Bắc, 88.000.000 cổ phiếu của Công ty CP Phát triển đô thị Kinh Bắc niêm yết tại TT giao dịch chứng khoán Hà Nội với mã cổ phiếu: KBC"
}