{
    "Url": "http://s.cafef.vn/hose/KDC-cong-ty-co-phan-tap-doan-kido.chn",
    "CenterName": "HSX",
    "Symbol": "KDC",
    "TradeCenterID": 1,
    "ChangePrice": 0.938967136150237,
    "VonHoa": 16590.948645,
    "ChangeVolume": -9.324681152166784,
    "EPS": -0.317679826027995,
    "PE": -203.034611314337,
    "Beta": 0.797593508068277,
    "Price": 64.5,
    "UpdatedDate": "/Date(1686037643765)/",
    "FullName": "Công ty Cổ phần Tập đoàn Kido",
    "ParentCategoryId": 339,
    "Cập nhật": "11:30 Thứ 4, 07/06/2023",
    "Mã công ty": "KDC",
    "Tên công ty": "Công ty Cổ phần Tập đoàn Kido (HOSE)",
    "Giá điểm": "64.6",
    "Thay đổi": "-0.2 (-0.31%)",
    "Khối lượng": "725,700",
    "Giá tham chiếu": "64.8",
    "Giá trần": "69.3",
    "Giá sàn": "60.3",
    "Giá mở cửa": "64.9",
    "Giá cao nhất": "N/A",
    "Giá thấp nhất": "64.4",
    "Giao dịch NĐTNN": "Giao dịch NĐTNN",
    "KLGD ròng": "64.9",
    "GT Mua": "0 (Tỷ)",
    "GT Bán": "0.33 (Tỷ)",
    "Room còn lại": "N/A",
    "(*)   EPS cơ bản (nghìn đồng):": "n/a",
    "EPS pha loãng (nghìn đồng):": "n/a",
    "P/E :": "n/a",
    "Giá trị sổ sách /cp (nghìn đồng):": "26.43",
    "(**) Hệ số beta:": "0.80",
    "KLGD khớp lệnh trung bình 10 phiên:": "1,073,760",
    "KLCP đang niêm yết:": "279,741,356",
    "KLCP đang lưu hành:": "257,224,010",
    "Vốn hóa thị trường (tỷ đồng):": "16,668.12",
    "Doanh thu": "14,000 tỷ",
    "Lợi nhuận trước thuế": "900 tỷ",
    "Lợi nhuận sau thuế": "N/A",
    "Cổ tức bằng tiền mặt": "N/A",
    "Cổ tức bằng cổ phiếu": "N/A",
    "Dự kiến tăng vốn lên": "N/A",
    "Giới thiệu công ty": "Công ty Cổ phần Tập đoàn KIDO là một công ty cổ phần được thành lập theo Luật Doanh nghiệp của Việt Nam theo Giấy Chứng nhận Đăng ký Kinh doanh số 4103001184 do Sở Kế hoạch và Đầu tưThành phố Hồ Chí Minh cấp ngày 6 tháng 9 năm 2002, và theo các GCNĐKKD điều chỉnh sau đó.Cổ phiếu của Công ty được niêm yết tại Sở Giao dịch Chứng khoán Thành phố Hồ Chí Minh theo Giấy phép Niêm yết số 39/UBCK-GPNY do Ủy ban Chứng khoán Nhà nước cấp ngày 18 tháng 11 năm 2005. Hoạt động chính trong năm hiện tại của Công ty là bán buôn thực phẩm và mua bán nông sản thực phẩm."
}