{
    "Url": "http://s.cafef.vn/hose/KDH-cong-ty-co-phan-dau-tu-va-kinh-doanh-nha-khang-dien.chn",
    "CenterName": "HSX",
    "Symbol": "KDH",
    "TradeCenterID": 1,
    "ChangePrice": -0.830564784053156,
    "VonHoa": 21158.57535075,
    "ChangeVolume": 28.00587682651368,
    "EPS": 1.28583282923009,
    "PE": 23.2145262754515,
    "Beta": 0.851879488853652,
    "Price": 29.85,
    "UpdatedDate": "/Date(1686037643765)/",
    "FullName": "Công ty Cổ phần Đầu tư và Kinh doanh nhà Khang Điền",
    "ParentCategoryId": 345
}