{
    "Url": "http://s.cafef.vn/hose/KHG-cong-ty-co-phan-tap-doan-khai-hoan-land.chn",
    "CenterName": "HSX",
    "Symbol": "KHG",
    "TradeCenterID": 1,
    "ChangePrice": 6.122448979591842,
    "VonHoa": 2804.4756792,
    "ChangeVolume": -3.18472257170318,
    "EPS": 0.658448536687877,
    "PE": 9.47682264036671,
    "Beta": 0,
    "Price": 6.24,
    "UpdatedDate": "/Date(1686037643765)/",
    "FullName": "Công ty Cổ phần Tập đoàn Khải Hoàn Land",
    "ParentCategoryId": 345,
    "Cập nhật": "11:30 Thứ 4, 07/06/2023",
    "Mã công ty": "KHG",
    "Tên công ty": "Công ty Cổ phần Tập đoàn Khải Hoàn Land (HOSE)",
    "Giá điểm": "6.57",
    "Thay đổi": "0.16 (2.5%)",
    "Khối lượng": "4,748,800",
    "Giá tham chiếu": "6.41",
    "Giá trần": "6.85",
    "Giá sàn": "5.97",
    "Giá mở cửa": "6.48",
    "Giá cao nhất": "6.79",
    "Giá thấp nhất": "N/A",
    "Giao dịch NĐTNN": "Giao dịch NĐTNN",
    "KLGD ròng": "6.79",
    "GT Mua": "0 (Tỷ)",
    "GT Bán": "0.2 (Tỷ)",
    "Room còn lại": "N/A",
    "(*)   EPS cơ bản (nghìn đồng):": "0.92",
    "EPS pha loãng (nghìn đồng):": "0.92",
    "P/E :": "7.18",
    "Giá trị sổ sách /cp (nghìn đồng):": "10.88",
    "(**) Hệ số beta:": "n/a",
    "KLGD khớp lệnh trung bình 10 phiên:": "8,902,990",
    "KLCP đang niêm yết:": "449,435,205",
    "KLCP đang lưu hành:": "449,435,205",
    "Vốn hóa thị trường (tỷ đồng):": "2,880.88",
    "Doanh thu": "1,660 tỷ",
    "Lợi nhuận trước thuế": "600 tỷ",
    "Lợi nhuận sau thuế": "480 tỷ",
    "Cổ tức bằng tiền mặt": "10 %",
    "Cổ tức bằng cổ phiếu": "N/A",
    "Dự kiến tăng vốn lên": "N/A",
    "Giới thiệu công ty": "Với tốc độ tăng trưởng nhanh chóng trong thời gian qua, KHG khẳng định vị thế là nhà phát triển dự án và môi giới bất động sản uy tín hàng đầu cả nước, đứng đầu thị trường phía Nam; đồng thời là đối tác chiến lược của nhiều chủ đầu tư danh tiếng trên thị trường như Vingroup, GS E&C, Masterise Homes, Lotte Group,... Gần đây nhất, KHG trở thành đơn vị hợp tác phát triển, tiếp thị và phân phối độc quyền tất cả các dự án mang thương hiệu T&T trên toàn quốc. Việc kết hợp và ứng dụng hiệu quả công nghệ vào bán hàng cũng là thế mạnh lớn của Khải Hoàn Land. Hiện công ty có hơn 30 chi nhánh qui mô tập trung với hơn 5311 nhân sự giàu kinh nghiệm và đang được tiếp tục mở rộng từ Nam ra Bắc. Hơn thế, với quỹ đất dồi dào, KHG tiếp tục phát huy lợi thế, nâng cao vai trò là chủ đầu tư và nhà phát triển các phân khúc BĐS cao cấp."
}