{
    "Url": "http://s.cafef.vn/hose/KHP-cong-ty-co-phan-dien-luc-khanh-hoa.chn",
    "CenterName": "HSX",
    "Symbol": "KHP",
    "TradeCenterID": 1,
    "ChangePrice": 3.360488798370673,
    "VonHoa": 597.89556505,
    "ChangeVolume": 32.010759919300604,
    "EPS": 1.71913434685979,
    "PE": 5.90413426300291,
    "Beta": 0.294935173957653,
    "Price": 10.15,
    "UpdatedDate": "/Date(1686037643765)/",
    "FullName": "Công ty Cổ phần Điện lực Khánh Hòa",
    "ParentCategoryId": 340,
    "Cập nhật": "11:30 Thứ 4, 07/06/2023",
    "Mã công ty": "KHP",
    "Tên công ty": "Công ty Cổ phần Điện lực Khánh Hòa (HOSE)",
    "Giá điểm": "10.25",
    "Thay đổi": "0.05 (0.49%)",
    "Khối lượng": "180,600",
    "Giá tham chiếu": "10.2",
    "Giá trần": "10.9",
    "Giá sàn": "9.49",
    "Giá mở cửa": "10.3",
    "Giá cao nhất": "10.6",
    "Giá thấp nhất": "N/A",
    "Giao dịch NĐTNN": "Giao dịch NĐTNN",
    "KLGD ròng": "10.6",
    "GT Mua": "0 (Tỷ)",
    "GT Bán": "0 (Tỷ)",
    "Room còn lại": "N/A",
    "(*)   EPS cơ bản (nghìn đồng):": "1.77",
    "EPS pha loãng (nghìn đồng):": "1.76",
    "P/E :": "5.80",
    "Giá trị sổ sách /cp (nghìn đồng):": "11.17",
    "(**) Hệ số beta:": "0.29",
    "KLGD khớp lệnh trung bình 10 phiên:": "268,460",
    "KLCP đang niêm yết:": "58,971,442",
    "KLCP đang lưu hành:": "58,905,967",
    "Vốn hóa thị trường (tỷ đồng):": "600.84",
    "Doanh thu": "N/A",
    "Lợi nhuận trước thuế": "50.2 tỷ",
    "Lợi nhuận sau thuế": "39.16 tỷ",
    "Cổ tức bằng tiền mặt": "N/A",
    "Cổ tức bằng cổ phiếu": "N/A",
    "Dự kiến tăng vốn lên": "604.06 tỷ",
    "Giới thiệu công ty": "CTCP Điện Lực Khánh Hoà tiền thân là Sở Điện Lực Khánh Hoà trực thuộc Công ty điện lực 3 – Bộ năng lượng,thành lập theo Quyết định số 554 NK/TCCB-LĐ ngày 30/06/1993 của Bộ trưởng Bộ năng lượng. Ngày 08/03/1996 Sở Điện Lực Khánh Hoà được đổi tên thành Điện Lực Khánh Hoà, trực thuộc Công ty điện lực 3 - TCT Điện Lực Việt Nam theo Quyết định số 261/ĐVN/TCCB-LĐ của Tổng công ty Điện Lực Việt Nam. Ngày 06/12/2004 theo Quyết định số 161/2004/QĐ-BCN của Bộ trưởng Bộ Công nghiệp, Điện Lực Khánh Hoà trực thuộc Công ty Điện Lực 3 được chuyển thành CTCP Điện Lực Khánh Hoà."
}