{
    "Url": "http://s.cafef.vn/hose/KMR-cong-ty-co-phan-mirae.chn",
    "CenterName": "HSX",
    "Symbol": "KMR",
    "TradeCenterID": 1,
    "ChangePrice": -0.7999999999999948,
    "VonHoa": 211.58544204,
    "ChangeVolume": -24.16163883822085,
    "EPS": 0.223044718204466,
    "PE": 16.6782698552398,
    "Beta": 1.13534185243914,
    "Price": 3.72,
    "UpdatedDate": "/Date(1686037643765)/",
    "FullName": "Công ty Cổ phần Mirae",
    "ParentCategoryId": 339,
    "Cập nhật": "11:30 Thứ 4, 07/06/2023",
    "Mã công ty": "KMR",
    "Tên công ty": "Công ty Cổ phần Mirae (HOSE)",
    "Giá điểm": "3.86",
    "Thay đổi": "0.04 (1.05%)",
    "Khối lượng": "181,800",
    "Giá tham chiếu": "3.82",
    "Giá trần": "4.08",
    "Giá sàn": "3.56",
    "Giá mở cửa": "3.9",
    "Giá cao nhất": "3.95",
    "Giá thấp nhất": "3.8",
    "Giao dịch NĐTNN": "Giao dịch NĐTNN",
    "KLGD ròng": "3.95",
    "GT Mua": "0 (Tỷ)",
    "GT Bán": "0 (Tỷ)",
    "Room còn lại": "N/A",
    "(*)   EPS cơ bản (nghìn đồng):": "0.25",
    "EPS pha loãng (nghìn đồng):": "0.25",
    "P/E :": "15.73",
    "Giá trị sổ sách /cp (nghìn đồng):": "10.99",
    "(**) Hệ số beta:": "1.14",
    "KLGD khớp lệnh trung bình 10 phiên:": "390,270",
    "KLCP đang niêm yết:": "56,881,443",
    "KLCP đang lưu hành:": "56,877,807",
    "Vốn hóa thị trường (tỷ đồng):": "217.27",
    "Doanh thu": "486 tỷ",
    "Lợi nhuận trước thuế": "N/A",
    "Lợi nhuận sau thuế": "22 tỷ",
    "Cổ tức bằng tiền mặt": "N/A",
    "Cổ tức bằng cổ phiếu": "N/A",
    "Dự kiến tăng vốn lên": "N/A",
    "Giới thiệu công ty": "Công ty Cổ phần Mirae tiền thân là Công ty TNHH Mirae Fiber VN, chính thức thành lập ngày\r\n15/11/2001. Công ty TNHH Mirae Fiber VN có chủ đầu tư là Công ty TNHH Mirae Fiber\r\nTechnology Co., Ltd. 06/07/2007 Chuyển đổi thành Công ty cổ phần Mirae. 23/06/2008 Niêm yết cổ phiếu tại Sở Giao Dịch Chứng Khoán Tp. HCM"
}