{
    "Url": "http://s.cafef.vn/hose/KOS-cong-ty-co-phan-kosy.chn",
    "CenterName": "HSX",
    "Symbol": "KOS",
    "TradeCenterID": 1,
    "ChangePrice": 0.2604166666666704,
    "VonHoa": 8334.5313975,
    "ChangeVolume": -15.33041788143829,
    "EPS": 0.0800299384777311,
    "PE": 481.06996871818,
    "Beta": 0,
    "Price": 38.5,
    "UpdatedDate": "/Date(1686037643765)/",
    "FullName": "Công ty Cổ phần Kosy",
    "ParentCategoryId": 345,
    "Cập nhật": "11:30 Thứ 4, 07/06/2023",
    "Mã công ty": "KOS",
    "Tên công ty": "Công ty Cổ phần Kosy (HOSE)",
    "Giá điểm": "38.55",
    "Thay đổi": "N/A",
    "Khối lượng": "165,700",
    "Giá tham chiếu": "38.55",
    "Giá trần": "41.2",
    "Giá sàn": "35.9",
    "Giá mở cửa": "38.6",
    "Giá cao nhất": "38.6",
    "Giá thấp nhất": "N/A",
    "Giao dịch NĐTNN": "Giao dịch NĐTNN",
    "KLGD ròng": "38.6",
    "GT Mua": "0 (Tỷ)",
    "GT Bán": "0 (Tỷ)",
    "Room còn lại": "N/A",
    "(*)   EPS cơ bản (nghìn đồng):": "0.11",
    "EPS pha loãng (nghìn đồng):": "0.11",
    "P/E :": "351.30",
    "Giá trị sổ sách /cp (nghìn đồng):": "10.51",
    "(**) Hệ số beta:": "n/a",
    "KLGD khớp lệnh trung bình 10 phiên:": "371,720",
    "KLCP đang niêm yết:": "216,481,335",
    "KLCP đang lưu hành:": "216,481,335",
    "Vốn hóa thị trường (tỷ đồng):": "8,345.36",
    "Doanh thu": "1,488.5 tỷ",
    "Lợi nhuận trước thuế": "N/A",
    "Lợi nhuận sau thuế": "90.2 tỷ",
    "Cổ tức bằng tiền mặt": "10 %",
    "Cổ tức bằng cổ phiếu": "N/A",
    "Dự kiến tăng vốn lên": "N/A",
    "Giới thiệu công ty": "Công ty Cổ phần Kosy (Kosy) thành lập ngày 10/03/2008, theo giấy phép kinh doanh số 0102681319 do sở Kế hoạch và Đầu tư thành phố Hà Nội cấp với vốn điều lệ ban đầu là 120 tỷ đồng. Ngành nghề kinh doanh chính là: Xây dựng công trình dân dụng, công nghiệp, giao thông thủy lợi, san lấp mặt bằng; Xây công trình cấp thoát nước; Xây dựng đường dây và trạm điện dưới 35kV; Sản xuất, truyền tải điện;..."
}