{
    "Url": "http://s.cafef.vn/hose/KPF-cong-ty-co-phan-dau-tu-tai-san-koji.chn",
    "CenterName": "HSX",
    "Symbol": "KPF",
    "TradeCenterID": 1,
    "ChangePrice": -8.108108108108109,
    "VonHoa": 517.3715485,
    "ChangeVolume": -14.032062336335185,
    "EPS": 0.941427984108772,
    "PE": 9.02883719570622,
    "Beta": 0,
    "Price": 8.5,
    "UpdatedDate": "/Date(1686037643765)/",
    "FullName": "Công ty Cổ phần Đầu tư tài sản Koji",
    "ParentCategoryId": 345,
    "Cập nhật": "11:30 Thứ 4, 07/06/2023",
    "Mã công ty": "KPF",
    "Tên công ty": "Công ty Cổ phần Đầu tư tài sản Koji (HOSE)",
    "Giá điểm": "8.59",
    "Thay đổi": "N/A",
    "Khối lượng": "1,183,900",
    "Giá tham chiếu": "8.59",
    "Giá trần": "9.19",
    "Giá sàn": "7.99",
    "Giá mở cửa": "8.7",
    "Giá cao nhất": "8.7",
    "Giá thấp nhất": "8.4",
    "Giao dịch NĐTNN": "Giao dịch NĐTNN",
    "KLGD ròng": "8.7",
    "GT Mua": "0 (Tỷ)",
    "GT Bán": "0 (Tỷ)",
    "Room còn lại": "N/A",
    "(*)   EPS cơ bản (nghìn đồng):": "0.99",
    "EPS pha loãng (nghìn đồng):": "0.99",
    "P/E :": "8.69",
    "Giá trị sổ sách /cp (nghìn đồng):": "12.64",
    "(**) Hệ số beta:": "n/a",
    "KLGD khớp lệnh trung bình 10 phiên:": "430,100",
    "KLCP đang niêm yết:": "60,867,241",
    "KLCP đang lưu hành:": "60,867,241",
    "Vốn hóa thị trường (tỷ đồng):": "522.85",
    "Doanh thu": "N/A",
    "Lợi nhuận trước thuế": "N/A",
    "Lợi nhuận sau thuế": "N/A",
    "Cổ tức bằng tiền mặt": "N/A",
    "Cổ tức bằng cổ phiếu": "N/A",
    "Dự kiến tăng vốn lên": "1,079.69 tỷ",
    "Giới thiệu công ty": "Công ty cổ phần Đầu tư tài chính Hoàng Minh tiền thân là Công ty cổ phần Tư vấn dự án quốc tế KPF. Khởi đầu từ một Công ty chuyên hoạt động trong lĩnh vực tư vấn từ tháng 6/2009, KPF lần lượt mở rộng sang các lĩnh vực cung ứng vật liệu xây dựng và sản xuất (2010), đầu tư xây dựng và nông nghiệp (2012), đầu tư tài chính và bất động sản (2015). Ngày 02/3/2016, KPF chính thức niêm yết cổ phiếu trên thị trường chứng khoán Việt Nam với mã chứng khoán KPF."
}