{
    "Url": "http://s.cafef.vn/hose/KSB-cong-ty-co-phan-khoang-san-va-xay-dung-binh-duong.chn",
    "CenterName": "HSX",
    "Symbol": "KSB",
    "TradeCenterID": 1,
    "ChangePrice": -2.3897058823529362,
    "VonHoa": 2025.6690483,
    "ChangeVolume": 11.036509487686045,
    "EPS": 1.47555903918817,
    "PE": 17.9931804115459,
    "Beta": 0.316015297080496,
    "Price": 26.55,
    "UpdatedDate": "/Date(1686037643765)/",
    "FullName": "Công ty Cổ phần Khoáng sản và Xây dựng Bình Dương",
    "ParentCategoryId": 345,
    "Cập nhật": "11:30 Thứ 4, 07/06/2023",
    "Mã công ty": "KSB",
    "Tên công ty": "Công ty Cổ phần Khoáng sản và Xây dựng Bình Dương (HOSE)",
    "Giá điểm": "26.9",
    "Thay đổi": "0.2 (0.75%)",
    "Khối lượng": "1,791,700",
    "Giá tham chiếu": "26.7",
    "Giá trần": "28.55",
    "Giá sàn": "24.85",
    "Giá mở cửa": "27",
    "Giá cao nhất": "27.35",
    "Giá thấp nhất": "N/A",
    "Giao dịch NĐTNN": "Giao dịch NĐTNN",
    "KLGD ròng": "27.35",
    "GT Mua": "1.5 (Tỷ)",
    "GT Bán": "0.06 (Tỷ)",
    "Room còn lại": "N/A",
    "(*)   EPS cơ bản (nghìn đồng):": "1.62",
    "EPS pha loãng (nghìn đồng):": "1.62",
    "P/E :": "16.57",
    "Giá trị sổ sách /cp (nghìn đồng):": "25.33",
    "(**) Hệ số beta:": "0.32",
    "KLGD khớp lệnh trung bình 10 phiên:": "2,784,980",
    "KLCP đang niêm yết:": "76,631,202",
    "KLCP đang lưu hành:": "76,296,386",
    "Vốn hóa thị trường (tỷ đồng):": "2,037.11",
    "Doanh thu": "1,200 tỷ",
    "Lợi nhuận trước thuế": "350 tỷ",
    "Lợi nhuận sau thuế": "280 tỷ",
    "Cổ tức bằng tiền mặt": "N/A",
    "Cổ tức bằng cổ phiếu": "N/A",
    "Dự kiến tăng vốn lên": "N/A",
    "Giới thiệu công ty": "Công Ty Cổ Phần Khoáng Sản và Xây Dựng Bình Dương ( BIMICO ) tiền thân là doanh nghiệp nhà nước được thành lập ngày 13/01/1993 theo quyết định số 62/QĐUB của UBND tỉnh Sông Bé nay là tỉnh Bình Dương. Công ty đuợc cổ phần hóa và đi vào hoạt động theo loại hình CTCP từ tháng 5/2006 một doanh nghiệp nhà nước trực thuộc Ủy Ban nhân dân tỉnh Bình Dương với VĐL là 70 tỉ đồng theo giấy chứng nhận đăng ký kinh doanh số 4603000226 ngày 27/4/2006 do sở kế hoạch và đầu tư tỉnh Bình Dương cấp"
}