{
    "Url": "http://s.cafef.vn/hose/L10-cong-ty-co-phan-lilama-10.chn",
    "CenterName": "HSX",
    "Symbol": "L10",
    "TradeCenterID": 1,
    "ChangePrice": 9.04761904761904,
    "VonHoa": 224.191,
    "ChangeVolume": -100,
    "EPS": 1.68934429344097,
    "PE": 13.5555553056362,
    "Beta": -0.00690234119951497,
    "Price": 22.9,
    "UpdatedDate": "/Date(1686037643765)/",
    "FullName": "Công ty cổ phần Lilama 10 ",
    "ParentCategoryId": 345,
    "Cập nhật": "11:30 Thứ 4, 07/06/2023",
    "Mã công ty": "L10",
    "Tên công ty": "Công ty cổ phần Lilama 10  (HOSE)",
    "Giá điểm": "22.9",
    "Thay đổi": "N/A",
    "Khối lượng": "0.0",
    "Giá tham chiếu": "22.9",
    "Giá trần": "24.5",
    "Giá sàn": "21.3",
    "Giá mở cửa": "N/A",
    "Giá cao nhất": "N/A",
    "Giá thấp nhất": "N/A",
    "Giao dịch NĐTNN": "Giao dịch NĐTNN",
    "KLGD ròng": "22.9",
    "GT Mua": "0 (Tỷ)",
    "GT Bán": "0 (Tỷ)",
    "Room còn lại": "N/A",
    "(*)   EPS cơ bản (nghìn đồng):": "1.78",
    "EPS pha loãng (nghìn đồng):": "1.76",
    "P/E :": "12.90",
    "Giá trị sổ sách /cp (nghìn đồng):": "25.58",
    "(**) Hệ số beta:": "-0.01",
    "KLGD khớp lệnh trung bình 10 phiên:": "800",
    "KLCP đang niêm yết:": "9,890,000",
    "KLCP đang lưu hành:": "9,790,000",
    "Vốn hóa thị trường (tỷ đồng):": "224.19",
    "Doanh thu": "1,000 tỷ",
    "Lợi nhuận trước thuế": "19 tỷ",
    "Lợi nhuận sau thuế": "N/A",
    "Cổ tức bằng tiền mặt": "5 - 10 %",
    "Cổ tức bằng cổ phiếu": "N/A",
    "Dự kiến tăng vốn lên": "N/A",
    "Giới thiệu công ty": "CTCP LILAMA 10 tiền thân là Xí nghiệp lắp máy số 1 Hà Nội được thành lập tháng 12/1960; Ngày 25/1/1983 Đơn vị chuyển thành xí nghiệp liên hợp lắp máy số 10 thuộc Liên hiệp các xí nghiệp Lắp máy ( nay là Tổng công ty Lắp máy Việt Nam ) và đổi tên thành Công ty lắp máy và xây dựng số 10 từ ngày 02/01/1996."
}