{
    "Url": "http://s.cafef.vn/hose/LAF-cong-ty-co-phan-che-bien-hang-xuat-khau-long-an.chn",
    "CenterName": "HSX",
    "Symbol": "LAF",
    "TradeCenterID": 1,
    "ChangePrice": 2.109704641350211,
    "VonHoa": 178.2090299,
    "ChangeVolume": -100,
    "EPS": 1.40039641479645,
    "PE": 8.64041058099878,
    "Beta": 1.13543512732021,
    "Price": 12.1,
    "UpdatedDate": "/Date(1686037643765)/",
    "FullName": "Công ty Cổ phần Chế biến Hàng xuất khẩu Long An",
    "ParentCategoryId": 338,
    "Cập nhật": "11:30 Thứ 4, 07/06/2023",
    "Mã công ty": "LAF",
    "Tên công ty": "Công ty Cổ phần Chế biến Hàng xuất khẩu Long An (HOSE)",
    "Giá điểm": "12.9",
    "Thay đổi": "N/A",
    "Khối lượng": "900",
    "Giá tham chiếu": "12.9",
    "Giá trần": "13.8",
    "Giá sàn": "12",
    "Giá mở cửa": "13.5",
    "Giá cao nhất": "13.5",
    "Giá thấp nhất": "N/A",
    "Giao dịch NĐTNN": "Giao dịch NĐTNN",
    "KLGD ròng": "13.5",
    "GT Mua": "0 (Tỷ)",
    "GT Bán": "0 (Tỷ)",
    "Room còn lại": "N/A",
    "(*)   EPS cơ bản (nghìn đồng):": "1.64",
    "EPS pha loãng (nghìn đồng):": "1.64",
    "P/E :": "7.89",
    "Giá trị sổ sách /cp (nghìn đồng):": "11.92",
    "(**) Hệ số beta:": "1.14",
    "KLGD khớp lệnh trung bình 10 phiên:": "2,710",
    "KLCP đang niêm yết:": "14,728,019",
    "KLCP đang lưu hành:": "14,728,019",
    "Vốn hóa thị trường (tỷ đồng):": "189.99",
    "Doanh thu": "515 tỷ",
    "Lợi nhuận trước thuế": "35 tỷ",
    "Lợi nhuận sau thuế": "N/A",
    "Cổ tức bằng tiền mặt": "15 %",
    "Cổ tức bằng cổ phiếu": "N/A",
    "Dự kiến tăng vốn lên": "N/A",
    "Giới thiệu công ty": "Công ty Cổ phần Chế biến hàng xuất khẩu Long An tiền thân là Xí nghiệp Chế biến hàng xuất khẩu Long An - một Doanh nghiệp Nhà nước được thành lập từ năm 1986 và trực thuộc UBND tỉnh Long An. 01/7/1995 Xí nghiệp Chế biến hàng xuất khẩu Long An đã được UBND tỉnh Long An ra quyết định công nhận chính thức chuyển đổi hình thức sở hữu mang pháp nhân mới cho đến nay: Công ty Cổ phần Chế biến hàng xuất khẩu Long An (LAFOOCO)."
}