{
    "Url": "http://s.cafef.vn/hose/LBM-cong-ty-co-phan-khoang-san-va-vat-lieu-xay-dung-lam-dong.chn",
    "CenterName": "HSX",
    "Symbol": "LBM",
    "TradeCenterID": 1,
    "ChangePrice": 3.488372093023256,
    "VonHoa": 890,
    "ChangeVolume": -39.06093906093906,
    "EPS": 7.03547120452176,
    "PE": 6.32509162590268,
    "Beta": -0.167335136647701,
    "Price": 44.5,
    "UpdatedDate": "/Date(1686037643765)/",
    "FullName": "Công ty Cổ phần Khoáng sản và Vật liệu xây dựng Lâm Đồng",
    "ParentCategoryId": 345,
    "Cập nhật": "11:30 Thứ 4, 07/06/2023",
    "Mã công ty": "LBM",
    "Tên công ty": "Công ty Cổ phần Khoáng sản và Vật liệu xây dựng Lâm Đồng (HOSE)",
    "Giá điểm": "45",
    "Thay đổi": "0.6 (1.35%)",
    "Khối lượng": "24,700",
    "Giá tham chiếu": "44.4",
    "Giá trần": "47.5",
    "Giá sàn": "41.3",
    "Giá mở cửa": "45",
    "Giá cao nhất": "N/A",
    "Giá thấp nhất": "44.2",
    "Giao dịch NĐTNN": "Giao dịch NĐTNN",
    "KLGD ròng": "45",
    "GT Mua": "0 (Tỷ)",
    "GT Bán": "0 (Tỷ)",
    "Room còn lại": "N/A",
    "(*)   EPS cơ bản (nghìn đồng):": "7.20",
    "EPS pha loãng (nghìn đồng):": "7.20",
    "P/E :": "6.25",
    "Giá trị sổ sách /cp (nghìn đồng):": "25.96",
    "(**) Hệ số beta:": "-0.17",
    "KLGD khớp lệnh trung bình 10 phiên:": "15,340",
    "KLCP đang niêm yết:": "20,000,000",
    "KLCP đang lưu hành:": "20,000,000",
    "Vốn hóa thị trường (tỷ đồng):": "888.00",
    "Doanh thu": "940 tỷ",
    "Lợi nhuận trước thuế": "130 tỷ",
    "Lợi nhuận sau thuế": "N/A",
    "Cổ tức bằng tiền mặt": "20 - 25 %",
    "Cổ tức bằng cổ phiếu": "N/A",
    "Dự kiến tăng vốn lên": "N/A",
    "Giới thiệu công ty": "Công ty Cổ phần Khoáng Sản và Vật Liệu Xây Dựng Lâm Đồng tiền thân là Công ty Vật liệu xây dựng Lâm Đồng, được thành lập theo quyết định số 981/QĐ-UB ngày 18/11/1994 của UBND tỉnh Lâm Đồng. Năm 2003, Công ty thực hiện Cổ phần hoá theo quyết định số 35/2003/QĐ-UB của UBND tỉnh Lâm Đồng ngày 17/3/2003 và chính thức đi vào hoạt động theo Giấy chứng nhận đăng ký kinh doanh số : 059249 do Sở Kế hoạch và Đầu tư Lâm Đồng cấp ngày 28/5/2003."
}