{
    "Url": "http://s.cafef.vn/hose/LCG-cong-ty-co-phan-lizen.chn",
    "CenterName": "HSX",
    "Symbol": "LCG",
    "TradeCenterID": 1,
    "ChangePrice": -2.5454545454545427,
    "VonHoa": 2568.8385714,
    "ChangeVolume": 14.811533582210929,
    "EPS": 0.686326976728475,
    "PE": 19.5242216237426,
    "Beta": 1.04934241208842,
    "Price": 13.4,
    "UpdatedDate": "/Date(1686037643765)/",
    "FullName": "Công ty cổ phần LIZEN",
    "ParentCategoryId": 345,
    "Cập nhật": "11:30 Thứ 4, 07/06/2023",
    "Mã công ty": "LCG",
    "Tên công ty": "Công ty cổ phần LIZEN (HOSE)",
    "Giá điểm": "13.65",
    "Thay đổi": "0.1 (0.74%)",
    "Khối lượng": "6,360,100",
    "Giá tham chiếu": "13.55",
    "Giá trần": "14.45",
    "Giá sàn": "12.65",
    "Giá mở cửa": "13.75",
    "Giá cao nhất": "13.9",
    "Giá thấp nhất": "N/A",
    "Giao dịch NĐTNN": "Giao dịch NĐTNN",
    "KLGD ròng": "13.9",
    "GT Mua": "0.02 (Tỷ)",
    "GT Bán": "0.31 (Tỷ)",
    "Room còn lại": "N/A",
    "(*)   EPS cơ bản (nghìn đồng):": "0.73",
    "EPS pha loãng (nghìn đồng):": "0.81",
    "P/E :": "18.77",
    "Giá trị sổ sách /cp (nghìn đồng):": "12.99",
    "(**) Hệ số beta:": "1.05",
    "KLGD khớp lệnh trung bình 10 phiên:": "11,245,030",
    "KLCP đang niêm yết:": "171,640,832",
    "KLCP đang lưu hành:": "191,704,371",
    "Vốn hóa thị trường (tỷ đồng):": "2,597.59",
    "Doanh thu": "2,850 tỷ",
    "Lợi nhuận trước thuế": "N/A",
    "Lợi nhuận sau thuế": "150 tỷ",
    "Cổ tức bằng tiền mặt": "N/A",
    "Cổ tức bằng cổ phiếu": "N/A",
    "Dự kiến tăng vốn lên": "N/A",
    "Giới thiệu công ty": "Công ty cổ phần Licogi 16 tiền thân là Công ty xây dựng số 16, là doanh nghiệp Nhà nước thuộc Tổng Công ty Xây dựng và Phát triển Hạ tầng (Licogi) được thành lập theo quyết định số 427/QĐ – BXD  ngày 08/3/2001 của Bộ trưởng Bộ Xây Dựng. Năm 2006 Công ty Xây dựng số 16 chính chuyển thành Công ty Cổ phần Licogi 16 theo Quyết định số 327/QĐ-BXD ngày 28/02/2006 và Quyết định số 844/QĐ-BXD ngày 31/5/2006 của Bộ trưởng Bộ Xây dựng"
}