{
    "Url": "http://s.cafef.vn/hose/LDG-cong-ty-co-phan-dau-tu-ldg.chn",
    "CenterName": "HSX",
    "Symbol": "LDG",
    "TradeCenterID": 1,
    "ChangePrice": 2.961275626423688,
    "VonHoa": 1158.0571994,
    "ChangeVolume": 59.00738955845362,
    "EPS": -0.348352271501131,
    "PE": -12.9753711107502,
    "Beta": 0,
    "Price": 4.52,
    "UpdatedDate": "/Date(1686037643765)/",
    "FullName": "Công ty Cổ phần Đầu tư LDG",
    "ParentCategoryId": 345,
    "Cập nhật": "11:30 Thứ 4, 07/06/2023",
    "Mã công ty": "LDG",
    "Tên công ty": "Công ty Cổ phần Đầu tư LDG (HOSE)",
    "Giá điểm": "4.69",
    "Thay đổi": "0.06 (1.3%)",
    "Khối lượng": "7,270,300",
    "Giá tham chiếu": "4.63",
    "Giá trần": "4.95",
    "Giá sàn": "4.31",
    "Giá mở cửa": "4.68",
    "Giá cao nhất": "4.8",
    "Giá thấp nhất": "N/A",
    "Giao dịch NĐTNN": "Giao dịch NĐTNN",
    "KLGD ròng": "4.8",
    "GT Mua": "0.48 (Tỷ)",
    "GT Bán": "1.02 (Tỷ)",
    "Room còn lại": "N/A",
    "(*)   EPS cơ bản (nghìn đồng):": "n/a",
    "EPS pha loãng (nghìn đồng):": "n/a",
    "P/E :": "n/a",
    "Giá trị sổ sách /cp (nghìn đồng):": "13.82",
    "(**) Hệ số beta:": "n/a",
    "KLGD khớp lệnh trung bình 10 phiên:": "10,734,510",
    "KLCP đang niêm yết:": "256,972,585",
    "KLCP đang lưu hành:": "256,207,345",
    "Vốn hóa thị trường (tỷ đồng):": "1,186.24",
    "Doanh thu": "2,337 tỷ",
    "Lợi nhuận trước thuế": "N/A",
    "Lợi nhuận sau thuế": "310 tỷ",
    "Cổ tức bằng tiền mặt": "N/A",
    "Cổ tức bằng cổ phiếu": "N/A",
    "Dự kiến tăng vốn lên": "N/A",
    "Giới thiệu công ty": "Công ty Cổ phần Đầu tư LDG (LDG Investment) được thành lập và hoạt động theo Giấy phép đăng ký kinh doanh số 3602368420 do Sở KH&ĐT tỉnh Đồng Nai cấp ngày 19 tháng 08 năm 2010. Ngày 12/08/2015 cổ phiếu LDG đã chính thức giao dịch trên Sở Giao dịch Chứng khoán TP.HCM. Năm 2018, LDG Investment được vinh danh là một trong 100 doanh nghiệp bền vững của Việt Nam cùng với nhiều thương hiệu nổi tiếng khác trong ngành địa ốc, tài chính, sản xuất và dịch vụ"
}