{
    "Url": "http://s.cafef.vn/hose/LEC-cong-ty-co-phan-bat-dong-san-dien-luc-mien-trung.chn",
    "CenterName": "HSX",
    "Symbol": "LEC",
    "TradeCenterID": 1,
    "ChangePrice": -2.7303754266211624,
    "VonHoa": 151.38,
    "ChangeVolume": -35.02824858757062,
    "EPS": -0.394821234214559,
    "PE": -14.6901926679255,
    "Beta": 0,
    "Price": 5.7,
    "UpdatedDate": "/Date(1686037643765)/",
    "FullName": "Công ty Cổ phần Bất động sản Điện lực Miền Trung ",
    "ParentCategoryId": 345,
    "Cập nhật": "11:30 Thứ 4, 07/06/2023",
    "Mã công ty": "LEC",
    "Tên công ty": "Công ty Cổ phần Bất động sản Điện lực Miền Trung  (HOSE)",
    "Giá điểm": "6.2",
    "Thay đổi": "0.11 (1.81%)",
    "Khối lượng": "1,300",
    "Giá tham chiếu": "6.09",
    "Giá trần": "6.51",
    "Giá sàn": "5.67",
    "Giá mở cửa": "6.2",
    "Giá cao nhất": "N/A",
    "Giá thấp nhất": "6.08",
    "Giao dịch NĐTNN": "Giao dịch NĐTNN",
    "KLGD ròng": "6.2",
    "GT Mua": "0 (Tỷ)",
    "GT Bán": "0 (Tỷ)",
    "Room còn lại": "N/A",
    "(*)   EPS cơ bản (nghìn đồng):": "n/a",
    "EPS pha loãng (nghìn đồng):": "n/a",
    "P/E :": "n/a",
    "Giá trị sổ sách /cp (nghìn đồng):": "12.02",
    "(**) Hệ số beta:": "n/a",
    "KLGD khớp lệnh trung bình 10 phiên:": "1,180",
    "KLCP đang niêm yết:": "26,100,000",
    "KLCP đang lưu hành:": "26,100,000",
    "Vốn hóa thị trường (tỷ đồng):": "151.38",
    "Doanh thu": "597.7 tỷ",
    "Lợi nhuận trước thuế": "N/A",
    "Lợi nhuận sau thuế": "6.3 tỷ",
    "Cổ tức bằng tiền mặt": "N/A",
    "Cổ tức bằng cổ phiếu": "N/A",
    "Dự kiến tăng vốn lên": "N/A",
    "Giới thiệu công ty": "Công ty Cổ phần Bất động sản Điện lực miền Trung (Land Central) được thành lập ngày 29/11/2007 bởi 4 cổ đông sáng lập là: Tập đoàn Điện lực Việt Nam, Tổng Công ty Điện lực miền Trung, Công ty TNHH MTV Điện lực Đà Nẵng và Công ty cổ phần Điện lực Khánh Hoà.Công ty đã được sở Kế hoạch và Đầu tư thành phố Đà Nẵng cấp giấy chứng nhận đăng ký kinh doanh lần đầy số 3203001727 ngày 6/12/2007 và thay đổi lần 4 ngày 13/8/2014."
}