{
    "Url": "http://s.cafef.vn/hose/LGC-cong-ty-co-phan-dau-tu-cau-duong-cii.chn",
    "CenterName": "HSX",
    "Symbol": "LGC",
    "TradeCenterID": 1,
    "ChangePrice": 0,
    "VonHoa": 11571.2859,
    "ChangeVolume": 0,
    "EPS": 1.35897727817796,
    "PE": 44.1508485560883,
    "Beta": 0.476541367409757,
    "Price": 60,
    "UpdatedDate": "/Date(1686037643765)/",
    "FullName": "Công ty Cổ phần Đầu tư Cầu đường CII",
    "ParentCategoryId": 343,
    "Cập nhật": "11:30 Thứ 4, 07/06/2023",
    "Mã công ty": "LGC",
    "Tên công ty": "Công ty Cổ phần Đầu tư Cầu đường CII (HOSE)",
    "Giá điểm": "58",
    "Thay đổi": "N/A",
    "Khối lượng": "0.0",
    "Giá tham chiếu": "58",
    "Giá trần": "62",
    "Giá sàn": "54",
    "Giá mở cửa": "N/A",
    "Giá cao nhất": "N/A",
    "Giá thấp nhất": "N/A",
    "Giao dịch NĐTNN": "Giao dịch NĐTNN",
    "KLGD ròng": "58",
    "GT Mua": "0 (Tỷ)",
    "GT Bán": "0 (Tỷ)",
    "Room còn lại": "N/A",
    "(*)   EPS cơ bản (nghìn đồng):": "1.37",
    "EPS pha loãng (nghìn đồng):": "1.37",
    "P/E :": "42.33",
    "Giá trị sổ sách /cp (nghìn đồng):": "18.12",
    "(**) Hệ số beta:": "0.48",
    "KLGD khớp lệnh trung bình 10 phiên:": "310",
    "KLCP đang niêm yết:": "192,854,765",
    "KLCP đang lưu hành:": "192,854,765",
    "Vốn hóa thị trường (tỷ đồng):": "11,185.58",
    "Doanh thu": "2,082 tỷ",
    "Lợi nhuận trước thuế": "N/A",
    "Lợi nhuận sau thuế": "323 tỷ",
    "Cổ tức bằng tiền mặt": "N/A",
    "Cổ tức bằng cổ phiếu": "N/A",
    "Dự kiến tăng vốn lên": "N/A",
    "Giới thiệu công ty": "Tiền thân là Công ty Cơ khí Lữ Gia, một doanh nghiệp Nhà nước được thành lập năm 1978.\r\nĐến tháng 12/1999, thực hiện chủ trương cổ phần hóa, Công ty được chuyển thành Công ty Cổ phần Cơ khí - Điện Lữ Gia theo Quyết định số 8032/QĐ-UB-KT ngày 28/12/1999 của Ủy ban Nhân dân Thành phố Hồ Chí Minh. Đến tháng 08/2014 Công ty Cổ phần Cơ khí điện Lữ Gia (LUGIACO) được đổi tên thành Công ty Cổ phần Đầu tư Cầu đường CII (CII B&R)"
}