{
    "Url": "http://s.cafef.vn/hose/LGL-cong-ty-co-phan-dau-tu-va-phat-trien-do-thi-long-giang.chn",
    "CenterName": "HSX",
    "Symbol": "LGL",
    "TradeCenterID": 1,
    "ChangePrice": 23.076923076923077,
    "VonHoa": 247.18608,
    "ChangeVolume": -72.48501480465083,
    "EPS": 0.17592937962294,
    "PE": 27.2836749057354,
    "Beta": 0.734166588937599,
    "Price": 4.8,
    "UpdatedDate": "/Date(1686037643765)/",
    "FullName": "Công ty cổ phần Đầu tư và Phát triển Đô thị Long Giang",
    "ParentCategoryId": 345,
    "Cập nhật": "11:30 Thứ 4, 07/06/2023",
    "Mã công ty": "LGL",
    "Tên công ty": "Công ty cổ phần Đầu tư và Phát triển Đô thị Long Giang (HOSE)",
    "Giá điểm": "4.79",
    "Thay đổi": "-0.1 (-2.04%)",
    "Khối lượng": "671,900",
    "Giá tham chiếu": "4.89",
    "Giá trần": "5.23",
    "Giá sàn": "4.55",
    "Giá mở cửa": "5.1",
    "Giá cao nhất": "N/A",
    "Giá thấp nhất": "4.76",
    "Giao dịch NĐTNN": "Giao dịch NĐTNN",
    "KLGD ròng": "5.1",
    "GT Mua": "0 (Tỷ)",
    "GT Bán": "0 (Tỷ)",
    "Room còn lại": "N/A",
    "(*)   EPS cơ bản (nghìn đồng):": "0.20",
    "EPS pha loãng (nghìn đồng):": "0.19",
    "P/E :": "24.05",
    "Giá trị sổ sách /cp (nghìn đồng):": "12.52",
    "(**) Hệ số beta:": "0.73",
    "KLGD khớp lệnh trung bình 10 phiên:": "1,040,960",
    "KLCP đang niêm yết:": "53,000,000",
    "KLCP đang lưu hành:": "51,497,100",
    "Vốn hóa thị trường (tỷ đồng):": "251.82",
    "Doanh thu": "450 tỷ",
    "Lợi nhuận trước thuế": "N/A",
    "Lợi nhuận sau thuế": "30 tỷ",
    "Cổ tức bằng tiền mặt": "N/A",
    "Cổ tức bằng cổ phiếu": "N/A",
    "Dự kiến tăng vốn lên": "N/A",
    "Giới thiệu công ty": "Ngày 08/10/2001, Công ty Cổ phần Đầu tư và Phát triển Đô thị Long Giang Long Giang Land được thành lập bởi 03 cổ đông, trong đó cổ đông chính là Công ty TNHH Long Giang (nay là Công ty Cổ phần tập đoàn đầu tư Long Giang). Với vốn điều lệ ban đầu là 30 tỷ đồng, Long Giang Land hoạt động trên hai lĩnh vực chủ yếu là phát triển các dự án bất động sản và thi công xây lắp, trong đó lĩnh vực phát triển dự án là lĩnh vực được ưu tiên."
}