{
    "Url": "http://s.cafef.vn/hose/LHG-cong-ty-co-phan-long-hau.chn",
    "CenterName": "HSX",
    "Symbol": "LHG",
    "TradeCenterID": 1,
    "ChangePrice": 5.71428571428572,
    "VonHoa": 1482.0635344,
    "ChangeVolume": -21.221654214182724,
    "EPS": 3.85239048174092,
    "PE": 7.68354094432909,
    "Beta": 0.471597798712807,
    "Price": 29.6,
    "UpdatedDate": "/Date(1686037643765)/",
    "FullName": "Công ty Cổ phần Long Hậu",
    "ParentCategoryId": 345,
    "Cập nhật": "11:30 Thứ 4, 07/06/2023",
    "Mã công ty": "LHG",
    "Tên công ty": "Công ty Cổ phần Long Hậu (HOSE)",
    "Giá điểm": "29.6",
    "Thay đổi": "N/A",
    "Khối lượng": "71,800",
    "Giá tham chiếu": "29.6",
    "Giá trần": "31.65",
    "Giá sàn": "27.55",
    "Giá mở cửa": "29.9",
    "Giá cao nhất": "29.9",
    "Giá thấp nhất": "N/A",
    "Giao dịch NĐTNN": "Giao dịch NĐTNN",
    "KLGD ròng": "29.9",
    "GT Mua": "0.04 (Tỷ)",
    "GT Bán": "0 (Tỷ)",
    "Room còn lại": "N/A",
    "(*)   EPS cơ bản (nghìn đồng):": "4.08",
    "EPS pha loãng (nghìn đồng):": "4.09",
    "P/E :": "7.25",
    "Giá trị sổ sách /cp (nghìn đồng):": "30.00",
    "(**) Hệ số beta:": "0.47",
    "KLGD khớp lệnh trung bình 10 phiên:": "269,900",
    "KLCP đang niêm yết:": "50,012,010",
    "KLCP đang lưu hành:": "50,069,714",
    "Vốn hóa thị trường (tỷ đồng):": "1,482.06",
    "Doanh thu": "902.1 tỷ",
    "Lợi nhuận trước thuế": "N/A",
    "Lợi nhuận sau thuế": "127.05 tỷ",
    "Cổ tức bằng tiền mặt": "N/A",
    "Cổ tức bằng cổ phiếu": "N/A",
    "Dự kiến tăng vốn lên": "N/A",
    "Giới thiệu công ty": "Theo Quyết định số 1107/QĐ - TTg, ngày 21/08/2006 của Thủ tướng Chính phủ và giấy Chứng nhận Đầu tư số 50221000001 do Ban Quản lý Khu kinh tế tỉnh Long An (LAEZA) cấp ngày 03/05/2007,ngày 23/05/2006, Công ty Cổ phần Long Hậu chính thức được thành lập và hoạt động theo giấy chứng nhận đăng ký kinh doanh số 5003000142 do Sở Kế hoạch và Đầu tư tỉnh Long An cấp."
}