{
    "Url": "http://s.cafef.vn/hose/LIX-cong-ty-co-phan-bot-giat-lix.chn",
    "CenterName": "HSX",
    "Symbol": "LIX",
    "TradeCenterID": 1,
    "ChangePrice": 1.8018018018018116,
    "VonHoa": 1464.48,
    "ChangeVolume": -47.183098591549296,
    "EPS": 6.35220513380095,
    "PE": 7.11563922258817,
    "Beta": 0.428224979013152,
    "Price": 45.2,
    "UpdatedDate": "/Date(1686037643765)/",
    "FullName": "Công ty Cổ phần Bột giặt Lix",
    "ParentCategoryId": 339,
    "Cập nhật": "11:30 Thứ 4, 07/06/2023",
    "Mã công ty": "LIX",
    "Tên công ty": "Công ty Cổ phần Bột giặt Lix (HOSE)",
    "Giá điểm": "45.2",
    "Thay đổi": "N/A",
    "Khối lượng": "6,600",
    "Giá tham chiếu": "45.2",
    "Giá trần": "48.35",
    "Giá sàn": "42.05",
    "Giá mở cửa": "N/A",
    "Giá cao nhất": "N/A",
    "Giá thấp nhất": "45",
    "Giao dịch NĐTNN": "Giao dịch NĐTNN",
    "KLGD ròng": "45.2",
    "GT Mua": "0.01 (Tỷ)",
    "GT Bán": "0.11 (Tỷ)",
    "Room còn lại": "N/A",
    "(*)   EPS cơ bản (nghìn đồng):": "6.59",
    "EPS pha loãng (nghìn đồng):": "6.59",
    "P/E :": "6.86",
    "Giá trị sổ sách /cp (nghìn đồng):": "24.74",
    "(**) Hệ số beta:": "0.43",
    "KLGD khớp lệnh trung bình 10 phiên:": "19,400",
    "KLCP đang niêm yết:": "32,400,000",
    "KLCP đang lưu hành:": "32,400,000",
    "Vốn hóa thị trường (tỷ đồng):": "1,464.48",
    "Doanh thu": "2,957 tỷ",
    "Lợi nhuận trước thuế": "225 tỷ",
    "Lợi nhuận sau thuế": "N/A",
    "Cổ tức bằng tiền mặt": "30 %",
    "Cổ tức bằng cổ phiếu": "N/A",
    "Dự kiến tăng vốn lên": "N/A",
    "Giới thiệu công ty": "1972: Công ty cổ phần Bột giặt Lix xuất thân từ một nhà máy được xây dựng từ năm 1972 với tên gọi là Công ty Kỹ nghệ hóa phẩm Huân Huân. Năm 1978 chủ nhà máy hiến cho Nhà nước để xuất cảnh, nhà máy được sát nhập vào Nhà máy Bột giặt Viso. 20/01/1980: nhà máy tách ra khỏi nhà máy Viso và đổi tên thành “Nhà máy Quốc doanh Bột giặt Linh Xuân” trực thuộc Công ty Bột giặt miền Nam. 28/08/1992: Nhà máy chuyển thành Công ty Bột giặt Lix trực thuộc Tổng Công ty Hóa chất công nghiệp và Hóa chất tiêu dùng - Bộ Công nghiệp nặng."
}