{
    "Url": "http://s.cafef.vn/hose/LM8-cong-ty-co-phan-lilama-18.chn",
    "CenterName": "HSX",
    "Symbol": "LM8",
    "TradeCenterID": 1,
    "ChangePrice": -0.423728813559328,
    "VonHoa": 110.3170135,
    "ChangeVolume": -71.42857142857143,
    "EPS": 1.40667624791531,
    "PE": 8.35302367365161,
    "Beta": 0.182725492024998,
    "Price": 11.75,
    "UpdatedDate": "/Date(1686037643765)/",
    "FullName": "Công ty Cổ phần Lilama 18",
    "ParentCategoryId": 345,
    "Cập nhật": "11:30 Thứ 4, 07/06/2023",
    "Mã công ty": "LM8",
    "Tên công ty": "Công ty Cổ phần Lilama 18 (HOSE)",
    "Giá điểm": "11.75",
    "Thay đổi": "N/A",
    "Khối lượng": "0.0",
    "Giá tham chiếu": "11.75",
    "Giá trần": "12.55",
    "Giá sàn": "10.95",
    "Giá mở cửa": "N/A",
    "Giá cao nhất": "N/A",
    "Giá thấp nhất": "N/A",
    "Giao dịch NĐTNN": "Giao dịch NĐTNN",
    "KLGD ròng": "11.75",
    "GT Mua": "0 (Tỷ)",
    "GT Bán": "0 (Tỷ)",
    "Room còn lại": "N/A",
    "(*)   EPS cơ bản (nghìn đồng):": "1.51",
    "EPS pha loãng (nghìn đồng):": "1.51",
    "P/E :": "7.77",
    "Giá trị sổ sách /cp (nghìn đồng):": "30.97",
    "(**) Hệ số beta:": "0.18",
    "KLGD khớp lệnh trung bình 10 phiên:": "1,660",
    "KLCP đang niêm yết:": "9,388,682",
    "KLCP đang lưu hành:": "9,388,682",
    "Vốn hóa thị trường (tỷ đồng):": "110.32",
    "Doanh thu": "1,262.86 tỷ",
    "Lợi nhuận trước thuế": "16.51 tỷ",
    "Lợi nhuận sau thuế": "N/A",
    "Cổ tức bằng tiền mặt": "10 %",
    "Cổ tức bằng cổ phiếu": "N/A",
    "Dự kiến tăng vốn lên": "N/A",
    "Giới thiệu công ty": "Ra đời từ năm 1977, Công ty Cổ phần Lilama 18 là một trong những thành viên mạnh của Tổng Công ty Lắp máy Việt Nam. Ngày 05/11/2010 Công ty nhân được Quyết định số 237/2010/QĐ-SGDHCM của Sở Giao dịch Chứng khoán TP.HCM về việc chấp thuận niêm yết cổ phiếu. Ngày 11/11/2010 công ty chính thức giao dịch 8.050.000 cp tại Sở GD Chứng khoán TP.HCM với mã LM8"
}