{
    "Url": "http://s.cafef.vn/hose/LPB-ngan-hang-thuong-mai-co-phan-buu-dien-lien-viet.chn",
    "CenterName": "HSX",
    "Symbol": "LPB",
    "TradeCenterID": 1,
    "ChangePrice": 5.51724137931035,
    "VonHoa": 0,
    "ChangeVolume": -16.915327318232173,
    "EPS": 2.25663089338311,
    "PE": 6.78001885237973,
    "Beta": 0,
    "Price": 15.3,
    "UpdatedDate": "/Date(1686037643765)/",
    "FullName": "Ngân hàng Thương mại cổ phần Bưu điện Liên Việt",
    "ParentCategoryId": 341,
    "Cập nhật": "11:30 Thứ 4, 07/06/2023",
    "Giá điểm": "15.1",
    "Thay đổi": "-0.25 (-1.63%)",
    "Khối lượng": "3,920,500",
    "Giá tham chiếu": "15.35",
    "Giá trần": "16.4",
    "Giá sàn": "14.3",
    "Giá mở cửa": "15.4",
    "Giá cao nhất": "15.4",
    "Giá thấp nhất": "15.05",
    "Giao dịch NĐTNN": "Giao dịch NĐTNN",
    "KLGD ròng": "15.4",
    "GT Mua": "0.11 (Tỷ)",
    "GT Bán": "3.47 (Tỷ)",
    "Room còn lại": "N/A",
    "(*)   EPS cơ bản (nghìn đồng):": "2.60",
    "EPS pha loãng (nghìn đồng):": "2.60",
    "P/E :": "5.82",
    "Giá trị sổ sách /cp (nghìn đồng):": "n/a",
    "(**) Hệ số beta:": "n/a",
    "KLGD khớp lệnh trung bình 10 phiên:": "9,460,020",
    "KLCP đang niêm yết:": "n/a",
    "KLCP đang lưu hành:": "n/a",
    "Vốn hóa thị trường (tỷ đồng):": "n/a",
    "Lợi nhuận trước thuế đạt": "6.000 tỷ đồng, tăng 310 tỷ so với năm 2022, tức tăng trưởng 5,4%.",
    "Tổng tài sản dự kiến đạt": "375.000 tỷ đồng, tăng 14,4%; Huy động thị trường 1 đạt"
}