{
    "Url": "http://s.cafef.vn/hose/LSS-cong-ty-co-phan-mia-duong-lam-son.chn",
    "CenterName": "HSX",
    "Symbol": "LSS",
    "TradeCenterID": 1,
    "ChangePrice": 2.9787234042553163,
    "VonHoa": 902.0307153,
    "ChangeVolume": -48.57962535860944,
    "EPS": 0.518446710429669,
    "PE": 23.3389464270532,
    "Beta": 0.639212760003731,
    "Price": 12.1,
    "UpdatedDate": "/Date(1686037643765)/",
    "FullName": "Công ty Cổ phần Mía đường Lam Sơn",
    "ParentCategoryId": 338,
    "Cập nhật": "11:30 Thứ 4, 07/06/2023",
    "Mã công ty": "LSS",
    "Tên công ty": "Công ty Cổ phần Mía đường Lam Sơn (HOSE)",
    "Giá điểm": "12.3",
    "Thay đổi": "N/A",
    "Khối lượng": "405,700",
    "Giá tham chiếu": "12.3",
    "Giá trần": "13.15",
    "Giá sàn": "11.45",
    "Giá mở cửa": "12.45",
    "Giá cao nhất": "N/A",
    "Giá thấp nhất": "12.2",
    "Giao dịch NĐTNN": "Giao dịch NĐTNN",
    "KLGD ròng": "12.45",
    "GT Mua": "0 (Tỷ)",
    "GT Bán": "0 (Tỷ)",
    "Room còn lại": "N/A",
    "(*)   EPS cơ bản (nghìn đồng):": "0.55",
    "EPS pha loãng (nghìn đồng):": "0.55",
    "P/E :": "22.28",
    "Giá trị sổ sách /cp (nghìn đồng):": "21.86",
    "(**) Hệ số beta:": "0.64",
    "KLGD khớp lệnh trung bình 10 phiên:": "1,513,900",
    "KLCP đang niêm yết:": "74,547,993",
    "KLCP đang lưu hành:": "74,547,993",
    "Vốn hóa thị trường (tỷ đồng):": "916.94",
    "Doanh thu": "2,600 tỷ",
    "Lợi nhuận trước thuế": "99.66 tỷ",
    "Lợi nhuận sau thuế": "N/A",
    "Cổ tức bằng tiền mặt": "8 %",
    "Cổ tức bằng cổ phiếu": "N/A",
    "Dự kiến tăng vốn lên": "N/A",
    "Giới thiệu công ty": "12/1/1980, Thủ tướng CP ký Quyết định phê duyệt xây dựng Nhà máy đường Lam Sơn (nay là Nhà máy đường Lam Sơn I). 1/1/2000, Công ty đi vào hoạt động dưới hình thức Công ty cổ phần với vốn điều lệ 150 tỷ đồng. Công ty bắt đầu niêm yết với mã chứng khoán LSS trên Sở giao dịch T.P Hồ Chí Minh ngày 21/12/2007."
}