{
    "Url": "http://s.cafef.vn/hose/MBB-ngan-hang-thuong-mai-co-phan-quan-doi.chn",
    "CenterName": "HSX",
    "Symbol": "MBB",
    "TradeCenterID": 1,
    "ChangePrice": 5.600000000000003,
    "VonHoa": 0,
    "ChangeVolume": -55.711532538863864,
    "EPS": 3.23004314852412,
    "PE": 6.12994907174757,
    "Beta": 0.883966047943289,
    "Price": 19.8,
    "UpdatedDate": "/Date(1686037643765)/",
    "FullName": "Ngân hàng Thương mại cổ phần Quân đội",
    "ParentCategoryId": 341,
    "Cập nhật": "11:30 Thứ 4, 07/06/2023",
    "Giá điểm": "20.3",
    "Thay đổi": "-0.15 (-0.73%)",
    "Khối lượng": "9,123,100",
    "Giá tham chiếu": "20.45",
    "Giá trần": "21.85",
    "Giá sàn": "19.05",
    "Giá mở cửa": "20.55",
    "Giá cao nhất": "N/A",
    "Giá thấp nhất": "20.25",
    "Giao dịch NĐTNN": "Giao dịch NĐTNN",
    "KLGD ròng": "20.55",
    "GT Mua": "0 (Tỷ)",
    "GT Bán": "0.01 (Tỷ)",
    "Room còn lại": "N/A",
    "(*)   EPS cơ bản (nghìn đồng):": "3.88",
    "EPS pha loãng (nghìn đồng):": "3.88",
    "P/E :": "5.24",
    "Giá trị sổ sách /cp (nghìn đồng):": "16.75",
    "(**) Hệ số beta:": "0.88",
    "KLGD khớp lệnh trung bình 10 phiên:": "11,730,220",
    "KLCP đang niêm yết:": "4,533,986,133",
    "KLCP đang lưu hành:": "4,533,986,133",
    "Vốn hóa thị trường (tỷ đồng):": "92,720.02",
    "Lợi nhuận trước thuế hợp nhất đạt": "26.100 tỷ đồng",
    "Tổng tài sản ước tăng 14% lên": "830.000 tỷ đồng",
    "Vốn điều lệ tăng 20% đạt": "54.363 tỷ đồng",
    "Tín dụng dự kiến đạt": "583.600 tỷ đồng",
    "Huy động vốn ước đạt": "591.000 tỷ đồng và phù hợp với nhu cầu sử dụng vốn",
    "Mục tiêu kiểm soát tỷ lệ nợ xấu hợp nhất dưới": "2% và riêng Ngân hàng mẹ dưới 1,5%."
}