{
    "Url": "http://s.cafef.vn/hose/MCP-cong-ty-co-phan-in-va-bao-bi-my-chau.chn",
    "CenterName": "HSX",
    "Symbol": "MCP",
    "TradeCenterID": 1,
    "ChangePrice": 0,
    "VonHoa": 428.9995275,
    "ChangeVolume": 31.57894736842105,
    "EPS": 0.676491476376802,
    "PE": 42.1291339140623,
    "Beta": 0.434474396045145,
    "Price": 28.5,
    "UpdatedDate": "/Date(1686037643765)/",
    "FullName": "Công ty cổ phần In và Bao bì Mỹ Châu",
    "ParentCategoryId": 344,
    "Cập nhật": "11:30 Thứ 4, 07/06/2023",
    "Mã công ty": "MCP",
    "Tên công ty": "Công ty cổ phần In và Bao bì Mỹ Châu (HOSE)",
    "Giá điểm": "28.5",
    "Thay đổi": "N/A",
    "Khối lượng": "0.0",
    "Giá tham chiếu": "28.5",
    "Giá trần": "30.45",
    "Giá sàn": "26.55",
    "Giá mở cửa": "N/A",
    "Giá cao nhất": "N/A",
    "Giá thấp nhất": "N/A",
    "Giao dịch NĐTNN": "Giao dịch NĐTNN",
    "KLGD ròng": "28.5",
    "GT Mua": "0 (Tỷ)",
    "GT Bán": "0 (Tỷ)",
    "Room còn lại": "N/A",
    "(*)   EPS cơ bản (nghìn đồng):": "0.70",
    "EPS pha loãng (nghìn đồng):": "0.70",
    "P/E :": "40.86",
    "Giá trị sổ sách /cp (nghìn đồng):": "15.10",
    "(**) Hệ số beta:": "0.43",
    "KLGD khớp lệnh trung bình 10 phiên:": "320",
    "KLCP đang niêm yết:": "15,071,337",
    "KLCP đang lưu hành:": "15,052,615",
    "Vốn hóa thị trường (tỷ đồng):": "429.00",
    "Doanh thu": "519.9 tỷ",
    "Lợi nhuận trước thuế": "21.37 tỷ",
    "Lợi nhuận sau thuế": "17.09 tỷ",
    "Cổ tức bằng tiền mặt": "N/A",
    "Cổ tức bằng cổ phiếu": "N/A",
    "Dự kiến tăng vốn lên": "N/A",
    "Giới thiệu công ty": "Được thành lập từ năm 1957 với tên Nhà Máy Đồ Hộp Mỹ Châu. Đến năm 1976 được đổi tên là nhà máy Thực phẩm Xuất Khẩu Mỹ Châu. Đến năm 1999 chuyển thành công ty cổ phần với tên gọi mới là Công Ty Cổ Phần In và Bao Bì Mỹ Châu. Công ty bắt đầu niêm yết với mã chứng khoán MCP ngày 28/12/2006 trên sàn giao dịch chứng khoán TP Hồ Chí Minh."
}