{
    "Url": "http://s.cafef.vn/hose/MDG-cong-ty-co-phan-mien-dong.chn",
    "CenterName": "HSX",
    "Symbol": "MDG",
    "TradeCenterID": 1,
    "ChangePrice": 0,
    "VonHoa": 125.9623282,
    "ChangeVolume": 400,
    "EPS": 2.08104155738011,
    "PE": 5.86244900143126,
    "Beta": -0.0974722507228803,
    "Price": 12.2,
    "UpdatedDate": "/Date(1686037643765)/",
    "FullName": "Công ty Cổ phần miền Đông",
    "ParentCategoryId": 345,
    "Cập nhật": "11:30 Thứ 4, 07/06/2023",
    "Mã công ty": "MDG",
    "Tên công ty": "Công ty Cổ phần miền Đông (HOSE)",
    "Giá điểm": "12.2",
    "Thay đổi": "N/A",
    "Khối lượng": "0.0",
    "Giá tham chiếu": "12.2",
    "Giá trần": "13.05",
    "Giá sàn": "11.35",
    "Giá mở cửa": "N/A",
    "Giá cao nhất": "N/A",
    "Giá thấp nhất": "N/A",
    "Giao dịch NĐTNN": "Giao dịch NĐTNN",
    "KLGD ròng": "12.2",
    "GT Mua": "0 (Tỷ)",
    "GT Bán": "0 (Tỷ)",
    "Room còn lại": "N/A",
    "(*)   EPS cơ bản (nghìn đồng):": "2.18",
    "EPS pha loãng (nghìn đồng):": "2.07",
    "P/E :": "5.59",
    "Giá trị sổ sách /cp (nghìn đồng):": "15.71",
    "(**) Hệ số beta:": "-0.10",
    "KLGD khớp lệnh trung bình 10 phiên:": "10",
    "KLCP đang niêm yết:": "10,889,031",
    "KLCP đang lưu hành:": "10,324,781",
    "Vốn hóa thị trường (tỷ đồng):": "125.96",
    "Doanh thu": "400.99 tỷ",
    "Lợi nhuận trước thuế": "N/A",
    "Lợi nhuận sau thuế": "23.5 tỷ",
    "Cổ tức bằng tiền mặt": "6 %",
    "Cổ tức bằng cổ phiếu": "N/A",
    "Dự kiến tăng vốn lên": "N/A",
    "Giới thiệu công ty": "CTCP Miền Đông là một doanh nghiệp Nhà nước hạng 1, trực thuộc Tổng công ty Xây dựng số 1. Tiền thân là công ty Xây dựng Thủy điện Trị An, được thành lập ngày 10/01/1986. Sau 07 năm hoạt động, Công ty xây dựng Thủy điện Trị An được thành lập lại và đổi tên thành Công ty xây dựng Miền Đông theo quyết định số 073A/BXD-TCLĐ ngày 18/03/1993 của Bộ xây dựng. Sau 20 năm hoạt động công ty Xây dựng Miền Đông chính thức chuyển thành CTCP theo quyết định số 325/QĐ-BXD, ngày 28 tháng 02 năm 2006 của Bộ xây dựng"
}