{
    "Url": "http://s.cafef.vn/hose/MHC-cong-ty-co-phan-mhc.chn",
    "CenterName": "HSX",
    "Symbol": "MHC",
    "TradeCenterID": 1,
    "ChangePrice": 12.273641851106646,
    "VonHoa": 231.05018952,
    "ChangeVolume": 39.32922167286814,
    "EPS": -1.26838893037783,
    "PE": -4.3992815345194,
    "Beta": 0.74983676895812,
    "Price": 5.58,
    "UpdatedDate": "/Date(1686037643765)/",
    "FullName": "Công ty Cổ phần MHC",
    "ParentCategoryId": 343,
    "Cập nhật": "11:30 Thứ 4, 07/06/2023",
    "Mã công ty": "MHC",
    "Tên công ty": "Công ty Cổ phần MHC (HOSE)",
    "Giá điểm": "5.68",
    "Thay đổi": "N/A",
    "Khối lượng": "141,900",
    "Giá tham chiếu": "5.68",
    "Giá trần": "6.07",
    "Giá sàn": "5.29",
    "Giá mở cửa": "N/A",
    "Giá cao nhất": "N/A",
    "Giá thấp nhất": "5.55",
    "Giao dịch NĐTNN": "Giao dịch NĐTNN",
    "KLGD ròng": "5.68",
    "GT Mua": "0 (Tỷ)",
    "GT Bán": "0 (Tỷ)",
    "Room còn lại": "N/A",
    "(*)   EPS cơ bản (nghìn đồng):": "n/a",
    "EPS pha loãng (nghìn đồng):": "n/a",
    "P/E :": "n/a",
    "Giá trị sổ sách /cp (nghìn đồng):": "12.10",
    "(**) Hệ số beta:": "0.75",
    "KLGD khớp lệnh trung bình 10 phiên:": "260,690",
    "KLCP đang niêm yết:": "41,406,964",
    "KLCP đang lưu hành:": "41,406,844",
    "Vốn hóa thị trường (tỷ đồng):": "235.19",
    "Doanh thu": "500 tỷ",
    "Lợi nhuận trước thuế": "100 tỷ",
    "Lợi nhuận sau thuế": "N/A",
    "Cổ tức bằng tiền mặt": "N/A",
    "Cổ tức bằng cổ phiếu": "N/A",
    "Dự kiến tăng vốn lên": "N/A",
    "Giới thiệu công ty": "Công ty Cổ phần MHC (tên gọi cũ: Công ty Cổ phần Hàng hải Hà Nội), tên tiếng anh: MHC Company - được thành lập theo giấy phép số 056428 (nay chuyển sang mã số doanh nghiệp số 0100793715) ngày 19/11/1998, do Phòng đăng ký kinh doanh - Sở Kế hoạch và Đầu tư thành phố Hà Nội cấp lần đầu ngày 19/11/1998 và Sở Kế hoạch và Đầu tư thành phố Hải Phòng cấp đăng ký thay đổi lần thứ 19 ngày 01/04/2015. Ngày 01/01/1999, Công ty Cổ phần MHC chính thức đi vào hoạt động."
}