{
    "Url": "http://s.cafef.vn/hose/MIG-tong-cong-ty-co-phan-bao-hiem-quan-doi.chn",
    "CenterName": "HSX",
    "Symbol": "MIG",
    "TradeCenterID": 1,
    "ChangePrice": -1.0899182561308056,
    "VonHoa": 2984.7675,
    "ChangeVolume": -46.63894663894664,
    "EPS": 0.749245916395257,
    "PE": 24.2243562531813,
    "Beta": 0,
    "Price": 18.15,
    "UpdatedDate": "/Date(1686037643765)/",
    "FullName": "Tổng Công ty cổ phần Bảo hiểm Quân đội",
    "ParentCategoryId": 341,
    "Cập nhật": "11:30 Thứ 4, 07/06/2023",
    "Mã công ty": "MIG",
    "Tên công ty": "Tổng Công ty cổ phần Bảo hiểm Quân đội (HOSE)",
    "Giá điểm": "18.1",
    "Thay đổi": "-0.1 (-0.55%)",
    "Khối lượng": "107,000",
    "Giá tham chiếu": "18.2",
    "Giá trần": "19.45",
    "Giá sàn": "16.95",
    "Giá mở cửa": "18.3",
    "Giá cao nhất": "N/A",
    "Giá thấp nhất": "18.1",
    "Giao dịch NĐTNN": "Giao dịch NĐTNN",
    "KLGD ròng": "18.3",
    "GT Mua": "0.09 (Tỷ)",
    "GT Bán": "0.55 (Tỷ)",
    "Room còn lại": "N/A",
    "(*)   EPS cơ bản (nghìn đồng):": "0.86",
    "EPS pha loãng (nghìn đồng):": "0.86",
    "P/E :": "21.01",
    "Giá trị sổ sách /cp (nghìn đồng):": "n/a",
    "(**) Hệ số beta:": "n/a",
    "KLGD khớp lệnh trung bình 10 phiên:": "267,900",
    "KLCP đang niêm yết:": "164,450,000",
    "KLCP đang lưu hành:": "164,450,000",
    "Vốn hóa thị trường (tỷ đồng):": "2,992.99",
    "Tổng doanh thu": "Tăng ~17%",
    "Lợi nhuận trước thuế": "Tăng trưởng 75%",
    "Tỷ lệ chi phí kết hợp": "95%",
    "Vốn điều lệ": "2014.3 tỷ đồng",
    "Tỷ suất lợi nhuận sau thuế trên vốn chủ sở hữu bình quân (ROE)": ">15%",
    "Tỷ lệ cổ tức": "Dự kiến ~10%",
    "Biên khả năng thanh toán": "Tuân thủ quy định của Bộ tài chính",
    "Giới thiệu công ty": "Tổng công ty cổ phần Bảo hiểm Quân đội (tiền thân là CTCP Bảo hiểm Quân đội) được thành lập theo Quyết định số 871/BQP ngày 22/02/2007 của Quân ủy Trung ương và giấy phép số 43GP/KDBH ngày 08/10/2007 của Bộ Tài chính. Trải qua quá trình phát triển, MIG đã phát triển mạnh mẽ với mạng lưới rộng khắp với 60 Công ty thành viên tại khắp các tỉnh thành trên cả nước, xứng đáng là đơn vị bảo hiểm tốt nhất cho các đơn vị thuộc Bộ quốc phòng."
}