{
    "Url": "http://s.cafef.vn/hose/MSB-ngan-hang-thuong-mai-co-phan-hang-hai-viet-nam.chn",
    "CenterName": "HSX",
    "Symbol": "MSB",
    "TradeCenterID": 1,
    "ChangePrice": 5.41666666666667,
    "VonHoa": 25300,
    "ChangeVolume": -56.521557066764935,
    "EPS": 1.7653778436,
    "PE": 7.16560482837137,
    "Beta": 0,
    "Price": 12.65,
    "UpdatedDate": "/Date(1686037643765)/",
    "FullName": "Ngân hàng Thương mại cổ phần Hàng hải Việt Nam",
    "ParentCategoryId": 341,
    "Cập nhật": "11:30 Thứ 4, 07/06/2023",
    "Giá điểm": "12.9",
    "Thay đổi": "0.1 (0.78%)",
    "Khối lượng": "5,883,300",
    "Giá tham chiếu": "12.8",
    "Giá trần": "13.65",
    "Giá sàn": "11.95",
    "Giá mở cửa": "13.1",
    "Giá cao nhất": "N/A",
    "Giá thấp nhất": "12.75",
    "Giao dịch NĐTNN": "Giao dịch NĐTNN",
    "KLGD ròng": "13.1",
    "GT Mua": "0.49 (Tỷ)",
    "GT Bán": "1.21 (Tỷ)",
    "Room còn lại": "N/A",
    "(*)   EPS cơ bản (nghìn đồng):": "2.30",
    "EPS pha loãng (nghìn đồng):": "2.30",
    "P/E :": "5.62",
    "Giá trị sổ sách /cp (nghìn đồng):": "13.33",
    "(**) Hệ số beta:": "n/a",
    "KLGD khớp lệnh trung bình 10 phiên:": "3,662,470",
    "KLCP đang niêm yết:": "2,000,000,000",
    "KLCP đang lưu hành:": "2,000,000,000",
    "Vốn hóa thị trường (tỷ đồng):": "25,600.00",
    "Lợi nhuận trước thuế đạt": "6.300 tỷ đồng tăng 9% so với năm 2022",
    "Tổng tài sản dự kiến tăng 8% lên": "230 nghìn tỷ",
    "Dư nợ tín dụng tăng 15% đạt": "141,7 nghìn tỷ",
    "Huy động vốn thị trường 1 và trái phiếu huy động vốn tăng10% đạt": "142 nghìn tỷ đồng",
    "Tỷ lệ nợ xấu": "được kiểm soát dưới 3%."
}