{
    "Url": "http://s.cafef.vn/hose/MSH-cong-ty-co-phan-may-song-hong.chn",
    "CenterName": "HSX",
    "Symbol": "MSH",
    "TradeCenterID": 1,
    "ChangePrice": 2.735562310030391,
    "VonHoa": 2535.47658,
    "ChangeVolume": 30.451222586337284,
    "EPS": 3.56800837435241,
    "PE": 9.47307193642299,
    "Beta": 0,
    "Price": 33.8,
    "UpdatedDate": "/Date(1686037643765)/",
    "FullName": "Công ty cổ phần May Sông Hồng",
    "ParentCategoryId": 339,
    "Cập nhật": "11:30 Thứ 4, 07/06/2023",
    "Mã công ty": "MSH",
    "Tên công ty": "Công ty cổ phần May Sông Hồng (HOSE)",
    "Giá điểm": "35.75",
    "Thay đổi": "-0.05 (-0.14%)",
    "Khối lượng": "141,400",
    "Giá tham chiếu": "35.8",
    "Giá trần": "38.3",
    "Giá sàn": "33.3",
    "Giá mở cửa": "36",
    "Giá cao nhất": "36",
    "Giá thấp nhất": "35",
    "Giao dịch NĐTNN": "Giao dịch NĐTNN",
    "KLGD ròng": "36",
    "GT Mua": "0 (Tỷ)",
    "GT Bán": "0.01 (Tỷ)",
    "Room còn lại": "N/A",
    "(*)   EPS cơ bản (nghìn đồng):": "3.81",
    "EPS pha loãng (nghìn đồng):": "3.81",
    "P/E :": "9.38",
    "Giá trị sổ sách /cp (nghìn đồng):": "23.05",
    "(**) Hệ số beta:": "n/a",
    "KLGD khớp lệnh trung bình 10 phiên:": "145,970",
    "KLCP đang niêm yết:": "75,014,100",
    "KLCP đang lưu hành:": "75,014,100",
    "Vốn hóa thị trường (tỷ đồng):": "2,685.50",
    "Doanh thu": "N/A",
    "Lợi nhuận trước thuế": "N/A",
    "Lợi nhuận sau thuế": "N/A",
    "Cổ tức bằng tiền mặt": "15 - 35 %",
    "Cổ tức bằng cổ phiếu": "N/A",
    "Dự kiến tăng vốn lên": "N/A",
    "Giới thiệu công ty": "Công ty CP May Sông Hồng là một trong những nhà máy sản xuất hàng may mặc và chăn ga gối đệm lớn hàng đầu Việt Nam.\r\nVới hơn 20 xưởng sản xuất được xây dựng và quản lý tập trung trong phạm vi tỉnh Nam Định, có lợi thế về vị trí địa lý gần sân bay, cảng biển, nguồn nhân lực được đào tạo có chất lượng với chi phí cạnh tranh, bộ máy quản lý là người Việt Nam, kết hợp thêm việc tuyển dụng các chuyên viên quốc tế đầu ngành, công ty đã và đang trở thành đối tác tin cậy của rất nhiều thương hiệu thời trang nổi tiếng trên toàn thế giới."
}