{
    "Url": "http://s.cafef.vn/hose/MSN-cong-ty-co-phan-tap-doan-masan.chn",
    "CenterName": "HSX",
    "Symbol": "MSN",
    "TradeCenterID": 1,
    "ChangePrice": 1.7857142857142818,
    "VonHoa": 105498.0064203,
    "ChangeVolume": -4.152998825578099,
    "EPS": 1.52422223705858,
    "PE": 48.6149579755489,
    "Beta": 0.676615987314616,
    "Price": 74.1,
    "UpdatedDate": "/Date(1686037643765)/",
    "FullName": "Công ty Cổ phần Tập đoàn MaSan",
    "ParentCategoryId": 341,
    "Cập nhật": "11:30 Thứ 4, 07/06/2023",
    "Mã công ty": "MSN",
    "Tên công ty": "Công ty Cổ phần Tập đoàn MaSan (HOSE)",
    "Giá điểm": "74.8",
    "Thay đổi": "1.2 (1.63%)",
    "Khối lượng": "1,302,600",
    "Giá tham chiếu": "73.6",
    "Giá trần": "78.7",
    "Giá sàn": "68.5",
    "Giá mở cửa": "74.2",
    "Giá cao nhất": "75.7",
    "Giá thấp nhất": "73.5",
    "Giao dịch NĐTNN": "Giao dịch NĐTNN",
    "KLGD ròng": "75.7",
    "GT Mua": "2.5 (Tỷ)",
    "GT Bán": "29.49 (Tỷ)",
    "Room còn lại": "N/A",
    "(*)   EPS cơ bản (nghìn đồng):": "1.54",
    "EPS pha loãng (nghìn đồng):": "1.54",
    "P/E :": "48.72",
    "Giá trị sổ sách /cp (nghìn đồng):": "18.02",
    "(**) Hệ số beta:": "0.68",
    "KLGD khớp lệnh trung bình 10 phiên:": "913,640",
    "KLCP đang niêm yết:": "1,423,724,783",
    "KLCP đang lưu hành:": "1,423,724,783",
    "Vốn hóa thị trường (tỷ đồng):": "104,786.14",
    "Doanh thu": "90,000 - 100,000 tỷ",
    "Lợi nhuận trước thuế": "N/A",
    "Lợi nhuận sau thuế": "4,000 - 5,000 tỷ",
    "Cổ tức bằng tiền mặt": "N/A",
    "Cổ tức bằng cổ phiếu": "N/A",
    "Dự kiến tăng vốn lên": "N/A",
    "Giới thiệu công ty": "Tháng 11/ 2004 Thành lập Công ty Cổ phần Hàng hải Ma San (MSC) với vốn điều lệ ban đầu là 3.200.000.000 đồng. Tháng 7/2009 MSC được chuyển giao toàn bộ cho Công ty Cổ phần Tập đoàn Ma San; MSC tăng vốn từ 32 tỷ đồng lên 100 tỷ đồng thông qua việc phát hành riêng lẻ cho Công ty Cổ phần Tập đoàn Ma San;Tháng 8/2009 Công ty Cổ phần Tập đoàn Ma San chính thức đổi tên thành Công ty Cổ phần Ma San (Masan Group)"
}