{
    "Url": "http://s.cafef.vn/hose/MWG-cong-ty-co-phan-dau-tu-the-gioi-di-dong.chn",
    "CenterName": "HSX",
    "Symbol": "MWG",
    "TradeCenterID": 1,
    "ChangePrice": 4.5685279187817365,
    "VonHoa": 60276.0364728,
    "ChangeVolume": 9.376347796083843,
    "EPS": 0.914516630675296,
    "PE": 45.0511216724152,
    "Beta": 0.727264247738084,
    "Price": 41.2,
    "UpdatedDate": "/Date(1686037643765)/",
    "FullName": "Công ty cổ phần Đầu tư Thế giới Di động",
    "ParentCategoryId": 347,
    "Cập nhật": "11:30 Thứ 4, 07/06/2023",
    "Mã công ty": "MWG",
    "Tên công ty": "Công ty cổ phần Đầu tư Thế giới Di động (HOSE)",
    "Giá điểm": "41.25",
    "Thay đổi": "-0.55 (-1.32%)",
    "Khối lượng": "2,682,700",
    "Giá tham chiếu": "41.8",
    "Giá trần": "44.7",
    "Giá sàn": "38.9",
    "Giá mở cửa": "41.95",
    "Giá cao nhất": "N/A",
    "Giá thấp nhất": "41.05",
    "Giao dịch NĐTNN": "Giao dịch NĐTNN",
    "KLGD ròng": "41.95",
    "GT Mua": "0.98 (Tỷ)",
    "GT Bán": "1.1 (Tỷ)",
    "Room còn lại": "N/A",
    "(*)   EPS cơ bản (nghìn đồng):": "1.83",
    "EPS pha loãng (nghìn đồng):": "5.63",
    "P/E :": "22.55",
    "Giá trị sổ sách /cp (nghìn đồng):": "15.93",
    "(**) Hệ số beta:": "0.73",
    "KLGD khớp lệnh trung bình 10 phiên:": "3,256,170",
    "KLCP đang niêm yết:": "475,431,197",
    "KLCP đang lưu hành:": "1,463,010,594",
    "Vốn hóa thị trường (tỷ đồng):": "61,153.84",
    "Doanh thu": "135,000 tỷ",
    "Lợi nhuận trước thuế": "N/A",
    "Lợi nhuận sau thuế": "4,200 tỷ",
    "Cổ tức bằng tiền mặt": "N/A",
    "Cổ tức bằng cổ phiếu": "N/A",
    "Dự kiến tăng vốn lên": "14,633,767,160,000 tỷ",
    "Giới thiệu công ty": "Công ty TNHH Thế Giới Di Động thành lập vào tháng 03/2004, lĩnh vực hoạt động chính của công ty bao gồm: mua bán sửa chữa các thiết bị liên quan đến điện thoại di động, thiết bị kỹ thuật số và các lĩnh vực liên quan đến thương mại điện tử. Năm 2007 Công ty TNHH Thế Giới Di Động tiếp nhận vốn đầu tư của quỹ Mekong Capital, chuyển đổi sang hình thức công ty cổ phần để mở rộng cơ hội phát triển."
}