{
    "Url": "http://s.cafef.vn/hose/NAF-cong-ty-co-phan-nafoods-group.chn",
    "CenterName": "HSX",
    "Symbol": "NAF",
    "TradeCenterID": 1,
    "ChangePrice": 0.740740740740738,
    "VonHoa": 687.671624,
    "ChangeVolume": 41.66558060732439,
    "EPS": 1.43277656563212,
    "PE": 9.49205921301473,
    "Beta": 0,
    "Price": 13.6,
    "UpdatedDate": "/Date(1686037643765)/",
    "FullName": "Công ty Cổ phần Nafoods Group ",
    "ParentCategoryId": 338,
    "Cập nhật": "11:30 Thứ 4, 07/06/2023",
    "Mã công ty": "NAF",
    "Tên công ty": "Công ty Cổ phần Nafoods Group  (HOSE)",
    "Giá điểm": "13.65",
    "Thay đổi": "0.05 (0.37%)",
    "Khối lượng": "161,700",
    "Giá tham chiếu": "13.6",
    "Giá trần": "14.55",
    "Giá sàn": "12.65",
    "Giá mở cửa": "13.65",
    "Giá cao nhất": "N/A",
    "Giá thấp nhất": "13.45",
    "Giao dịch NĐTNN": "Giao dịch NĐTNN",
    "KLGD ròng": "13.65",
    "GT Mua": "0 (Tỷ)",
    "GT Bán": "0.57 (Tỷ)",
    "Room còn lại": "N/A",
    "(*)   EPS cơ bản (nghìn đồng):": "1.65",
    "EPS pha loãng (nghìn đồng):": "1.65",
    "P/E :": "8.28",
    "Giá trị sổ sách /cp (nghìn đồng):": "17.55",
    "(**) Hệ số beta:": "n/a",
    "KLGD khớp lệnh trung bình 10 phiên:": "219,340",
    "KLCP đang niêm yết:": "50,564,152",
    "KLCP đang lưu hành:": "50,564,090",
    "Vốn hóa thị trường (tỷ đồng):": "687.67",
    "Doanh thu": "2,125 tỷ",
    "Lợi nhuận trước thuế": "N/A",
    "Lợi nhuận sau thuế": "106 tỷ",
    "Cổ tức bằng tiền mặt": "N/A",
    "Cổ tức bằng cổ phiếu": "N/A",
    "Dự kiến tăng vốn lên": "N/A",
    "Giới thiệu công ty": "CTCP Nafoods Group tiền thân là Công ty trách nhiệm hữu hạn Thành Vinh được thành lập vào ngày 26/08/1995 với VĐL ban đầu là 150.000.000 đồng, ngành nghề kinh doanh chính là sản xuất, dịch vụ kinh doanh nước giải khát có ga và chế biến kinh doanh hàng nông sản, thực phẩm. Đến ngày 29/6/2010, Công ty chuyển đổi sang mô hình hoạt động CTCP, đổi tên thành CTCP Thực phẩm Choa Việt. Sau đó, Công ty được đổi tên thành CTCP Nafoods Group"
}