{
    "Url": "http://s.cafef.vn/hose/NAV-cong-ty-co-phan-nam-viet.chn",
    "CenterName": "HSX",
    "Symbol": "NAV",
    "TradeCenterID": 1,
    "ChangePrice": 6.206896551724141,
    "VonHoa": 123.199692,
    "ChangeVolume": 32.21153846153846,
    "EPS": 2.1096643388386,
    "PE": 7.29973944977329,
    "Beta": 0.441936386531107,
    "Price": 15.4,
    "UpdatedDate": "/Date(1686037643765)/",
    "FullName": "Công ty Cổ phần Nam Việt",
    "ParentCategoryId": 345,
    "Cập nhật": "11:30 Thứ 4, 07/06/2023",
    "Mã công ty": "NAV",
    "Tên công ty": "Công ty Cổ phần Nam Việt (HOSE)",
    "Giá điểm": "15.3",
    "Thay đổi": "-0.05 (-0.33%)",
    "Khối lượng": "3,000",
    "Giá tham chiếu": "15.35",
    "Giá trần": "16.4",
    "Giá sàn": "14.3",
    "Giá mở cửa": "15.4",
    "Giá cao nhất": "15.4",
    "Giá thấp nhất": "15.3",
    "Giao dịch NĐTNN": "Giao dịch NĐTNN",
    "KLGD ròng": "15.4",
    "GT Mua": "0 (Tỷ)",
    "GT Bán": "0 (Tỷ)",
    "Room còn lại": "N/A",
    "(*)   EPS cơ bản (nghìn đồng):": "2.20",
    "EPS pha loãng (nghìn đồng):": "2.20",
    "P/E :": "6.94",
    "Giá trị sổ sách /cp (nghìn đồng):": "12.57",
    "(**) Hệ số beta:": "0.44",
    "KLGD khớp lệnh trung bình 10 phiên:": "6,250",
    "KLCP đang niêm yết:": "8,000,000",
    "KLCP đang lưu hành:": "7,999,980",
    "Vốn hóa thị trường (tỷ đồng):": "122.80",
    "Doanh thu": "65 tỷ",
    "Lợi nhuận trước thuế": "15 tỷ",
    "Lợi nhuận sau thuế": "N/A",
    "Cổ tức bằng tiền mặt": "15 %",
    "Cổ tức bằng cổ phiếu": "N/A",
    "Dự kiến tăng vốn lên": "N/A",
    "Giới thiệu công ty": "CTCP Nam Việt (NAVIFICO) tiền thân là Công ty Nam Việt thành lập năm 1963 là đơn vị đầu tiên tại Việt Nam sản xuất tấm lợp xi măng sợi và thương hiệu NAVIFICO đã rất quen thuộc với thị trường vật liệu xây dựng tại các tỉnh phía Nam, từ Ninh Thuận đến Cà Mau.Năm 1975, NAVIFICO chuyển thành doanh nghiệp Nhà nước trực thuộc UBND Thành phố Hồ Chí Minh.Năm 2001, trở thành CTCP Nam Việt, trong đó Nhà nước nắm giữ 20% cổ phần."
}