{
    "Url": "http://s.cafef.vn/hose/NBB-cong-ty-co-phan-dau-tu-nam-bay-bay.chn",
    "CenterName": "HSX",
    "Symbol": "NBB",
    "TradeCenterID": 1,
    "ChangePrice": 0.694444444444442,
    "VonHoa": 1770.011694,
    "ChangeVolume": 15.087755050054767,
    "EPS": 0.125370020196319,
    "PE": 115.657634714378,
    "Beta": 0.529334950097939,
    "Price": 14.5,
    "UpdatedDate": "/Date(1686037643765)/",
    "FullName": "Công ty Cổ phần Đầu tư Năm Bảy Bảy",
    "ParentCategoryId": 345,
    "Cập nhật": "11:30 Thứ 4, 07/06/2023",
    "Mã công ty": "NBB",
    "Tên công ty": "Công ty Cổ phần Đầu tư Năm Bảy Bảy (HOSE)",
    "Giá điểm": "14.75",
    "Thay đổi": "0.1 (0.68%)",
    "Khối lượng": "288,000",
    "Giá tham chiếu": "14.65",
    "Giá trần": "15.65",
    "Giá sàn": "13.65",
    "Giá mở cửa": "15",
    "Giá cao nhất": "15",
    "Giá thấp nhất": "N/A",
    "Giao dịch NĐTNN": "Giao dịch NĐTNN",
    "KLGD ròng": "15",
    "GT Mua": "0.01 (Tỷ)",
    "GT Bán": "0 (Tỷ)",
    "Room còn lại": "N/A",
    "(*)   EPS cơ bản (nghìn đồng):": "0.13",
    "EPS pha loãng (nghìn đồng):": "0.15",
    "P/E :": "117.65",
    "Giá trị sổ sách /cp (nghìn đồng):": "14.85",
    "(**) Hệ số beta:": "0.53",
    "KLGD khớp lệnh trung bình 10 phiên:": "684,210",
    "KLCP đang niêm yết:": "100,475,656",
    "KLCP đang lưu hành:": "122,069,772",
    "Vốn hóa thị trường (tỷ đồng):": "1,788.32",
    "Doanh thu": "800 tỷ",
    "Lợi nhuận trước thuế": "33 tỷ",
    "Lợi nhuận sau thuế": "20.5 tỷ",
    "Cổ tức bằng tiền mặt": "N/A",
    "Cổ tức bằng cổ phiếu": "N/A",
    "Dự kiến tăng vốn lên": "N/A",
    "Giới thiệu công ty": "Ngày 04/07/2005, Công ty Cổ phần Đầu tư 577 được chính thức thành lập theo Giấy phép đăng ký kinh doanh số 4103003556 do Sở Kế hoạch Đầu tư Thành phố Hồ Chí Minh cấp. Ngày 17/09/2007, Uỷ ban Chứng khoán Nhà nước cấp giấy chứng nhận số 173/UBCK-GCN cho phép 577 chào bán ra công chúng 11,9 triệu cổ phiếu để tăng vốn điều lệ từ 35 tỷ đồng lên 154 tỷ đồng. Ngày 18/02/2009, Cổ phiếu 577 được chính thức niêm yết trên sàn giao dịch chứng khoán Thành phố HCM"
}