{
    "Url": "http://s.cafef.vn/hose/NCT-cong-ty-co-phan-dich-vu-hang-hoa-noi-bai.chn",
    "CenterName": "HSX",
    "Symbol": "NCT",
    "TradeCenterID": 1,
    "ChangePrice": 0.9019165727170205,
    "VonHoa": 2341.833014,
    "ChangeVolume": 12.831858407079647,
    "EPS": 8.1619348954193,
    "PE": 10.9655371118226,
    "Beta": 0.773505303760849,
    "Price": 89.5,
    "UpdatedDate": "/Date(1686037643765)/",
    "FullName": "Công ty Cổ phần Dịch vụ Hàng hóa Nội Bài",
    "ParentCategoryId": 343,
    "Cập nhật": "11:30 Thứ 4, 07/06/2023",
    "Mã công ty": "NCT",
    "Tên công ty": "Công ty Cổ phần Dịch vụ Hàng hóa Nội Bài (HOSE)",
    "Giá điểm": "90",
    "Thay đổi": "N/A",
    "Khối lượng": "1,900",
    "Giá tham chiếu": "90",
    "Giá trần": "96.3",
    "Giá sàn": "83.7",
    "Giá mở cửa": "N/A",
    "Giá cao nhất": "N/A",
    "Giá thấp nhất": "N/A",
    "Giao dịch NĐTNN": "Giao dịch NĐTNN",
    "KLGD ròng": "90",
    "GT Mua": "0.1 (Tỷ)",
    "GT Bán": "0 (Tỷ)",
    "Room còn lại": "N/A",
    "(*)   EPS cơ bản (nghìn đồng):": "8.50",
    "EPS pha loãng (nghìn đồng):": "8.50",
    "P/E :": "10.59",
    "Giá trị sổ sách /cp (nghìn đồng):": "17.46",
    "(**) Hệ số beta:": "0.77",
    "KLGD khớp lệnh trung bình 10 phiên:": "3,320",
    "KLCP đang niêm yết:": "26,166,940",
    "KLCP đang lưu hành:": "26,165,732",
    "Vốn hóa thị trường (tỷ đồng):": "2,354.92",
    "Doanh thu": "786.8 tỷ",
    "Lợi nhuận trước thuế": "297.03 tỷ",
    "Lợi nhuận sau thuế": "236.33 tỷ",
    "Cổ tức bằng tiền mặt": "8 %",
    "Cổ tức bằng cổ phiếu": "N/A",
    "Dự kiến tăng vốn lên": "N/A",
    "Giới thiệu công ty": "Công ty cồ phần dịch vụ hàng hóa Nội Bài (NCTS) được thành lập và chính thức đi vào hoạt động từ 01/05/2005 theo Giấy chứng nhận đăng ký kinh doanh số 0103007531 do Sở kế hoạch và Đầu tư thành phố Hà Nội cấp lần đầu ngày 19/4/2005. Trụ sở chính công ty đặt tại Cảng hàng không quốc tế Nội Bài, Sóc Sơn, Hà Nội, Việt Nam. 8.1.2015, công ty chính thức niêm yết cổ phiếu tại sở GD Chứng khoán TP.HCM với mã NCT."
}