{
    "Url": "http://s.cafef.vn/hose/NHA-tong-cong-ty-dau-tu-phat-trien-nha-va-do-thi-nam-ha-noi.chn",
    "CenterName": "HSX",
    "Symbol": "NHA",
    "TradeCenterID": 1,
    "ChangePrice": -3.720930232558143,
    "VonHoa": 873.012564,
    "ChangeVolume": 13.636363636363637,
    "EPS": 0.0319227525751805,
    "PE": 648.440323285091,
    "Beta": 0.034089913241609,
    "Price": 20.7,
    "UpdatedDate": "/Date(1686037643765)/",
    "FullName": "Tổng Công ty Đầu tư Phát triển Nhà và Đô thị Nam Hà Nội",
    "ParentCategoryId": 345,
    "Cập nhật": "11:30 Thứ 4, 07/06/2023",
    "Mã công ty": "NHA",
    "Tên công ty": "Tổng Công ty Đầu tư Phát triển Nhà và Đô thị Nam Hà Nội (HOSE)",
    "Giá điểm": "21.9",
    "Thay đổi": "N/A",
    "Khối lượng": "335,500",
    "Giá tham chiếu": "21.9",
    "Giá trần": "23.4",
    "Giá sàn": "20.4",
    "Giá mở cửa": "22.45",
    "Giá cao nhất": "22.5",
    "Giá thấp nhất": "21.8",
    "Giao dịch NĐTNN": "Giao dịch NĐTNN",
    "KLGD ròng": "22.5",
    "GT Mua": "0.06 (Tỷ)",
    "GT Bán": "0.02 (Tỷ)",
    "Room còn lại": "N/A",
    "(*)   EPS cơ bản (nghìn đồng):": "0.04",
    "EPS pha loãng (nghìn đồng):": "0.04",
    "P/E :": "490.86",
    "Giá trị sổ sách /cp (nghìn đồng):": "10.12",
    "(**) Hệ số beta:": "0.03",
    "KLGD khớp lệnh trung bình 10 phiên:": "581,200",
    "KLCP đang niêm yết:": "42,174,520",
    "KLCP đang lưu hành:": "42,174,520",
    "Vốn hóa thị trường (tỷ đồng):": "923.62",
    "Doanh thu": "130 tỷ",
    "Lợi nhuận trước thuế": "N/A",
    "Lợi nhuận sau thuế": "25 tỷ",
    "Cổ tức bằng tiền mặt": "5 %",
    "Cổ tức bằng cổ phiếu": "N/A",
    "Dự kiến tăng vốn lên": "421.75 tỷ",
    "Giới thiệu công ty": "Tổng Công ty Đầu tư Phát triển Nhà và Đô thị Nam Hà Nội tiền thân là Công ty TNHH Thành Mỹ được thành lập ngày 26 tháng 03 năm 2004. Ngành nghề kinh doanh: xây dựng công trình: dân dụng, công nghiệp, giao thông, thủy lợi...; đầu tư xây dựng hạ tầng các khu công nghiệp, khu đô thị và dân cư; san lấp và chuẩn bị mắt bằng; mua bán nguyên vật liệu xây dựng..."
}