{
    "Url": "http://s.cafef.vn/hose/NHH-cong-ty-co-phan-nhua-ha-noi.chn",
    "CenterName": "HSX",
    "Symbol": "NHH",
    "TradeCenterID": 1,
    "ChangePrice": 5.3333333333333375,
    "VonHoa": 1151.504,
    "ChangeVolume": -64.44236715323218,
    "EPS": 1.23459854604341,
    "PE": 12.7976823321517,
    "Beta": 0,
    "Price": 15.8,
    "UpdatedDate": "/Date(1686037643765)/",
    "FullName": "Công ty Cổ phần Nhựa Hà Nội",
    "ParentCategoryId": 344,
    "Cập nhật": "11:30 Thứ 4, 07/06/2023",
    "Mã công ty": "NHH",
    "Tên công ty": "Công ty Cổ phần Nhựa Hà Nội (HOSE)",
    "Giá điểm": "16.1",
    "Thay đổi": "N/A",
    "Khối lượng": "137,700",
    "Giá tham chiếu": "16.1",
    "Giá trần": "17.2",
    "Giá sàn": "15",
    "Giá mở cửa": "16.3",
    "Giá cao nhất": "N/A",
    "Giá thấp nhất": "16",
    "Giao dịch NĐTNN": "Giao dịch NĐTNN",
    "KLGD ròng": "16.3",
    "GT Mua": "0 (Tỷ)",
    "GT Bán": "0.04 (Tỷ)",
    "Room còn lại": "N/A",
    "(*)   EPS cơ bản (nghìn đồng):": "1.58",
    "EPS pha loãng (nghìn đồng):": "1.58",
    "P/E :": "10.20",
    "Giá trị sổ sách /cp (nghìn đồng):": "17.35",
    "(**) Hệ số beta:": "n/a",
    "KLGD khớp lệnh trung bình 10 phiên:": "199,250",
    "KLCP đang niêm yết:": "72,880,000",
    "KLCP đang lưu hành:": "72,880,000",
    "Vốn hóa thị trường (tỷ đồng):": "1,173.37",
    "Doanh thu": "2,400 tỷ",
    "Lợi nhuận trước thuế": "120 tỷ",
    "Lợi nhuận sau thuế": "N/A",
    "Cổ tức bằng tiền mặt": "15 %",
    "Cổ tức bằng cổ phiếu": "N/A",
    "Dự kiến tăng vốn lên": "N/A",
    "Giới thiệu công ty": "Công ty Cổ phần Nhựa Hà Nội (mã ck: NHH) được thành lập năm 1972, có trụ sở tại tổ 12, phường Phúc Lợi, Long Biên, Hà Nội và trở thành công ty thành viên thuộc Tập đoàn An Phát Holdings từ cuối năm 2018. \r\nNHH được trang bị hệ thống nhà xưởng sản xuất, dây chuyền, trang thiết bị đồng bộ, hiện đại, là đối tác của các Tập đoàn đa quốc gia như Honda, Toyota, Samsung, Piaggio, LG, Panasonic, Brother… NHH được đánh giá là Công ty sản xuất nhựa tiên tiến, hiện đại hàng đầu Việt Nam, là đầu tàu miền Bắc trong lĩnh vực sản xuất công nghiệp nhựa hỗ trợ."
}