{
    "Url": "http://s.cafef.vn/hose/NHT-cong-ty-co-phan-san-xuat-va-thuong-mai-nam-hoa.chn",
    "CenterName": "HSX",
    "Symbol": "NHT",
    "TradeCenterID": 1,
    "ChangePrice": -1.5748031496062938,
    "VonHoa": 300.3521125,
    "ChangeVolume": -22.45119305856833,
    "EPS": 2.18570888540086,
    "PE": 5.7189683784021,
    "Beta": 0,
    "Price": 12.5,
    "UpdatedDate": "/Date(1686037643765)/",
    "FullName": "Công ty Cổ phần Sản xuất và Thương mại Nam Hoa",
    "ParentCategoryId": 339,
    "Cập nhật": "11:30 Thứ 4, 07/06/2023",
    "Mã công ty": "NHT",
    "Tên công ty": "Công ty Cổ phần Sản xuất và Thương mại Nam Hoa (HOSE)",
    "Giá điểm": "12.7",
    "Thay đổi": "0.05 (0.4%)",
    "Khối lượng": "1,100",
    "Giá tham chiếu": "12.65",
    "Giá trần": "13.5",
    "Giá sàn": "11.8",
    "Giá mở cửa": "12.7",
    "Giá cao nhất": "12.7",
    "Giá thấp nhất": "N/A",
    "Giao dịch NĐTNN": "Giao dịch NĐTNN",
    "KLGD ròng": "12.7",
    "GT Mua": "0 (Tỷ)",
    "GT Bán": "0 (Tỷ)",
    "Room còn lại": "N/A",
    "(*)   EPS cơ bản (nghìn đồng):": "2.44",
    "EPS pha loãng (nghìn đồng):": "2.44",
    "P/E :": "5.21",
    "Giá trị sổ sách /cp (nghìn đồng):": "15.52",
    "(**) Hệ số beta:": "n/a",
    "KLGD khớp lệnh trung bình 10 phiên:": "15,230",
    "KLCP đang niêm yết:": "24,028,169",
    "KLCP đang lưu hành:": "24,028,169",
    "Vốn hóa thị trường (tỷ đồng):": "303.96",
    "Doanh thu": "536 tỷ",
    "Lợi nhuận trước thuế": "N/A",
    "Lợi nhuận sau thuế": "43.4 tỷ",
    "Cổ tức bằng tiền mặt": "N/A",
    "Cổ tức bằng cổ phiếu": "N/A",
    "Dự kiến tăng vốn lên": "N/A",
    "Giới thiệu công ty": "Với ý tưởng đưa gỗ vào thế giới đồ chơi của trẻ em, từ những năm đầu thập niên 90, Công ty Nam Hoa đã cho ra đời những sản phẩm đầu tay mang giá trị nhân văn sâu sắc. Vượt qua những khó khăn từ những ngày đầu thành lập khi cơ sở vật chất và nguồn vốn còn hạn chế, ông Ngô Văn Hòa – người sáng lập, hiện là Tổng giám đốc Công ty CP Sản xuất & Thương mại Nam Hoa đã huy động mọi nguồn lực để xây dựng và phát triển công ty cũng như tìm kiếm thị trường, nguồn khách hàng. Với sự nỗ lực đó, nay Công ty Nam Hoa đã có một chỗ đứng vững chắc trên thị trường Việt Nam và quốc tế."
}