{
    "Url": "http://s.cafef.vn/hose/NKG-cong-ty-co-phan-thep-nam-kim.chn",
    "CenterName": "HSX",
    "Symbol": "NKG",
    "TradeCenterID": 1,
    "ChangePrice": 4.838709677419355,
    "VonHoa": 4278.2643475,
    "ChangeVolume": 23.852261263735052,
    "EPS": -1.90300246030805,
    "PE": -8.53913767266992,
    "Beta": 1.26611323570562,
    "Price": 16.25,
    "UpdatedDate": "/Date(1686037643765)/",
    "FullName": "Công ty Cổ phần Thép Nam Kim",
    "ParentCategoryId": 344,
    "Cập nhật": "11:30 Thứ 4, 07/06/2023",
    "Mã công ty": "NKG",
    "Tên công ty": "Công ty Cổ phần Thép Nam Kim (HOSE)",
    "Giá điểm": "16.8",
    "Thay đổi": "0.4 (2.44%)",
    "Khối lượng": "9,874,800",
    "Giá tham chiếu": "16.4",
    "Giá trần": "17.5",
    "Giá sàn": "15.3",
    "Giá mở cửa": "16.75",
    "Giá cao nhất": "17.15",
    "Giá thấp nhất": "N/A",
    "Giao dịch NĐTNN": "Giao dịch NĐTNN",
    "KLGD ròng": "17.15",
    "GT Mua": "0.17 (Tỷ)",
    "GT Bán": "0.17 (Tỷ)",
    "Room còn lại": "N/A",
    "(*)   EPS cơ bản (nghìn đồng):": "n/a",
    "EPS pha loãng (nghìn đồng):": "n/a",
    "P/E :": "n/a",
    "Giá trị sổ sách /cp (nghìn đồng):": "21.78",
    "(**) Hệ số beta:": "1.27",
    "KLGD khớp lệnh trung bình 10 phiên:": "10,088,410",
    "KLCP đang niêm yết:": "263,277,806",
    "KLCP đang lưu hành:": "263,277,806",
    "Vốn hóa thị trường (tỷ đồng):": "4,317.76",
    "Doanh thu": "20,000 tỷ",
    "Lợi nhuận trước thuế": "400 tỷ",
    "Lợi nhuận sau thuế": "N/A",
    "Cổ tức bằng tiền mặt": "N/A",
    "Cổ tức bằng cổ phiếu": "N/A",
    "Dự kiến tăng vốn lên": "N/A",
    "Giới thiệu công ty": "Công ty Cổ phần Thép Nam Kim được thành lập vào ngày 23/12/2002, giấy chứng nhận đăng ký doanh nghiệp số 3700477019 do Phòng Đăng ký Kinh doanh - Sở Kế hoạch và Đầu tư Tỉnh Bình Dương cấp lần đầu ngày 23/12/2002, đăng ký thay đổi lần thứ 25, ngày 25/07/2019. Trụ sở chính đặt tại Lô A1, Đường Đ2, KCN Đồng An 2, Phường Hòa Phú, Thành phố Thủ Dầu Một, Tỉnh Bình Dương. Năm 2011: Công ty Cổ phần Thép Nam Kim chính thức được niêm yết trên sàn chứng khoán vào ngày 14/01/2011 với mã cổ phiếu NKG."
}