{
    "Url": "http://s.cafef.vn/hose/NNC-cong-ty-co-phan-da-nui-nho.chn",
    "CenterName": "HSX",
    "Symbol": "NNC",
    "TradeCenterID": 1,
    "ChangePrice": 7.142857142857142,
    "VonHoa": 411,
    "ChangeVolume": -4.761904761904762,
    "EPS": 1.92408449649766,
    "PE": 9.74489427783961,
    "Beta": 0.461524111556758,
    "Price": 18.75,
    "UpdatedDate": "/Date(1686037643765)/",
    "FullName": "Công ty Cổ phần Đá Núi Nhỏ",
    "ParentCategoryId": 345,
    "Cập nhật": "11:30 Thứ 4, 07/06/2023",
    "Mã công ty": "NNC",
    "Tên công ty": "Công ty Cổ phần Đá Núi Nhỏ (HOSE)",
    "Giá điểm": "18.2",
    "Thay đổi": "-0.4 (-2.15%)",
    "Khối lượng": "1,400",
    "Giá tham chiếu": "18.6",
    "Giá trần": "19.9",
    "Giá sàn": "17.3",
    "Giá mở cửa": "N/A",
    "Giá cao nhất": "N/A",
    "Giá thấp nhất": "18.2",
    "Giao dịch NĐTNN": "Giao dịch NĐTNN",
    "KLGD ròng": "18.4",
    "GT Mua": "0 (Tỷ)",
    "GT Bán": "0.02 (Tỷ)",
    "Room còn lại": "N/A",
    "(*)   EPS cơ bản (nghìn đồng):": "2.03",
    "EPS pha loãng (nghìn đồng):": "2.03",
    "P/E :": "8.95",
    "Giá trị sổ sách /cp (nghìn đồng):": "14.22",
    "(**) Hệ số beta:": "0.46",
    "KLGD khớp lệnh trung bình 10 phiên:": "5,320",
    "KLCP đang niêm yết:": "21,920,000",
    "KLCP đang lưu hành:": "21,920,000",
    "Vốn hóa thị trường (tỷ đồng):": "407.71",
    "Doanh thu": "137 tỷ",
    "Lợi nhuận trước thuế": "N/A",
    "Lợi nhuận sau thuế": "22 tỷ",
    "Cổ tức bằng tiền mặt": "N/A",
    "Cổ tức bằng cổ phiếu": "N/A",
    "Dự kiến tăng vốn lên": "N/A",
    "Giới thiệu công ty": "Công ty Cổ phần Đá Núi Nhỏ tiền thân từ Phân Xưởng Đá Châu Thới trực thuộc Ủy Ban Nhân Dân Tỉnh Bình Dương được thành lập từ ngày 31/12/1975. Công ty được cổ phần hóa và đi vào hoạt động từ tháng 12/ 2006. Tháng 01/2010, Công ty tiến hành nộp hồ sơ đăng ký niêm yết cổ phiếu tại Sở Giao dịch Chứng khoán TP.HCM. Ngày 23/06/2010, cổ phiếu công ty Cổ phần Đá Núi Nhỏ chính thức niêm yết trên sàn giao dịch chứng khoán thành phố Hồ Chí Minh."
}