{
    "Url": "http://s.cafef.vn/hose/NO1-cong-ty-co-phan-tap-doan-911.chn",
    "CenterName": "HSX",
    "Symbol": "NO1",
    "TradeCenterID": 1,
    "ChangePrice": 1.54277699859748,
    "VonHoa": 214.8,
    "ChangeVolume": -92.95774647887323,
    "EPS": 1.110293190125,
    "PE": 0,
    "Beta": 0,
    "Price": 7.24,
    "UpdatedDate": "/Date(1686037643765)/",
    "FullName": "Công ty Cổ phần Tập đoàn 911",
    "ParentCategoryId": 343,
    "Cập nhật": "11:30 Thứ 4, 07/06/2023",
    "Mã công ty": "NO1",
    "Tên công ty": "Công ty Cổ phần Tập đoàn 911 (HOSE)",
    "Giá điểm": "7.23",
    "Thay đổi": "-0.01 (-0.14%)",
    "Khối lượng": "200",
    "Giá tham chiếu": "7.24",
    "Giá trần": "7.74",
    "Giá sàn": "6.74",
    "Giá mở cửa": "N/A",
    "Giá cao nhất": "N/A",
    "Giá thấp nhất": "7.03",
    "Giao dịch NĐTNN": "Giao dịch NĐTNN",
    "KLGD ròng": "7.23",
    "GT Mua": "0 (Tỷ)",
    "GT Bán": "0 (Tỷ)",
    "Room còn lại": "N/A",
    "(*)   EPS cơ bản (nghìn đồng):": "1.15",
    "EPS pha loãng (nghìn đồng):": "1.15",
    "P/E :": "6.27",
    "Giá trị sổ sách /cp (nghìn đồng):": "n/a",
    "(**) Hệ số beta:": "n/a",
    "KLGD khớp lệnh trung bình 10 phiên:": "31,950",
    "KLCP đang niêm yết:": "24,000,000",
    "KLCP đang lưu hành:": "24,000,000",
    "Vốn hóa thị trường (tỷ đồng):": "214.80",
    "Giới thiệu công ty": "Công ty cổ phần Tập đoàn 911 (911 GROUP .JSC) tiền thân là Công ty cổ phần Thiết bị Nền móng 911, được thành lập ngày 22/03/2011 theo Giấy chứng nhận đăng ký kinh doanh số 0105207386 bởi những sáng lập viên có trên 20 năm kinh nghiệm về kinh doanh, quản lý, khai thác các thiết bị thi công công trình. Hoạt động kinh doanh chính là Bán buôn máy móc, thiết bị và phụ tùng máy khác."
}