{
    "Url": "http://s.cafef.vn/hose/NSC-cong-ty-co-phan-tap-doan-giong-cay-trong-viet-nam.chn",
    "CenterName": "HSX",
    "Symbol": "NSC",
    "TradeCenterID": 1,
    "ChangePrice": -0.14409221902018518,
    "VonHoa": 1217.9139588,
    "ChangeVolume": -63.36898395721925,
    "EPS": 11.8869042141361,
    "PE": 5.82994518602981,
    "Beta": 0.124335416472344,
    "Price": 69.3,
    "UpdatedDate": "/Date(1686037643765)/",
    "FullName": "Công ty cổ phần Tập đoàn Giống cây trồng Việt Nam",
    "ParentCategoryId": 338,
    "Cập nhật": "11:30 Thứ 4, 07/06/2023",
    "Mã công ty": "NSC",
    "Tên công ty": "Công ty cổ phần Tập đoàn Giống cây trồng Việt Nam (HOSE)",
    "Giá điểm": "69",
    "Thay đổi": "-0.3 (-0.43%)",
    "Khối lượng": "26,700",
    "Giá tham chiếu": "69.3",
    "Giá trần": "74.1",
    "Giá sàn": "64.5",
    "Giá mở cửa": "69.5",
    "Giá cao nhất": "N/A",
    "Giá thấp nhất": "69",
    "Giao dịch NĐTNN": "Giao dịch NĐTNN",
    "KLGD ròng": "69.5",
    "GT Mua": "0.01 (Tỷ)",
    "GT Bán": "1.59 (Tỷ)",
    "Room còn lại": "N/A",
    "(*)   EPS cơ bản (nghìn đồng):": "12.40",
    "EPS pha loãng (nghìn đồng):": "12.40",
    "P/E :": "5.56",
    "Giá trị sổ sách /cp (nghìn đồng):": "68.49",
    "(**) Hệ số beta:": "0.12",
    "KLGD khớp lệnh trung bình 10 phiên:": "28,360",
    "KLCP đang niêm yết:": "17,586,988",
    "KLCP đang lưu hành:": "17,574,516",
    "Vốn hóa thị trường (tỷ đồng):": "1,217.91",
    "Doanh thu": "2,200 tỷ",
    "Lợi nhuận trước thuế": "290 tỷ",
    "Lợi nhuận sau thuế": "N/A",
    "Cổ tức bằng tiền mặt": "30 - 40 %",
    "Cổ tức bằng cổ phiếu": "N/A",
    "Dự kiến tăng vốn lên": "N/A",
    "Giới thiệu công ty": "Được thành lập từ năm 1968, tiền thân của CTCP Giống cây trồng Trung ương là Công ty Giống cây trồng cấp I trực thuộc Bộ Nông nghiệp và phát triển Nông thôn. Năm 1993, Công ty Giống cây trồng Trung ương được đổi tên thành Công ty Giống cây trồng trung ương I. Ngày 10/11/2003 chuyển đổi Công ty Giống cây trồng Trung ương 1 thành công ty cổ phần với tên là CTCP Giống cây trồng Trung ương. Công ty bắt đầu niêm yết với mã chứng khoán NSC ngày 21/12/2006 trên sàn HOSE"
}