{
    "Url": "http://s.cafef.vn/hose/NT2-cong-ty-co-phan-dien-luc-dau-khi-nhon-trach-2.chn",
    "CenterName": "HSX",
    "Symbol": "NT2",
    "TradeCenterID": 1,
    "ChangePrice": 0.9009009009009137,
    "VonHoa": 9672.6345744,
    "ChangeVolume": 10.41805895893666,
    "EPS": 2.6959763075982,
    "PE": 12.463017536654,
    "Beta": 0.160714629497719,
    "Price": 33.6,
    "UpdatedDate": "/Date(1686037643765)/",
    "FullName": "Công ty Cổ phần Điện lực Dầu khí Nhơn Trạch 2",
    "ParentCategoryId": 340,
    "Cập nhật": "11:30 Thứ 4, 07/06/2023",
    "Mã công ty": "NT2",
    "Tên công ty": "Công ty Cổ phần Điện lực Dầu khí Nhơn Trạch 2 (HOSE)",
    "Giá điểm": "32.95",
    "Thay đổi": "-0.55 (-1.64%)",
    "Khối lượng": "486,500",
    "Giá tham chiếu": "33.5",
    "Giá trần": "35.8",
    "Giá sàn": "31.2",
    "Giá mở cửa": "33.8",
    "Giá cao nhất": "N/A",
    "Giá thấp nhất": "32.95",
    "Giao dịch NĐTNN": "Giao dịch NĐTNN",
    "KLGD ròng": "33.8",
    "GT Mua": "0.34 (Tỷ)",
    "GT Bán": "8.11 (Tỷ)",
    "Room còn lại": "N/A",
    "(*)   EPS cơ bản (nghìn đồng):": "2.79",
    "EPS pha loãng (nghìn đồng):": "2.79",
    "P/E :": "11.80",
    "Giá trị sổ sách /cp (nghìn đồng):": "15.47",
    "(**) Hệ số beta:": "0.16",
    "KLGD khớp lệnh trung bình 10 phiên:": "483,210",
    "KLCP đang niêm yết:": "287,876,029",
    "KLCP đang lưu hành:": "287,876,029",
    "Vốn hóa thị trường (tỷ đồng):": "9,643.85",
    "Doanh thu": "8,299 tỷ",
    "Lợi nhuận trước thuế": "498 tỷ",
    "Lợi nhuận sau thuế": "473 tỷ",
    "Cổ tức bằng tiền mặt": "15 %",
    "Cổ tức bằng cổ phiếu": "N/A",
    "Dự kiến tăng vốn lên": "N/A",
    "Giới thiệu công ty": "Công ty Cổ phần Điện lực Dầu khí Nhơn Trạch 2 (NT2) được thành lập vào ngày 15/6/2007 theo Nghị quyết số 01/NQ-ĐH của Đại hội đồng cổ đông NT2 với số vốn điều lệ ban đầu là 2.560 tỷ đồng.Ngày 12/06/2015, trao quyết định niêm yết và chào mừng ngày giao dịch chính thức cổ phiếu NT2 trên HoSE."
}