{
    "Url": "http://s.cafef.vn/hose/NTL-cong-ty-co-phan-phat-trien-do-thi-tu-liem.chn",
    "CenterName": "HSX",
    "Symbol": "NTL",
    "TradeCenterID": 1,
    "ChangePrice": -2.3255813953488254,
    "VonHoa": 1408.867845,
    "ChangeVolume": 6.299034057412363,
    "EPS": 0.87460938116645,
    "PE": 26.4117907918984,
    "Beta": 0.757578584087305,
    "Price": 23.1,
    "UpdatedDate": "/Date(1686037643765)/",
    "FullName": "Công ty Cổ phần Phát triển Đô thị Từ Liêm ",
    "ParentCategoryId": 345,
    "Cập nhật": "11:30 Thứ 4, 07/06/2023",
    "Mã công ty": "NTL",
    "Tên công ty": "Công ty Cổ phần Phát triển Đô thị Từ Liêm  (HOSE)",
    "Giá điểm": "23.1",
    "Thay đổi": "0.05 (0.22%)",
    "Khối lượng": "1,067,900",
    "Giá tham chiếu": "23.05",
    "Giá trần": "24.65",
    "Giá sàn": "21.45",
    "Giá mở cửa": "23.2",
    "Giá cao nhất": "23.6",
    "Giá thấp nhất": "23",
    "Giao dịch NĐTNN": "Giao dịch NĐTNN",
    "KLGD ròng": "23.6",
    "GT Mua": "0.22 (Tỷ)",
    "GT Bán": "0 (Tỷ)",
    "Room còn lại": "N/A",
    "(*)   EPS cơ bản (nghìn đồng):": "0.91",
    "EPS pha loãng (nghìn đồng):": "0.88",
    "P/E :": "25.31",
    "Giá trị sổ sách /cp (nghìn đồng):": "20.60",
    "(**) Hệ số beta:": "0.76",
    "KLGD khớp lệnh trung bình 10 phiên:": "907,690",
    "KLCP đang niêm yết:": "63,600,000",
    "KLCP đang lưu hành:": "60,989,950",
    "Vốn hóa thị trường (tỷ đồng):": "1,405.82",
    "Doanh thu": "700 tỷ",
    "Lợi nhuận trước thuế": "300 tỷ",
    "Lợi nhuận sau thuế": "240 tỷ",
    "Cổ tức bằng tiền mặt": "25 %",
    "Cổ tức bằng cổ phiếu": "N/A",
    "Dự kiến tăng vốn lên": "N/A",
    "Giới thiệu công ty": "LIDECO – tiền thân là Doanh nghiệp Nhà nước được thành lập từ năm 1974, với quyết tâm dám nghĩ dám làm, với tư duy đổi mới của Ban lãnh đạo, năm 2004 Công ty đã chuyển đổi mô hình hoạt động sang Công ty Cổ phần 100% vốn tư nhân nhằm nâng cao hiệu quả sản xuất kinh doanh. Công ty thực hiện niêm yết với mã chứng khoán NTL (ngày 10/12/2007). Tổ chức tư vấn niêm yết: Công ty cổ phần chứng khoán Sao Việt. Tổ chức kiểm toán: Công ty tư vấn và dịch vụ tài chính (A&C)"
}