{
    "Url": "http://s.cafef.vn/hose/NVL-cong-ty-co-phan-tap-doan-dau-tu-dia-oc-no-va.chn",
    "CenterName": "HSX",
    "Symbol": "NVL",
    "TradeCenterID": 1,
    "ChangePrice": 1.1235955056179803,
    "VonHoa": 26289.511713,
    "ChangeVolume": 0.35135372006706433,
    "EPS": 0.414764922928373,
    "PE": 32.5485576376268,
    "Beta": 0,
    "Price": 13.5,
    "UpdatedDate": "/Date(1686037643765)/",
    "FullName": "Công ty cổ phần Tập đoàn Đầu tư Địa ốc No Va",
    "ParentCategoryId": 345
}