{
    "Url": "http://s.cafef.vn/hose/NVT-cong-ty-co-phan-bat-dong-san-du-lich-ninh-van-bay.chn",
    "CenterName": "HSX",
    "Symbol": "NVT",
    "TradeCenterID": 1,
    "ChangePrice": 9.033877038895858,
    "VonHoa": 739.385,
    "ChangeVolume": -45.022907122032485,
    "EPS": -0.135601004651934,
    "PE": -60.2502910724821,
    "Beta": 0.75767185896838,
    "Price": 8.69,
    "UpdatedDate": "/Date(1686037643765)/",
    "FullName": "Công ty Cổ phần Bất động sản Du lịch Ninh Vân Bay",
    "ParentCategoryId": 345,
    "Cập nhật": "11:30 Thứ 4, 07/06/2023",
    "Mã công ty": "NVT",
    "Tên công ty": "Công ty Cổ phần Bất động sản Du lịch Ninh Vân Bay (HOSE)",
    "Giá điểm": "8.75",
    "Thay đổi": "N/A",
    "Khối lượng": "3,500",
    "Giá tham chiếu": "8.75",
    "Giá trần": "9.36",
    "Giá sàn": "8.14",
    "Giá mở cửa": "9.04",
    "Giá cao nhất": "N/A",
    "Giá thấp nhất": "8.71",
    "Giao dịch NĐTNN": "Giao dịch NĐTNN",
    "KLGD ròng": "9.04",
    "GT Mua": "0 (Tỷ)",
    "GT Bán": "0 (Tỷ)",
    "Room còn lại": "N/A",
    "(*)   EPS cơ bản (nghìn đồng):": "n/a",
    "EPS pha loãng (nghìn đồng):": "n/a",
    "P/E :": "n/a",
    "Giá trị sổ sách /cp (nghìn đồng):": "2.37",
    "(**) Hệ số beta:": "0.76",
    "KLGD khớp lệnh trung bình 10 phiên:": "7,980",
    "KLCP đang niêm yết:": "90,500,000",
    "KLCP đang lưu hành:": "90,500,000",
    "Vốn hóa thị trường (tỷ đồng):": "739.39",
    "Doanh thu": "345.45 tỷ",
    "Lợi nhuận trước thuế": "51.69 tỷ",
    "Lợi nhuận sau thuế": "34.49 tỷ",
    "Cổ tức bằng tiền mặt": "N/A",
    "Cổ tức bằng cổ phiếu": "N/A",
    "Dự kiến tăng vốn lên": "N/A",
    "Giới thiệu công ty": "CTCP Bất động sản Du lịch Ninh Vân Bay tiền thân là CTCP Đầu tư xây dựng Tuấn Phong - được thành lập ngày 26/09/2006 theo giấy ĐKKD số 0103013874, hoạt động trong lĩnh vực Đầu tư, xây dựng các công trình xây dựng, mua bán vật liệu xây dựng, trang thiết bị nội thất với số vốn đăng ký ban đầu là 1.000.000.000 đồng. Ngày 25/06/2009 Đại hội đồng cổ đông Công ty Cổ phần Đầu tư xây dựng Tuấn Phong đã họp và quyết định tăng vốn điều lệ lên 21 tỷ đồng."
}