{
    "Url": "http://s.cafef.vn/hose/OCB-ngan-hang-thuong-mai-co-phan-phuong-dong.chn",
    "CenterName": "HSX",
    "Symbol": "OCB",
    "TradeCenterID": 1,
    "ChangePrice": 6.470588235294127,
    "VonHoa": 24794.8798203,
    "ChangeVolume": -64.4547320282263,
    "EPS": 2.05457216802222,
    "PE": 8.80961996940874,
    "Beta": 0,
    "Price": 18.1,
    "UpdatedDate": "/Date(1686037643765)/",
    "FullName": "Ngân hàng Thương mại cổ phần Phương Đông",
    "ParentCategoryId": 341,
    "Cập nhật": "11:30 Thứ 4, 07/06/2023",
    "Giá điểm": "18.4",
    "Thay đổi": "-0.25 (-1.34%)",
    "Khối lượng": "1,114,700",
    "Giá tham chiếu": "18.65",
    "Giá trần": "19.95",
    "Giá sàn": "17.35",
    "Giá mở cửa": "18.7",
    "Giá cao nhất": "N/A",
    "Giá thấp nhất": "18.35",
    "Giao dịch NĐTNN": "Giao dịch NĐTNN",
    "KLGD ròng": "18.7",
    "GT Mua": "0.06 (Tỷ)",
    "GT Bán": "0.77 (Tỷ)",
    "Room còn lại": "N/A",
    "(*)   EPS cơ bản (nghìn đồng):": "2.57",
    "EPS pha loãng (nghìn đồng):": "3.00",
    "P/E :": "7.16",
    "Giá trị sổ sách /cp (nghìn đồng):": "18.45",
    "(**) Hệ số beta:": "n/a",
    "KLGD khớp lệnh trung bình 10 phiên:": "1,482,570",
    "KLCP đang niêm yết:": "1,173,794,913",
    "KLCP đang lưu hành:": "1,369,882,863",
    "Vốn hóa thị trường (tỷ đồng):": "25,548.32",
    "Tổng tài sản": "242.152 tỷ đồng",
    "Tổng huy động TT1": "173.087 tỷ đồng",
    "Tổng dư nợ TT1": "147.330 tỷ đồng",
    "Lợi nhuận trước thuế": "6.000 tỷ đồng",
    "Tỷ lệ nợ xấu": "<3%"
}