{
    "Url": "http://s.cafef.vn/hose/OGC-cong-ty-co-phan-tap-doan-dai-duong.chn",
    "CenterName": "HSX",
    "Symbol": "OGC",
    "TradeCenterID": 1,
    "ChangePrice": 2.1590909090909034,
    "VonHoa": 2696.99999101,
    "ChangeVolume": -35.87609438184602,
    "EPS": 0.176185824278471,
    "PE": 51.0256715420579,
    "Beta": 0.847775394086373,
    "Price": 8.99,
    "UpdatedDate": "/Date(1686037643765)/",
    "FullName": "Công ty Cổ phần Tập đoàn Đại Dương",
    "ParentCategoryId": 345,
    "Cập nhật": "11:30 Thứ 4, 07/06/2023",
    "Mã công ty": "OGC",
    "Tên công ty": "Công ty Cổ phần Tập đoàn Đại Dương (HOSE)",
    "Giá điểm": "9.15",
    "Thay đổi": "0.09 (0.99%)",
    "Khối lượng": "960,100",
    "Giá tham chiếu": "9.06",
    "Giá trần": "9.69",
    "Giá sàn": "8.43",
    "Giá mở cửa": "9.1",
    "Giá cao nhất": "9.36",
    "Giá thấp nhất": "N/A",
    "Giao dịch NĐTNN": "Giao dịch NĐTNN",
    "KLGD ròng": "9.36",
    "GT Mua": "0.24 (Tỷ)",
    "GT Bán": "0.02 (Tỷ)",
    "Room còn lại": "N/A",
    "(*)   EPS cơ bản (nghìn đồng):": "0.19",
    "EPS pha loãng (nghìn đồng):": "0.19",
    "P/E :": "49.42",
    "Giá trị sổ sách /cp (nghìn đồng):": "1.49",
    "(**) Hệ số beta:": "0.85",
    "KLGD khớp lệnh trung bình 10 phiên:": "1,884,770",
    "KLCP đang niêm yết:": "300,000,000",
    "KLCP đang lưu hành:": "299,999,999",
    "Vốn hóa thị trường (tỷ đồng):": "2,718.00",
    "Doanh thu": "955.72 tỷ",
    "Lợi nhuận trước thuế": "54.12 tỷ",
    "Lợi nhuận sau thuế": "39.07 tỷ",
    "Cổ tức bằng tiền mặt": "N/A",
    "Cổ tức bằng cổ phiếu": "N/A",
    "Dự kiến tăng vốn lên": "N/A",
    "Giới thiệu công ty": "05/2007 Thành lập tập đoàn Đại Dương (OceanGroup). 01/01/2009 Công ty cổ phần tập đoàn Đại Dương(OGC) thực hiện đầu tư và nắm cổ phần chi phối trong Công ty Cổ phần Chứng khoán Đại Dương. 16/04/2010 OGC đã được Sở giao dịch chứng khoán Hồ Chí Minh quyết định chấp thuận niêm yết với số vốn điều lệ 2.500 tỷ đồng"
}