{
    "Url": "http://s.cafef.vn/hose/OPC-cong-ty-co-phan-duoc-pham-opc.chn",
    "CenterName": "HSX",
    "Symbol": "OPC",
    "TradeCenterID": 1,
    "ChangePrice": 1.956521739130432,
    "VonHoa": 1501.9934174,
    "ChangeVolume": -97.25274725274726,
    "EPS": 2.0146160166668,
    "PE": 11.6399352561478,
    "Beta": 0.418990765786774,
    "Price": 23.45,
    "UpdatedDate": "/Date(1686037643765)/",
    "FullName": "Công ty cổ phần Dược phẩm OPC",
    "ParentCategoryId": 342,
    "Cập nhật": "11:30 Thứ 4, 07/06/2023",
    "Mã công ty": "OPC",
    "Tên công ty": "Công ty cổ phần Dược phẩm OPC (HOSE)",
    "Giá điểm": "23.1",
    "Thay đổi": "N/A",
    "Khối lượng": "0.0",
    "Giá tham chiếu": "23.1",
    "Giá trần": "24.7",
    "Giá sàn": "21.5",
    "Giá mở cửa": "N/A",
    "Giá cao nhất": "N/A",
    "Giá thấp nhất": "N/A",
    "Giao dịch NĐTNN": "Giao dịch NĐTNN",
    "KLGD ròng": "23.1",
    "GT Mua": "0 (Tỷ)",
    "GT Bán": "0 (Tỷ)",
    "Room còn lại": "N/A",
    "(*)   EPS cơ bản (nghìn đồng):": "2.06",
    "EPS pha loãng (nghìn đồng):": "2.06",
    "P/E :": "11.22",
    "Giá trị sổ sách /cp (nghìn đồng):": "12.09",
    "(**) Hệ số beta:": "0.42",
    "KLGD khớp lệnh trung bình 10 phiên:": "2,980",
    "KLCP đang niêm yết:": "64,050,892",
    "KLCP đang lưu hành:": "64,050,892",
    "Vốn hóa thị trường (tỷ đồng):": "1,479.58",
    "Doanh thu": "N/A",
    "Lợi nhuận trước thuế": "N/A",
    "Lợi nhuận sau thuế": "144.6 tỷ",
    "Cổ tức bằng tiền mặt": "N/A",
    "Cổ tức bằng cổ phiếu": "N/A",
    "Dự kiến tăng vốn lên": "N/A",
    "Giới thiệu công ty": "Công ty Cổ phần Dược Phẩm OPC tiền thân là Xí nghiệp Dược phẩm TW 26, thành lập vào ngày 24/10/1977 theo quyết định số 1176/ BYT-QĐ của Bộ Y tế, Ngày 08/02/2002, theo quyết định số 138/QĐ-TTG của Thủ tướng Chính phủ, Xí nghiệp Dược phẩm Trung ương 26 – OPC được chuyển thành Công ty Cổ phần Dược phẩm OPC, tên giao dịch quốc tế: OPC Pharmaceutical Joint Stock Company."
}