{
    "Url": "http://s.cafef.vn/hose/ORS-cong-ty-co-phan-chung-khoan-tien-phong.chn",
    "CenterName": "HSX",
    "Symbol": "ORS",
    "TradeCenterID": 1,
    "ChangePrice": 0.3533568904593564,
    "VonHoa": 2840,
    "ChangeVolume": -28.54475044720961,
    "EPS": 0.642273105525522,
    "PE": 22.1089749482523,
    "Beta": 0.554727894137236,
    "Price": 14.2,
    "UpdatedDate": "/Date(1686037643765)/",
    "FullName": "Công ty Cổ phần Chứng khoán Tiên Phong",
    "ParentCategoryId": 341,
    "Cập nhật": "11:30 Thứ 4, 07/06/2023",
    "Mã công ty": "ORS",
    "Tên công ty": "Công ty Cổ phần Chứng khoán Tiên Phong (HOSE)",
    "Giá điểm": "14.6",
    "Thay đổi": "-0.25 (-1.68%)",
    "Khối lượng": "912,900",
    "Giá tham chiếu": "14.85",
    "Giá trần": "15.85",
    "Giá sàn": "13.85",
    "Giá mở cửa": "N/A",
    "Giá cao nhất": "N/A",
    "Giá thấp nhất": "14.5",
    "Giao dịch NĐTNN": "Giao dịch NĐTNN",
    "KLGD ròng": "14.85",
    "GT Mua": "0 (Tỷ)",
    "GT Bán": "0 (Tỷ)",
    "Room còn lại": "N/A",
    "(*)   EPS cơ bản (nghìn đồng):": "0.99",
    "EPS pha loãng (nghìn đồng):": "0.99",
    "P/E :": "14.81",
    "Giá trị sổ sách /cp (nghìn đồng):": "11.61",
    "(**) Hệ số beta:": "0.55",
    "KLGD khớp lệnh trung bình 10 phiên:": "2,990,810",
    "KLCP đang niêm yết:": "200,000,000",
    "KLCP đang lưu hành:": "200,000,000",
    "Vốn hóa thị trường (tỷ đồng):": "2,970.00",
    "Doanh thu": "2,831 tỷ",
    "Lợi nhuận trước thuế": "230 tỷ",
    "Lợi nhuận sau thuế": "N/A",
    "Cổ tức bằng tiền mặt": "N/A",
    "Cổ tức bằng cổ phiếu": "N/A",
    "Dự kiến tăng vốn lên": "N/A",
    "Giới thiệu công ty": "Công ty Cổ phần Chứng khoán Tiên Phong (TPS) được thành lập theo Giấy phép thành lập và hoạt động số 49//UBCK-GPHDKD ngày 29/12/2006 của UBCKNN và Điều chỉnh Giấy phép thành lập và hoạt động số: 24/2019/GPĐC-UBCK của UBCKNN. Ngành nghề kinh doanh: môi giới chứng khoán; tự doanh chứng khoán; lưu ký chứng khoán; tư vấn tài chính và đầu tư chứng khoán."
}