{
    "Url": "http://s.cafef.vn/hose/PAC-cong-ty-co-phan-pin-ac-quy-mien-nam.chn",
    "CenterName": "HSX",
    "Symbol": "PAC",
    "TradeCenterID": 1,
    "ChangePrice": 1.342281879194626,
    "VonHoa": 1403.4455514,
    "ChangeVolume": -68.92655367231639,
    "EPS": 2.9667063626797,
    "PE": 10.1796390704207,
    "Beta": 0.181233093927805,
    "Price": 30.2,
    "UpdatedDate": "/Date(1686037643765)/",
    "FullName": "Công ty Cổ phần Pin Ắc quy Miền Nam ",
    "ParentCategoryId": 343,
    "Cập nhật": "11:30 Thứ 4, 07/06/2023",
    "Mã công ty": "PAC",
    "Tên công ty": "Công ty Cổ phần Pin Ắc quy Miền Nam  (HOSE)",
    "Giá điểm": "30.2",
    "Thay đổi": "0.7 (2.37%)",
    "Khối lượng": "15,100",
    "Giá tham chiếu": "29.5",
    "Giá trần": "31.55",
    "Giá sàn": "27.45",
    "Giá mở cửa": "30.2",
    "Giá cao nhất": "N/A",
    "Giá thấp nhất": "29.4",
    "Giao dịch NĐTNN": "Giao dịch NĐTNN",
    "KLGD ròng": "30.2",
    "GT Mua": "0.02 (Tỷ)",
    "GT Bán": "0.46 (Tỷ)",
    "Room còn lại": "N/A",
    "(*)   EPS cơ bản (nghìn đồng):": "3.06",
    "EPS pha loãng (nghìn đồng):": "3.06",
    "P/E :": "9.86",
    "Giá trị sổ sách /cp (nghìn đồng):": "19.41",
    "(**) Hệ số beta:": "0.18",
    "KLGD khớp lệnh trung bình 10 phiên:": "18,270",
    "KLCP đang niêm yết:": "46,471,707",
    "KLCP đang lưu hành:": "46,471,707",
    "Vốn hóa thị trường (tỷ đồng):": "1,370.92",
    "Doanh thu": "3,800 tỷ",
    "Lợi nhuận trước thuế": "N/A",
    "Lợi nhuận sau thuế": "198 tỷ",
    "Cổ tức bằng tiền mặt": "15 %",
    "Cổ tức bằng cổ phiếu": "N/A",
    "Dự kiến tăng vốn lên": "N/A",
    "Giới thiệu công ty": "CTCP Pin Ắc quy Miền Nam (PINACO), trước đây là Công ty Pin Ắc quy miền Nam, được Tổng cục Hóa chất (nay là Tập đoàn Hóa chất Việt Nam) quyết định thành lập vào ngày 19/04/1976.25/05/1993, theo Nghị định 388 của Chính phủ về việc thành lập lại các doanh nghiệp Nhà nước, Bộ Công Nghiệp nặng (nay là Bộ Công Thương) ra quyết định số 304/QĐ/TCNSĐT thành lập lại Công ty Pin Ắc quy Miền Nam (PINACO) trực thuộc Tổng Công ty Hóa Chất Việt Nam."
}