{
    "Url": "http://s.cafef.vn/hose/PAN-cong-ty-co-phan-tap-doan-pan.chn",
    "CenterName": "HSX",
    "Symbol": "PAN",
    "TradeCenterID": 1,
    "ChangePrice": 2.1917808219178005,
    "VonHoa": 4145.7970875,
    "ChangeVolume": -5.985444824001188,
    "EPS": 1.42982135630568,
    "PE": 13.0435875207426,
    "Beta": 0.240929017815502,
    "Price": 18.65,
    "UpdatedDate": "/Date(1686037643765)/",
    "FullName": "Công ty Cổ phần Tập đoàn PAN",
    "ParentCategoryId": 338,
    "Cập nhật": "11:30 Thứ 4, 07/06/2023",
    "Mã công ty": "PAN",
    "Tên công ty": "Công ty Cổ phần Tập đoàn PAN (HOSE)",
    "Giá điểm": "18.95",
    "Thay đổi": "-0.1 (-0.52%)",
    "Khối lượng": "934,900",
    "Giá tham chiếu": "19.05",
    "Giá trần": "20.35",
    "Giá sàn": "17.75",
    "Giá mở cửa": "19.15",
    "Giá cao nhất": "N/A",
    "Giá thấp nhất": "18.95",
    "Giao dịch NĐTNN": "Giao dịch NĐTNN",
    "KLGD ròng": "19.15",
    "GT Mua": "0 (Tỷ)",
    "GT Bán": "2.64 (Tỷ)",
    "Room còn lại": "N/A",
    "(*)   EPS cơ bản (nghìn đồng):": "1.46",
    "EPS pha loãng (nghìn đồng):": "1.50",
    "P/E :": "12.98",
    "Giá trị sổ sách /cp (nghìn đồng):": "19.63",
    "(**) Hệ số beta:": "0.24",
    "KLGD khớp lệnh trung bình 10 phiên:": "1,843,190",
    "KLCP đang niêm yết:": "216,358,580",
    "KLCP đang lưu hành:": "222,294,750",
    "Vốn hóa thị trường (tỷ đồng):": "4,234.71",
    "Doanh thu": "15,156 tỷ",
    "Lợi nhuận trước thuế": "991 tỷ",
    "Lợi nhuận sau thuế": "840 tỷ",
    "Cổ tức bằng tiền mặt": "5 %",
    "Cổ tức bằng cổ phiếu": "N/A",
    "Dự kiến tăng vốn lên": "N/A",
    "Giới thiệu công ty": "Công ty thành lập năm 1998 với hoạt động kinh doanh chính là dịch vụ vệ sinh công nghiệp. Năm 2006, công ty niêm yết tại Sở GDCK Hà Nội (HNX) với mã PAN, sau đó chuyển sang niêm yết tại Sở GDCK TP. HCM (HSX) năm 2010. Từ 2013, công ty chuyển hướng đầu tư sang lĩnh vực nông nghiệp, thực phẩm và hiện đã trở thành Tập đoàn hàng đầu Việt Nam trong lĩnh vực này."
}