{
    "Url": "http://s.cafef.vn/hose/PC1-cong-ty-co-phan-tap-doan-pc1.chn",
    "CenterName": "HSX",
    "Symbol": "PC1",
    "TradeCenterID": 1,
    "ChangePrice": 1.7064846416382253,
    "VonHoa": 0,
    "ChangeVolume": -1.5516357004445458,
    "EPS": Infinity,
    "PE": 0,
    "Beta": 0,
    "Price": 29.8,
    "UpdatedDate": "/Date(1686037643765)/",
    "FullName": "Công ty Cổ phần Tập đoàn PC1",
    "ParentCategoryId": 345,
    "Cập nhật": "11:30 Thứ 4, 07/06/2023",
    "Mã công ty": "PC1",
    "Tên công ty": "Công ty Cổ phần Tập đoàn PC1 (HOSE)",
    "Giá điểm": "29.65",
    "Thay đổi": "0.05 (0.17%)",
    "Khối lượng": "808,600",
    "Giá tham chiếu": "29.6",
    "Giá trần": "31.65",
    "Giá sàn": "27.55",
    "Giá mở cửa": "29.95",
    "Giá cao nhất": "29.95",
    "Giá thấp nhất": "N/A",
    "Giao dịch NĐTNN": "Giao dịch NĐTNN",
    "KLGD ròng": "29.95",
    "GT Mua": "0 (Tỷ)",
    "GT Bán": "0 (Tỷ)",
    "Room còn lại": "N/A",
    "(*)   EPS cơ bản (nghìn đồng):": "n/a",
    "EPS pha loãng (nghìn đồng):": "n/a",
    "P/E :": "n/a",
    "Giá trị sổ sách /cp (nghìn đồng):": "n/a",
    "(**) Hệ số beta:": "n/a",
    "KLGD khớp lệnh trung bình 10 phiên:": "2,359,590",
    "KLCP đang niêm yết:": "n/a",
    "KLCP đang lưu hành:": "n/a",
    "Vốn hóa thị trường (tỷ đồng):": "n/a",
    "Doanh thu": "9,450 tỷ",
    "Lợi nhuận trước thuế": "N/A",
    "Lợi nhuận sau thuế": "511 tỷ",
    "Cổ tức bằng tiền mặt": "15 %",
    "Cổ tức bằng cổ phiếu": "N/A",
    "Dự kiến tăng vốn lên": "N/A",
    "Giới thiệu công ty": "Công ty cổ phần Tập đoàn PC1 được thành lập vào ngày 02/03/1963, trải qua gần 60 năm xây dựng và phát triển, từ nhiệm vụ trọng tâm ban đầu là xây lắp các công trình truyền tải điện quốc gia, Công ty cổ phần Tập đoàn PC1 hiện nay đã chứng tỏ năng lực của mình không chỉ trong lĩnh vực xây lắp điện mà còn mở rộng sang lĩnh vực SXCN, đầu tư năng lượng, đầu tư bất động sản, tư vấn và dịch vụ.\r\nCông ty liên tiếp nhiều năm nằm trong TOP 500 doanh nghiệp lớn nhất Việt Nam, TOP 500 doanh nghiệp có lợi nhuận tốt nhất Việt Nam, TOP 50 doanh nghiệp Việt Nam xuất sắc, TOP 50 doanh nghiệp niêm yết tốt nhất Việt Nam  với quy mô hơn 20 đơn vị thành viên và doanh thu trên 6.000 tỷ đồng."
}