{
    "Url": "http://s.cafef.vn/hose/PDN-cong-ty-co-phan-cang-dong-nai.chn",
    "CenterName": "HSX",
    "Symbol": "PDN",
    "TradeCenterID": 1,
    "ChangePrice": 5.263157894736846,
    "VonHoa": 2926.468732,
    "ChangeVolume": 150,
    "EPS": 12.6215162084493,
    "PE": 12.5183058350969,
    "Beta": 0.422721761029755,
    "Price": 158,
    "UpdatedDate": "/Date(1686037643765)/",
    "FullName": "Công ty Cổ phần Cảng Đồng Nai",
    "ParentCategoryId": 343,
    "Cập nhật": "11:30 Thứ 4, 07/06/2023",
    "Mã công ty": "PDN",
    "Tên công ty": "Công ty Cổ phần Cảng Đồng Nai (HOSE)",
    "Giá điểm": "168",
    "Thay đổi": "N/A",
    "Khối lượng": "0.0",
    "Giá tham chiếu": "168",
    "Giá trần": "179.7",
    "Giá sàn": "156.3",
    "Giá mở cửa": "N/A",
    "Giá cao nhất": "N/A",
    "Giá thấp nhất": "N/A",
    "Giao dịch NĐTNN": "Giao dịch NĐTNN",
    "KLGD ròng": "168",
    "GT Mua": "0 (Tỷ)",
    "GT Bán": "0 (Tỷ)",
    "Room còn lại": "N/A",
    "(*)   EPS cơ bản (nghìn đồng):": "12.82",
    "EPS pha loãng (nghìn đồng):": "12.82",
    "P/E :": "13.10",
    "Giá trị sổ sách /cp (nghìn đồng):": "44.48",
    "(**) Hệ số beta:": "0.42",
    "KLGD khớp lệnh trung bình 10 phiên:": "70",
    "KLCP đang niêm yết:": "18,521,954",
    "KLCP đang lưu hành:": "18,521,954",
    "Vốn hóa thị trường (tỷ đồng):": "3,111.69",
    "Doanh thu": "990 tỷ",
    "Lợi nhuận trước thuế": "270 tỷ",
    "Lợi nhuận sau thuế": "216 tỷ",
    "Cổ tức bằng tiền mặt": "N/A",
    "Cổ tức bằng cổ phiếu": "N/A",
    "Dự kiến tăng vốn lên": "N/A",
    "Giới thiệu công ty": "Năm 1989: theo quyết định số 714/QĐUBT ngày 06/06/1989 của Chủ tịch UBND tỉnh Đồng Nai về việc thành lập Cảng Đồng Nai II - Một đơn vị trực thuộc Sở GTVT Đồng Nai. Ngày 13/02/1990 đổi tên Cảng Đồng Nai II thành Cảng Đồng Nai theo Quyết định số 250/QDDUBT của UBND tỉnh Đồng Nai. Ngày 04/01/2006 Công ty Cổ phần Cảng Đồng Nai chính thức đi vào hoạt động theo GCN DKKD số 3600334112 so Sở KHĐT tỉnh ĐN cấp."
}