{
    "Url": "http://s.cafef.vn/hose/PDR-cong-ty-co-phan-phat-trien-bat-dong-san-phat-dat.chn",
    "CenterName": "HSX",
    "Symbol": "PDR",
    "TradeCenterID": 1,
    "ChangePrice": 1.3793103448275814,
    "VonHoa": 9873.1994193,
    "ChangeVolume": 68.39821575803592,
    "EPS": 0.969528858945833,
    "PE": 15.1620035487992,
    "Beta": 0.647047850013991,
    "Price": 14.7,
    "UpdatedDate": "/Date(1686037643765)/",
    "FullName": "Công ty cổ phần Phát triển Bất động sản Phát Đạt",
    "ParentCategoryId": 345,
    "Cập nhật": "11:30 Thứ 4, 07/06/2023",
    "Mã công ty": "PDR",
    "Tên công ty": "Công ty cổ phần Phát triển Bất động sản Phát Đạt (HOSE)",
    "Giá điểm": "15.9",
    "Thay đổi": "0.95 (6.35%)",
    "Khối lượng": "19,273,200",
    "Giá tham chiếu": "14.95",
    "Giá trần": "15.95",
    "Giá sàn": "13.95",
    "Giá mở cửa": "15.05",
    "Giá cao nhất": "15",
    "Giá thấp nhất": "N/A",
    "Giao dịch NĐTNN": "Giao dịch NĐTNN",
    "KLGD ròng": "15.95",
    "GT Mua": "4.13 (Tỷ)",
    "GT Bán": "8.2 (Tỷ)",
    "Room còn lại": "N/A",
    "(*)   EPS cơ bản (nghìn đồng):": "1.32",
    "EPS pha loãng (nghìn đồng):": "1.32",
    "P/E :": "12.03",
    "Giá trị sổ sách /cp (nghìn đồng):": "12.55",
    "(**) Hệ số beta:": "0.65",
    "KLGD khớp lệnh trung bình 10 phiên:": "10,112,810",
    "KLCP đang niêm yết:": "671,646,219",
    "KLCP đang lưu hành:": "671,646,219",
    "Vốn hóa thị trường (tỷ đồng):": "10,041.11",
    "Doanh thu": "10,700 tỷ",
    "Lợi nhuận trước thuế": "3,635 tỷ",
    "Lợi nhuận sau thuế": "2,908 tỷ",
    "Cổ tức bằng tiền mặt": "N/A",
    "Cổ tức bằng cổ phiếu": "N/A",
    "Dự kiến tăng vốn lên": "N/A",
    "Giới thiệu công ty": "Phát Đạt là một trong những chủ đầu tư bất động sản lớn uy tín hàng đầu tại Việt Nam, được thành lập từ năm 2004 và niêm yết trên sàn HOSE từ năm 2010 (Mã CK: PDR). Hiện tại, quỹ đất của công ty được trải dài ở nhiều địa phương như TP. HCM, Quảng Ngãi, Bình Định, Phú Quốc, Bình Dương, Bà Rịa – Vũng Tàu… Tiêu biểu trong số đó là chuỗi dự án khu căn hộ cao cấp mang thương hiệu The EverRich, The EverRich Infinity, Millenium tại thị trường trọng điểm TP. HCM và các dự án khu đô thị lớn như Phát Đạt Bàu Cả (Quảng Ngãi), khu đô thị du lịch sinh thái Nhơn Hội (Bình Định), Astral City (Bình Dương)..."
}