{
    "Url": "http://s.cafef.vn/hose/PET-tong-cong-ty-co-phan-dich-vu-tong-hop-dau-khi.chn",
    "CenterName": "HSX",
    "Symbol": "PET",
    "TradeCenterID": 1,
    "ChangePrice": 2.2988505747126355,
    "VonHoa": 2680.9365069,
    "ChangeVolume": 70.49848369977255,
    "EPS": 0.915488093681253,
    "PE": 29.1647703386694,
    "Beta": 1.458072940957,
    "Price": 26.7,
    "UpdatedDate": "/Date(1686037643765)/",
    "FullName": "Tổng Công ty Cổ phần Dịch vụ Tổng hợp Dầu khí",
    "ParentCategoryId": 346,
    "Cập nhật": "11:30 Thứ 4, 07/06/2023",
    "Mã công ty": "PET",
    "Tên công ty": "Tổng Công ty Cổ phần Dịch vụ Tổng hợp Dầu khí (HOSE)",
    "Giá điểm": "26.75",
    "Thay đổi": "0.05 (0.19%)",
    "Khối lượng": "237,900",
    "Giá tham chiếu": "26.7",
    "Giá trần": "28.55",
    "Giá sàn": "24.85",
    "Giá mở cửa": "26.8",
    "Giá cao nhất": "27",
    "Giá thấp nhất": "N/A",
    "Giao dịch NĐTNN": "Giao dịch NĐTNN",
    "KLGD ròng": "27",
    "GT Mua": "0 (Tỷ)",
    "GT Bán": "0.02 (Tỷ)",
    "Room còn lại": "N/A",
    "(*)   EPS cơ bản (nghìn đồng):": "1.01",
    "EPS pha loãng (nghìn đồng):": "1.12",
    "P/E :": "26.56",
    "Giá trị sổ sách /cp (nghìn đồng):": "20.66",
    "(**) Hệ số beta:": "1.46",
    "KLGD khớp lệnh trung bình 10 phiên:": "871,450",
    "KLCP đang niêm yết:": "90,450,124",
    "KLCP đang lưu hành:": "100,409,607",
    "Vốn hóa thị trường (tỷ đồng):": "2,680.94",
    "Doanh thu": "18,000 tỷ",
    "Lợi nhuận trước thuế": "300 tỷ",
    "Lợi nhuận sau thuế": "240 tỷ",
    "Cổ tức bằng tiền mặt": "10 %",
    "Cổ tức bằng cổ phiếu": "N/A",
    "Dự kiến tăng vốn lên": "N/A",
    "Giới thiệu công ty": "PETROSETCO được thành lập vào tháng 6/1996, hoạt động chủ yếu trong lĩnh vực dịch vụ sinh hoạt, đời sống và du lịch nhằm phục vụ các hoạt động dầu khí. Năm 2007 đánh dấu bước ngoặc quan trọng trong lịch sử phát triển của PETROSETCO khi công ty chính thức chuyển đổi thành công ty cổ phần với tên gọi Tổng công ty Cổ phần Dịch vụ Tổng hợp Dầu khí và niêm yết cổ phiếu trên Sàn giao dịch chứng khoán TP Hồ Chí Minh."
}