{
    "Url": "http://s.cafef.vn/hose/PGC-tong-cong-ty-gas-petrolimexctcp.chn",
    "CenterName": "HSX",
    "Symbol": "PGC",
    "TradeCenterID": 1,
    "ChangePrice": -1.2539184952978013,
    "VonHoa": 950.34373875,
    "ChangeVolume": -48.63297431648716,
    "EPS": 1.84462236829941,
    "PE": 8.53833297842971,
    "Beta": 0.408450704225352,
    "Price": 15.75,
    "UpdatedDate": "/Date(1686037643765)/",
    "FullName": "Tổng Công ty Gas Petrolimex-CTCP",
    "ParentCategoryId": 340,
    "Cập nhật": "11:30 Thứ 4, 07/06/2023",
    "Mã công ty": "PGC",
    "Tên công ty": "Tổng Công ty Gas Petrolimex-CTCP (HOSE)",
    "Giá điểm": "15.9",
    "Thay đổi": "0.1 (0.63%)",
    "Khối lượng": "4,400",
    "Giá tham chiếu": "15.8",
    "Giá trần": "16.9",
    "Giá sàn": "14.7",
    "Giá mở cửa": "15.9",
    "Giá cao nhất": "N/A",
    "Giá thấp nhất": "N/A",
    "Giao dịch NĐTNN": "Giao dịch NĐTNN",
    "KLGD ròng": "15.9",
    "GT Mua": "0 (Tỷ)",
    "GT Bán": "0.05 (Tỷ)",
    "Room còn lại": "N/A",
    "(*)   EPS cơ bản (nghìn đồng):": "1.98",
    "EPS pha loãng (nghìn đồng):": "1.98",
    "P/E :": "8.04",
    "Giá trị sổ sách /cp (nghìn đồng):": "13.90",
    "(**) Hệ số beta:": "0.41",
    "KLGD khớp lệnh trung bình 10 phiên:": "26,760",
    "KLCP đang niêm yết:": "60,342,638",
    "KLCP đang lưu hành:": "60,339,285",
    "Vốn hóa thị trường (tỷ đồng):": "953.36",
    "Doanh thu": "4,154 tỷ",
    "Lợi nhuận trước thuế": "168 tỷ",
    "Lợi nhuận sau thuế": "N/A",
    "Cổ tức bằng tiền mặt": "12 %",
    "Cổ tức bằng cổ phiếu": "N/A",
    "Dự kiến tăng vốn lên": "N/A",
    "Giới thiệu công ty": "TCT Gas Petrolimex – CTCP được Sở Kế Hoạch Đầu tư Thành phố Hà Nội cấp phép đổi tên trong giấychứng nhận đăng ký kinh doanh theo mô hình Tổng công ty từ 05.02.2013 có VĐL 502 tỷ đồng, là một trong các Tổng công ty mà Tập đoàn Xăng dầu Việt Nam (Petrolimex) giữ cổ phần chi phối trên cơ sở thực hiện Quyết định 828/QĐ-TTg ngày 31/5/2011 của TTCP, văn bản số 11490/BCT-TCCB ngày 27/11/2012 của Bộ Công Thương phê duyệt đề án cơ cấu lại Petrolimex và Nghị Quyết số 628/PLX-QĐ-HĐQT ngày 20.12.2012 của Petrolimex phê duyệt đề án cơ cấu lại để hình thành TCT Gas Petrolimex."
}