{
    "Url": "http://s.cafef.vn/hose/PGD-cong-ty-co-phan-phan-phoi-khi-thap-ap-dau-khi-viet-nam.chn",
    "CenterName": "HSX",
    "Symbol": "PGD",
    "TradeCenterID": 1,
    "ChangePrice": 1.0230179028132955,
    "VonHoa": 3554.923765,
    "ChangeVolume": -18.75,
    "EPS": 4.51850625199949,
    "PE": 8.74182701031359,
    "Beta": 0.324503311258278,
    "Price": 39.5,
    "UpdatedDate": "/Date(1686037643765)/",
    "FullName": "Công ty Cổ phần Phân phối Khí thấp áp Dầu khí Việt Nam",
    "ParentCategoryId": 340,
    "Cập nhật": "11:30 Thứ 4, 07/06/2023",
    "Mã công ty": "PGD",
    "Tên công ty": "Công ty Cổ phần Phân phối Khí thấp áp Dầu khí Việt Nam (HOSE)",
    "Giá điểm": "40.75",
    "Thay đổi": "N/A",
    "Khối lượng": "0.0",
    "Giá tham chiếu": "40.75",
    "Giá trần": "43.6",
    "Giá sàn": "37.9",
    "Giá mở cửa": "N/A",
    "Giá cao nhất": "N/A",
    "Giá thấp nhất": "N/A",
    "Giao dịch NĐTNN": "Giao dịch NĐTNN",
    "KLGD ròng": "40.75",
    "GT Mua": "0 (Tỷ)",
    "GT Bán": "0 (Tỷ)",
    "Room còn lại": "N/A",
    "(*)   EPS cơ bản (nghìn đồng):": "4.85",
    "EPS pha loãng (nghìn đồng):": "4.85",
    "P/E :": "8.40",
    "Giá trị sổ sách /cp (nghìn đồng):": "15.59",
    "(**) Hệ số beta:": "0.32",
    "KLGD khớp lệnh trung bình 10 phiên:": "9,540",
    "KLCP đang niêm yết:": "89,999,025",
    "KLCP đang lưu hành:": "89,998,070",
    "Vốn hóa thị trường (tỷ đồng):": "3,667.42",
    "Doanh thu": "9,606 tỷ",
    "Lợi nhuận trước thuế": "267 tỷ",
    "Lợi nhuận sau thuế": "213.6 tỷ",
    "Cổ tức bằng tiền mặt": "20 %",
    "Cổ tức bằng cổ phiếu": "N/A",
    "Dự kiến tăng vốn lên": "N/A",
    "Giới thiệu công ty": "Công ty Cổ phần Phân phối Khí Thấp áp Dầu khí Việt Nam (PV GAS D) tiền thân là Xí nghiệp kinh doanh khí Thấp áp Vũng Tàu được thành lập vào năm 2002 trực thuộc PV GAS. Ngày 12/4/2007, PV GAS D được thành lập theo Quyết định số 1109/QĐ-DKVN của Hội đồng quản trị Tập đoàn Dầu khí Việt Nam và hoạt động theo Giấy chứng nhận đăng ký kinh doanh số 0304998686 do Sở Kế hoạch và Đầu tư Thành phố Hồ Chí Minh cấp ngày 23/5/2007 với vốn điều lệ ban đầu là 330.000.000.000 đồng (Ba trăm ba mươi tỷ đồng)"
}