{
    "Url": "http://s.cafef.vn/hose/PGI-tong-cong-ty-co-phan-bao-hiem-petrolimex.chn",
    "CenterName": "HSX",
    "Symbol": "PGI",
    "TradeCenterID": 1,
    "ChangePrice": 2.9629629629629655,
    "VonHoa": 3082.9309288,
    "ChangeVolume": -100,
    "EPS": 0.893730211727668,
    "PE": 31.1055838050499,
    "Beta": 0.256599197836023,
    "Price": 27.8,
    "UpdatedDate": "/Date(1686037643765)/",
    "FullName": "Tổng Công ty cổ phần Bảo hiểm Petrolimex",
    "ParentCategoryId": 341,
    "Cập nhật": "11:30 Thứ 4, 07/06/2023",
    "Mã công ty": "PGI",
    "Tên công ty": "Tổng Công ty cổ phần Bảo hiểm Petrolimex (HOSE)",
    "Giá điểm": "26.8",
    "Thay đổi": "-1 (-3.6%)",
    "Khối lượng": "4,900",
    "Giá tham chiếu": "27.8",
    "Giá trần": "29.7",
    "Giá sàn": "25.9",
    "Giá mở cửa": "N/A",
    "Giá cao nhất": "N/A",
    "Giá thấp nhất": "26.2",
    "Giao dịch NĐTNN": "Giao dịch NĐTNN",
    "KLGD ròng": "26.8",
    "GT Mua": "0 (Tỷ)",
    "GT Bán": "0 (Tỷ)",
    "Room còn lại": "N/A",
    "(*)   EPS cơ bản (nghìn đồng):": "0.93",
    "EPS pha loãng (nghìn đồng):": "0.93",
    "P/E :": "28.70",
    "Giá trị sổ sách /cp (nghìn đồng):": "7.21",
    "(**) Hệ số beta:": "0.26",
    "KLGD khớp lệnh trung bình 10 phiên:": "1,610",
    "KLCP đang niêm yết:": "110,896,796",
    "KLCP đang lưu hành:": "110,896,796",
    "Vốn hóa thị trường (tỷ đồng):": "3,082.93",
    "Doanh thu": "4,837.9 tỷ",
    "Lợi nhuận trước thuế": "255.6 tỷ",
    "Lợi nhuận sau thuế": "N/A",
    "Cổ tức bằng tiền mặt": "12 %",
    "Cổ tức bằng cổ phiếu": "N/A",
    "Dự kiến tăng vốn lên": "N/A",
    "Giới thiệu công ty": "Ngày 15/06/1995: thành lập và chính thức đi vào hoạt động với VĐL ban đầu là 53 tỷ đồng với 54 chi nhánh trực thuộc. Năm 2000 doanh thu là 125 tỷ đồng với 12 chi nhánh. Năm 2009 tổng doanh thu đạt 1.605 tỷ đồng với quy mô 50 chi nhánh trực thuộc, 1 trung tâm cứu hộ, hơn 3000 đại lý trên toàn quốc. Ngày 29/07/2011: chính thức niêm yết cp trên sàn HSX"
}