{
    "Url": "http://s.cafef.vn/hose/PGV-tong-cong-ty-phat-dien-3-cong-ty-co-phan.chn",
    "CenterName": "HSX",
    "Symbol": "PGV",
    "TradeCenterID": 1,
    "ChangePrice": 4.132231404958678,
    "VonHoa": 28311.3947592,
    "ChangeVolume": -70.67901234567901,
    "EPS": 1.6827816694435,
    "PE": 14.9752047206063,
    "Beta": 0,
    "Price": 25.2,
    "UpdatedDate": "/Date(1686037643765)/",
    "FullName": "Tổng Công ty Phát điện 3 - Công ty cổ phần",
    "ParentCategoryId": 340,
    "Cập nhật": "11:30 Thứ 4, 07/06/2023",
    "Mã công ty": "PGV",
    "Tên công ty": "Tổng Công ty Phát điện 3 - Công ty cổ phần (HOSE)",
    "Giá điểm": "25.6",
    "Thay đổi": "0.3 (1.19%)",
    "Khối lượng": "23,300",
    "Giá tham chiếu": "25.3",
    "Giá trần": "27.05",
    "Giá sàn": "23.55",
    "Giá mở cửa": "26.45",
    "Giá cao nhất": "26.45",
    "Giá thấp nhất": "N/A",
    "Giao dịch NĐTNN": "Giao dịch NĐTNN",
    "KLGD ròng": "26.45",
    "GT Mua": "0 (Tỷ)",
    "GT Bán": "0 (Tỷ)",
    "Room còn lại": "N/A",
    "(*)   EPS cơ bản (nghìn đồng):": "1.74",
    "EPS pha loãng (nghìn đồng):": "1.74",
    "P/E :": "14.75",
    "Giá trị sổ sách /cp (nghìn đồng):": "15.12",
    "(**) Hệ số beta:": "n/a",
    "KLGD khớp lệnh trung bình 10 phiên:": "53,750",
    "KLCP đang niêm yết:": "1,123,468,046",
    "KLCP đang lưu hành:": "1,123,468,046",
    "Vốn hóa thị trường (tỷ đồng):": "28,423.74",
    "Công ty mẹ": "",
    "Tổng doanh thu": "45.417 tỷ đồng",
    "Lợi nhuận trước thuế": "2.218 tỷ đồng",
    "Lợi nhuận sau thuế": "1.827 tỷ đồng",
    "Cổ tức": "11%",
    "Giới thiệu công ty": "Tổng Công ty Phát điện 3 (EVNGENCO 3) được thành lập theo Quyết định số 3025/QĐ-BCT ngày 01/06/2012 của Bộ Công Thương trên cơ sở tổ chức sắp xếp lại Công ty TNHH một thành viên Nhiệt điện Phú Mỹ, các công ty phát điện hạch toán phụ thuộc, các ban quản lý dự án nguồn điện và tiếp nhận quyền đại diện chủ sở hữu vốn Nhà nước tại một số công ty phát điện thuộc Tập đoàn Điện lực Việt Nam đang hoạt động theo luật doanh nghiệp.\r\nEVNGENCO 3 cổ phần hóa theo Quyết định số 2100/QĐ-TTg ngày 27/12/2017 của Thủ tướng Chính phủ về việc phê duyệt Phương án cổ phần hóa Công ty mẹ - Tổng Công ty Phát điện 3 (trực thuộc Tập đoàn Điện lực Việt Nam). Tổng Công ty Phát điện 3 - CTCP hoạt động từ ngày 1/10/2018 với mã chứng khoán là PGV"
}