{
    "Url": "http://s.cafef.vn/hose/PHC-cong-ty-co-phan-xay-dung-phuc-hung-holdings.chn",
    "CenterName": "HSX",
    "Symbol": "PHC",
    "TradeCenterID": 1,
    "ChangePrice": 0,
    "VonHoa": 316.76406875,
    "ChangeVolume": 21.97140707298721,
    "EPS": 0.28232514821159,
    "PE": 22.1375957458664,
    "Beta": -0.116992375777758,
    "Price": 6.25,
    "UpdatedDate": "/Date(1686037643765)/",
    "FullName": "Công ty cổ phần Xây dựng Phục Hưng Holdings",
    "ParentCategoryId": 345,
    "Cập nhật": "11:30 Thứ 4, 07/06/2023",
    "Mã công ty": "PHC",
    "Tên công ty": "Công ty cổ phần Xây dựng Phục Hưng Holdings (HOSE)",
    "Giá điểm": "6.27",
    "Thay đổi": "-0.03 (-0.48%)",
    "Khối lượng": "29,200",
    "Giá tham chiếu": "6.3",
    "Giá trần": "6.74",
    "Giá sàn": "5.86",
    "Giá mở cửa": "6.33",
    "Giá cao nhất": "N/A",
    "Giá thấp nhất": "6.22",
    "Giao dịch NĐTNN": "Giao dịch NĐTNN",
    "KLGD ròng": "6.33",
    "GT Mua": "0 (Tỷ)",
    "GT Bán": "0 (Tỷ)",
    "Room còn lại": "N/A",
    "(*)   EPS cơ bản (nghìn đồng):": "0.31",
    "EPS pha loãng (nghìn đồng):": "0.31",
    "P/E :": "20.17",
    "Giá trị sổ sách /cp (nghìn đồng):": "12.68",
    "(**) Hệ số beta:": "-0.12",
    "KLGD khớp lệnh trung bình 10 phiên:": "110,300",
    "KLCP đang niêm yết:": "50,662,094",
    "KLCP đang lưu hành:": "50,682,251",
    "Vốn hóa thị trường (tỷ đồng):": "319.30",
    "Doanh thu": "2,000 tỷ",
    "Lợi nhuận trước thuế": "N/A",
    "Lợi nhuận sau thuế": "51 tỷ",
    "Cổ tức bằng tiền mặt": "N/A",
    "Cổ tức bằng cổ phiếu": "N/A",
    "Dự kiến tăng vốn lên": "N/A",
    "Giới thiệu công ty": "Công ty cổ phần Xây dựng Phục Hưng Holdings tiền thân là Công ty TNHH Xây dựng Phục Hưng được thành lập ngày 04/07/2001. Lĩnh vực kinh doanh: xây dựng dân dụng, công nghiệp, cơ sở hạ tầng; trang trí nội ngoại thất; buôn bán tư liệu sản xuất, tư liệu tiêu dùng; sản xuất buôn bán vật liệu xây dựng; đào tạo ngoại ngữ..."
}