{
    "Url": "http://s.cafef.vn/hose/PHR-cong-ty-co-phan-cao-su-phuoc-hoa.chn",
    "CenterName": "HSX",
    "Symbol": "PHR",
    "TradeCenterID": 1,
    "ChangePrice": 1.8558951965065535,
    "VonHoa": 6321.0375867,
    "ChangeVolume": 16.82140607454879,
    "EPS": 5.52478090664205,
    "PE": 8.44377375108505,
    "Beta": 0.337468519727637,
    "Price": 46.65,
    "UpdatedDate": "/Date(1686037643765)/",
    "FullName": "Công ty cổ phần Cao su Phước Hòa",
    "ParentCategoryId": 345,
    "Cập nhật": "11:30 Thứ 4, 07/06/2023",
    "Mã công ty": "PHR",
    "Tên công ty": "Công ty cổ phần Cao su Phước Hòa (HOSE)",
    "Giá điểm": "47",
    "Thay đổi": "N/A",
    "Khối lượng": "370,800",
    "Giá tham chiếu": "47",
    "Giá trần": "50.2",
    "Giá sàn": "43.75",
    "Giá mở cửa": "47.3",
    "Giá cao nhất": "47.7",
    "Giá thấp nhất": "46.9",
    "Giao dịch NĐTNN": "Giao dịch NĐTNN",
    "KLGD ròng": "47.7",
    "GT Mua": "0.42 (Tỷ)",
    "GT Bán": "0.05 (Tỷ)",
    "Room còn lại": "N/A",
    "(*)   EPS cơ bản (nghìn đồng):": "6.04",
    "EPS pha loãng (nghìn đồng):": "6.04",
    "P/E :": "7.78",
    "Giá trị sổ sách /cp (nghìn đồng):": "25.40",
    "(**) Hệ số beta:": "0.34",
    "KLGD khớp lệnh trung bình 10 phiên:": "857,610",
    "KLCP đang niêm yết:": "135,499,189",
    "KLCP đang lưu hành:": "135,499,198",
    "Vốn hóa thị trường (tỷ đồng):": "6,368.46",
    "Tổng doanh thu công ty mẹ": "2252.79 tỷ đồng",
    "Lợi nhuận trước thuế công ty mẹ": "898.84 tỷ đồng",
    "Giới thiệu công ty": "Tiền thân của Công ty là đồn điền cao su Phước Hòa, sau ngày Miền Nam hoàn toàn giải phóng, đổi tên thành Nông trường Cao su Quốc Doanh Phước Hòa.Năm 1982, Công ty Cao su Phước Hòa được Tổng cục Cao su Việt Nam thành lập và đến năm 1993, Công ty Cao su Phước Hòa được thành lập lại theo quyết định số 142NN/QĐ ngày 04/03/1993 của Bộ trưởng Bộ Nông nghiệp & Công nghiệp thực phẩm (nay là Bộ Nông nghiệp & Phát triển nông thôn), là doanh nghiệp nhà nước trực thuộc Tập đoàn Công nghiệp Cao su Việt Nam."
}