{
    "Url": "http://s.cafef.vn/hose/PIT-cong-ty-co-phan-xuat-nhap-khau-petrolimex.chn",
    "CenterName": "HSX",
    "Symbol": "PIT",
    "TradeCenterID": 1,
    "ChangePrice": 2.1739130434782727,
    "VonHoa": 66.7880575,
    "ChangeVolume": 216.05504587155963,
    "EPS": 0.0796580696171313,
    "PE": 59.0021829877386,
    "Beta": 0.213972577184964,
    "Price": 4.7,
    "UpdatedDate": "/Date(1686037643765)/",
    "FullName": "Công ty Cổ phần Xuất nhập khẩu Petrolimex",
    "ParentCategoryId": 346,
    "Cập nhật": "11:30 Thứ 4, 07/06/2023",
    "Mã công ty": "PIT",
    "Tên công ty": "Công ty Cổ phần Xuất nhập khẩu Petrolimex (HOSE)",
    "Giá điểm": "4.86",
    "Thay đổi": "0.06 (1.25%)",
    "Khối lượng": "3,000",
    "Giá tham chiếu": "4.8",
    "Giá trần": "5.13",
    "Giá sàn": "4.47",
    "Giá mở cửa": "4.9",
    "Giá cao nhất": "N/A",
    "Giá thấp nhất": "N/A",
    "Giao dịch NĐTNN": "Giao dịch NĐTNN",
    "KLGD ròng": "4.9",
    "GT Mua": "0 (Tỷ)",
    "GT Bán": "0 (Tỷ)",
    "Room còn lại": "N/A",
    "(*)   EPS cơ bản (nghìn đồng):": "0.10",
    "EPS pha loãng (nghìn đồng):": "0.09",
    "P/E :": "50.84",
    "Giá trị sổ sách /cp (nghìn đồng):": "8.41",
    "(**) Hệ số beta:": "0.21",
    "KLGD khớp lệnh trung bình 10 phiên:": "15,840",
    "KLCP đang niêm yết:": "15,199,345",
    "KLCP đang lưu hành:": "14,210,225",
    "Vốn hóa thị trường (tỷ đồng):": "68.21",
    "Doanh thu": "806 tỷ",
    "Lợi nhuận trước thuế": "3.4 tỷ",
    "Lợi nhuận sau thuế": "N/A",
    "Cổ tức bằng tiền mặt": "N/A",
    "Cổ tức bằng cổ phiếu": "N/A",
    "Dự kiến tăng vốn lên": "N/A",
    "Giới thiệu công ty": "Công ty Cổ phần Xuất nhập khẩu Petrolimex tiền thân là Công ty xuất nhập khẩu Petrolimex được thành lập từ năm 1999 theo Quyết định số 0806/1999/QĐ-BTM ngày 03 tháng 7 năm 1999 của Bộ Thương mại nay là Bộ Công Thương. Ngày 01 tháng 10 năm 2004, Công ty chính thức hoạt động theo mô hình công ty cổ phần. Ngày 24 tháng 01 năm 2008, cổ phiếu của Công ty chính thức niêm yết tại Sở Giao dịch Chứng khoán Thành phố Hồ Chí Minh"
}