{
    "Url": "http://s.cafef.vn/hose/PJT-cong-ty-co-phan-van-tai-xang-dau-duong-thuy-petrolimex.chn",
    "CenterName": "HSX",
    "Symbol": "PJT",
    "TradeCenterID": 1,
    "ChangePrice": 6.532663316582919,
    "VonHoa": 244.2316002,
    "ChangeVolume": -100,
    "EPS": 1.14519236396895,
    "PE": 9.25608686671909,
    "Beta": 0.317974069583061,
    "Price": 10.6,
    "UpdatedDate": "/Date(1686037643765)/",
    "FullName": "Công ty Cổ phần Vận tải Xăng dầu Đường thủy Petrolimex",
    "ParentCategoryId": 343,
    "Cập nhật": "11:30 Thứ 4, 07/06/2023",
    "Mã công ty": "PJT",
    "Tên công ty": "Công ty Cổ phần Vận tải Xăng dầu Đường thủy Petrolimex (HOSE)",
    "Giá điểm": "10.4",
    "Thay đổi": "N/A",
    "Khối lượng": "0.0",
    "Giá tham chiếu": "10.4",
    "Giá trần": "11.1",
    "Giá sàn": "9.68",
    "Giá mở cửa": "N/A",
    "Giá cao nhất": "N/A",
    "Giá thấp nhất": "N/A",
    "Giao dịch NĐTNN": "Giao dịch NĐTNN",
    "KLGD ròng": "10.4",
    "GT Mua": "0 (Tỷ)",
    "GT Bán": "0 (Tỷ)",
    "Room còn lại": "N/A",
    "(*)   EPS cơ bản (nghìn đồng):": "1.23",
    "EPS pha loãng (nghìn đồng):": "1.23",
    "P/E :": "8.45",
    "Giá trị sổ sách /cp (nghìn đồng):": "12.61",
    "(**) Hệ số beta:": "0.32",
    "KLGD khớp lệnh trung bình 10 phiên:": "3,890",
    "KLCP đang niêm yết:": "23,040,717",
    "KLCP đang lưu hành:": "23,040,717",
    "Vốn hóa thị trường (tỷ đồng):": "239.62",
    "Doanh thu": "757.01 tỷ",
    "Lợi nhuận trước thuế": "23 tỷ",
    "Lợi nhuận sau thuế": "18.4 tỷ",
    "Cổ tức bằng tiền mặt": "8 %",
    "Cổ tức bằng cổ phiếu": "N/A",
    "Dự kiến tăng vốn lên": "N/A",
    "Giới thiệu công ty": "PJTACO là doanh nghiệp thành viên của Tổng Công ty Xăng dầu Việt Nam. PJTACO được thành lập theo quyết định số 151/1999/QĐ –TTg, ngày 09-07-1999 của Thủ tướng Chính phủ. PJTACO chính thức hoạt động từ ngày 01-10-1999 với vốn điều lệ khi thành lập là 13,5 tỷ. Hiện nay vốn đều lệ của PJTACO là 84 tỷ đồng, trong đó vốn nhà nước chiếm 51,21%. PJTACO thực hiện niêm yết cổ phiếu trên Sở giao dịch Chứng khoán TP Hồ Chí Minh, phiên giao dịch đầu tiên vào ngày 28-12-2006"
}