{
    "Url": "http://s.cafef.vn/hose/PLP-cong-ty-co-phan-san-xuat-va-cong-nghe-nhua-pha-le.chn",
    "CenterName": "HSX",
    "Symbol": "PLP",
    "TradeCenterID": 1,
    "ChangePrice": 0.7532956685499066,
    "VonHoa": 374.49918145,
    "ChangeVolume": 21.46535807987562,
    "EPS": 0.206498719409688,
    "PE": 25.9081509817295,
    "Beta": 0,
    "Price": 5.35,
    "UpdatedDate": "/Date(1686037643765)/",
    "FullName": "Công ty Cổ phần Sản xuất và Công nghệ Nhựa Pha Lê",
    "ParentCategoryId": 344,
    "Cập nhật": "11:30 Thứ 4, 07/06/2023",
    "Mã công ty": "PLP",
    "Tên công ty": "Công ty Cổ phần Sản xuất và Công nghệ Nhựa Pha Lê (HOSE)",
    "Giá điểm": "6.12",
    "Thay đổi": "N/A",
    "Khối lượng": "155,800",
    "Giá tham chiếu": "5.72",
    "Giá trần": "6.12",
    "Giá sàn": "5.32",
    "Giá mở cửa": "N/A",
    "Giá cao nhất": "N/A",
    "Giá thấp nhất": "N/A",
    "Giao dịch NĐTNN": "Giao dịch NĐTNN",
    "KLGD ròng": "6.12",
    "GT Mua": "0 (Tỷ)",
    "GT Bán": "0 (Tỷ)",
    "Room còn lại": "N/A",
    "(*)   EPS cơ bản (nghìn đồng):": "0.24",
    "EPS pha loãng (nghìn đồng):": "0.24",
    "P/E :": "25.47",
    "Giá trị sổ sách /cp (nghìn đồng):": "12.60",
    "(**) Hệ số beta:": "n/a",
    "KLGD khớp lệnh trung bình 10 phiên:": "428,690",
    "KLCP đang niêm yết:": "70,000,000",
    "KLCP đang lưu hành:": "69,999,847",
    "Vốn hóa thị trường (tỷ đồng):": "400.40",
    "Doanh thu": "3,300 tỷ",
    "Lợi nhuận trước thuế": "80 tỷ",
    "Lợi nhuận sau thuế": "N/A",
    "Cổ tức bằng tiền mặt": "N/A",
    "Cổ tức bằng cổ phiếu": "N/A",
    "Dự kiến tăng vốn lên": "N/A",
    "Giới thiệu công ty": "Công ty CP Sản xuất & Công nghệ Nhựa Pha Lê ( tiền thân là Công ty CP Khoáng Sản Pha Lê) được thành lập vào năm 2008. Khởi đầu từ một nhà máy khai khoáng nhỏ, công ty đã phát triển thành một doanh nghiệp có tiếng với đầy đủ chức năng đặt trụ sở tại Hà Nội và có hai chi nhánh chiến lược tại thành phố cảng Hải Phòng và Nghệ An. Hiện tại Pha Lê đang sở hữu 5 mỏ khoáng sản – 2 mỏ đá Granite tại Ninh Thuận, 3 mỏ đá cẩm thạch trắng tại Nghệ An và đặc biệt là mỏ đá CaCO3 tại núi Thung Hung, Quỳ Hợp có diện tích trên 10 ha."
}