{
    "Url": "http://s.cafef.vn/hose/PLX-tap-doan-xang-dau-viet-nam.chn",
    "CenterName": "HSX",
    "Symbol": "PLX",
    "TradeCenterID": 1,
    "ChangePrice": 3.1662269129287677,
    "VonHoa": 52612.6563885,
    "ChangeVolume": -43.64665408944623,
    "EPS": 1.20516004134256,
    "PE": 32.443823773349,
    "Beta": 0,
    "Price": 39.1,
    "UpdatedDate": "/Date(1686037643765)/",
    "FullName": "Tập đoàn Xăng dầu Việt Nam",
    "ParentCategoryId": 340,
    "Cập nhật": "11:30 Thứ 4, 07/06/2023",
    "Mã công ty": "PLX",
    "Tên công ty": "Tập đoàn Xăng dầu Việt Nam (HOSE)",
    "Giá điểm": "38.5",
    "Thay đổi": "-0.4 (-1.03%)",
    "Khối lượng": "493,000",
    "Giá tham chiếu": "38.9",
    "Giá trần": "41.6",
    "Giá sàn": "36.2",
    "Giá mở cửa": "39",
    "Giá cao nhất": "39",
    "Giá thấp nhất": "38.5",
    "Giao dịch NĐTNN": "Giao dịch NĐTNN",
    "KLGD ròng": "39",
    "GT Mua": "0.16 (Tỷ)",
    "GT Bán": "2.06 (Tỷ)",
    "Room còn lại": "N/A",
    "(*)   EPS cơ bản (nghìn đồng):": "1.26",
    "EPS pha loãng (nghìn đồng):": "1.31",
    "P/E :": "30.65",
    "Giá trị sổ sách /cp (nghìn đồng):": "17.31",
    "(**) Hệ số beta:": "n/a",
    "KLGD khớp lệnh trung bình 10 phiên:": "778,350",
    "KLCP đang niêm yết:": "1,293,878,081",
    "KLCP đang lưu hành:": "1,345,592,235",
    "Vốn hóa thị trường (tỷ đồng):": "52,343.54",
    "Doanh thu": "135,200 tỷ",
    "Lợi nhuận trước thuế": "3,360 tỷ",
    "Lợi nhuận sau thuế": "N/A",
    "Cổ tức bằng tiền mặt": "12 %",
    "Cổ tức bằng cổ phiếu": "N/A",
    "Dự kiến tăng vốn lên": "N/A",
    "Giới thiệu công ty": "Tiền thân của Tập đoàn Xăng dầu Việt Nam là Tổng công ty Xăng dầu mỡ được thành lập theo Nghị định số 09/BTN ngày 12 tháng 01 năm 1956 của Bộ Thương nghiệp. Ngày truyền thống: 13 tháng 3 hàng năm."
}