{
    "Url": "http://s.cafef.vn/hose/PMG-cong-ty-co-phan-dau-tu-va-san-xuat-petro-mien-trung.chn",
    "CenterName": "HSX",
    "Symbol": "PMG",
    "TradeCenterID": 1,
    "ChangePrice": -7.623318385650221,
    "VonHoa": 477.2636737,
    "ChangeVolume": 46.06741573033708,
    "EPS": 0.154299061754534,
    "PE": 66.7534843237462,
    "Beta": 0,
    "Price": 10.3,
    "UpdatedDate": "/Date(1686037643765)/",
    "FullName": "Công ty Cổ phần Đầu tư và Sản xuất Petro Miền Trung",
    "ParentCategoryId": 340,
    "Cập nhật": "11:30 Thứ 4, 07/06/2023",
    "Mã công ty": "PMG",
    "Tên công ty": "Công ty Cổ phần Đầu tư và Sản xuất Petro Miền Trung (HOSE)",
    "Giá điểm": "10.3",
    "Thay đổi": "N/A",
    "Khối lượng": "0.0",
    "Giá tham chiếu": "10.3",
    "Giá trần": "11",
    "Giá sàn": "9.58",
    "Giá mở cửa": "N/A",
    "Giá cao nhất": "N/A",
    "Giá thấp nhất": "N/A",
    "Giao dịch NĐTNN": "Giao dịch NĐTNN",
    "KLGD ròng": "10.3",
    "GT Mua": "0 (Tỷ)",
    "GT Bán": "0 (Tỷ)",
    "Room còn lại": "N/A",
    "(*)   EPS cơ bản (nghìn đồng):": "0.17",
    "EPS pha loãng (nghìn đồng):": "0.18",
    "P/E :": "61.79",
    "Giá trị sổ sách /cp (nghìn đồng):": "7.90",
    "(**) Hệ số beta:": "n/a",
    "KLGD khớp lệnh trung bình 10 phiên:": "1,360",
    "KLCP đang niêm yết:": "42,162,031",
    "KLCP đang lưu hành:": "46,336,279",
    "Vốn hóa thị trường (tỷ đồng):": "477.26",
    "Doanh thu": "2,200 tỷ",
    "Lợi nhuận trước thuế": "15 tỷ",
    "Lợi nhuận sau thuế": "12 tỷ",
    "Cổ tức bằng tiền mặt": "N/A",
    "Cổ tức bằng cổ phiếu": "N/A",
    "Dự kiến tăng vốn lên": "N/A",
    "Giới thiệu công ty": "Công ty cổ phần Đầu tư và Sản xuất Petro Miền Trung được thành lập theo Giấy chứng nhận đăng ký kinh doanh số 4000462724 do Sở Kế hoạch và Đầu tư tỉnh Quảng Nam cấp lần đầu ngày 09/05/2007 với ngành nghề là kinh doanh chính là các sản phẩm khí, trong đó có khí dầu mỏ hóa lỏng LPG (Gas)."
}