{
    "Url": "http://s.cafef.vn/hose/PNC-cong-ty-co-phan-van-hoa-phuong-nam.chn",
    "CenterName": "HSX",
    "Symbol": "PNC",
    "TradeCenterID": 1,
    "ChangePrice": -8.411214953271015,
    "VonHoa": 105.8336398,
    "ChangeVolume": -100,
    "EPS": 1.19339489942558,
    "PE": 8.21186683864418,
    "Beta": 0.918104654416566,
    "Price": 9.8,
    "UpdatedDate": "/Date(1686037643765)/",
    "FullName": "Công ty Cổ phần Văn hóa Phương Nam ",
    "ParentCategoryId": 346,
    "Cập nhật": "11:30 Thứ 4, 07/06/2023",
    "Mã công ty": "PNC",
    "Tên công ty": "Công ty Cổ phần Văn hóa Phương Nam  (HOSE)",
    "Giá điểm": "9.99",
    "Thay đổi": "N/A",
    "Khối lượng": "0.0",
    "Giá tham chiếu": "9.99",
    "Giá trần": "10.65",
    "Giá sàn": "9.3",
    "Giá mở cửa": "N/A",
    "Giá cao nhất": "N/A",
    "Giá thấp nhất": "N/A",
    "Giao dịch NĐTNN": "Giao dịch NĐTNN",
    "KLGD ròng": "9.99",
    "GT Mua": "0 (Tỷ)",
    "GT Bán": "0 (Tỷ)",
    "Room còn lại": "N/A",
    "(*)   EPS cơ bản (nghìn đồng):": "1.26",
    "EPS pha loãng (nghìn đồng):": "1.23",
    "P/E :": "7.95",
    "Giá trị sổ sách /cp (nghìn đồng):": "15.70",
    "(**) Hệ số beta:": "0.92",
    "KLGD khớp lệnh trung bình 10 phiên:": "40",
    "KLCP đang niêm yết:": "11,040,241",
    "KLCP đang lưu hành:": "10,799,351",
    "Vốn hóa thị trường (tỷ đồng):": "107.89",
    "Doanh thu": "691.1 tỷ",
    "Lợi nhuận trước thuế": "10 tỷ",
    "Lợi nhuận sau thuế": "N/A",
    "Cổ tức bằng tiền mặt": "N/A",
    "Cổ tức bằng cổ phiếu": "N/A",
    "Dự kiến tăng vốn lên": "N/A",
    "Giới thiệu công ty": "Tháng 02.1982, công ty Văn hóa Dịch vụ Tổng hợp Quận 11 được thành lập, trực thuộc phòng VHTT Quận 11 chính là tiền thân của Công ty Cổ phần Văn hóa Phương Nam ngày nay.Tháng 08.1999, Công ty Phương Nam hoàn tất tiến trình cổ phần hóa, trở thành Công ty Cổ phần SXKD Vật phầm Văn hóa Phương Nam."
}