{
    "Url": "http://s.cafef.vn/hose/PNJ-cong-ty-co-phan-vang-bac-da-quy-phu-nhuan.chn",
    "CenterName": "HSX",
    "Symbol": "PNJ",
    "TradeCenterID": 1,
    "ChangePrice": 3.656821378340378,
    "VonHoa": 24179.1915453,
    "ChangeVolume": -1.096499940407612,
    "EPS": 5.55367709933578,
    "PE": 13.2704870452073,
    "Beta": 0.28868575692566,
    "Price": 73.7,
    "UpdatedDate": "/Date(1686037643765)/",
    "FullName": "Công ty Cổ phần Vàng bạc Đá quý Phú Nhuận",
    "ParentCategoryId": 346,
    "Cập nhật": "11:30 Thứ 4, 07/06/2023",
    "Mã công ty": "PNJ",
    "Tên công ty": "Công ty Cổ phần Vàng bạc Đá quý Phú Nhuận (HOSE)",
    "Giá điểm": "72",
    "Thay đổi": "-0.8 (-1.1%)",
    "Khối lượng": "346,500",
    "Giá tham chiếu": "72.8",
    "Giá trần": "77.8",
    "Giá sàn": "67.8",
    "Giá mở cửa": "N/A",
    "Giá cao nhất": "N/A",
    "Giá thấp nhất": "72",
    "Giao dịch NĐTNN": "Giao dịch NĐTNN",
    "KLGD ròng": "72.8",
    "GT Mua": "0 (Tỷ)",
    "GT Bán": "1.27 (Tỷ)",
    "Room còn lại": "N/A",
    "(*)   EPS cơ bản (nghìn đồng):": "5.59",
    "EPS pha loãng (nghìn đồng):": "5.59",
    "P/E :": "12.88",
    "Giá trị sổ sách /cp (nghìn đồng):": "33.81",
    "(**) Hệ số beta:": "0.29",
    "KLGD khớp lệnh trung bình 10 phiên:": "454,970",
    "KLCP đang niêm yết:": "328,245,428",
    "KLCP đang lưu hành:": "328,075,869",
    "Vốn hóa thị trường (tỷ đồng):": "23,883.92",
    "Doanh thu": "25,834.93 tỷ",
    "Lợi nhuận trước thuế": "1,640.4 tỷ",
    "Lợi nhuận sau thuế": "1,319.57 tỷ",
    "Cổ tức bằng tiền mặt": "20 %",
    "Cổ tức bằng cổ phiếu": "N/A",
    "Dự kiến tăng vốn lên": "N/A",
    "Giới thiệu công ty": "Công ty PNJ tiền thân là Cửa hàng Kinh doanh Vàng bạc Đá quý Quận Phú Nhuận, được thành lập vào ngày 28/04/1988, trực thuộc UBND Quận Phú Nhuận Loại hình công ty: Công ty cổ phần Người đại diện theo pháp luật: Bà Cao Thị Ngọc Dung – Chức danh  Chủ tịch HĐQT"
}