{
    "Url": "http://s.cafef.vn/hose/POM-cong-ty-co-phan-thep-pomina.chn",
    "CenterName": "HSX",
    "Symbol": "POM",
    "TradeCenterID": 1,
    "ChangePrice": 12.038834951456295,
    "VonHoa": 1607.19626042,
    "ChangeVolume": 40.811707111649206,
    "EPS": -4.4453023023585,
    "PE": -1.29799946269991,
    "Beta": 0.1329167055312,
    "Price": 5.77,
    "UpdatedDate": "/Date(1686037643765)/",
    "FullName": "Công ty Cổ phần Thép Pomina",
    "ParentCategoryId": 344,
    "Cập nhật": "11:30 Thứ 4, 07/06/2023",
    "Mã công ty": "POM",
    "Tên công ty": "Công ty Cổ phần Thép Pomina (HOSE)",
    "Giá điểm": "6.6",
    "Thay đổi": "N/A",
    "Khối lượng": "199,800",
    "Giá tham chiếu": "6.17",
    "Giá trần": "6.6",
    "Giá sàn": "5.74",
    "Giá mở cửa": "N/A",
    "Giá cao nhất": "N/A",
    "Giá thấp nhất": "N/A",
    "Giao dịch NĐTNN": "Giao dịch NĐTNN",
    "KLGD ròng": "6.6",
    "GT Mua": "0 (Tỷ)",
    "GT Bán": "0.01 (Tỷ)",
    "Room còn lại": "N/A",
    "(*)   EPS cơ bản (nghìn đồng):": "n/a",
    "EPS pha loãng (nghìn đồng):": "n/a",
    "P/E :": "n/a",
    "Giá trị sổ sách /cp (nghìn đồng):": "10.78",
    "(**) Hệ số beta:": "0.13",
    "KLGD khớp lệnh trung bình 10 phiên:": "283,190",
    "KLCP đang niêm yết:": "279,676,336",
    "KLCP đang lưu hành:": "278,543,546",
    "Vốn hóa thị trường (tỷ đồng):": "1,718.61",
    "Doanh thu": "15,000 tỷ",
    "Lợi nhuận trước thuế": "N/A",
    "Lợi nhuận sau thuế": "400 tỷ",
    "Cổ tức bằng tiền mặt": "10 %",
    "Cổ tức bằng cổ phiếu": "N/A",
    "Dự kiến tăng vốn lên": "N/A",
    "Giới thiệu công ty": "Tiền thân của Công ty TNHH Thép Pomina là Nhà máy Thép Pomina 1 do Công ty TNHH Thép Việt đầu tư xây dựng được thành lập vào ngày 17/08/1999 với vốn điều lệ là 42 tỷ đồng. Đến ngày 17/07/2008, công ty chuyển đổi thành Công ty Cổ phần Thép Pomina với số vốn điều lệ là 500 tỷ đồng. Ngày 07/04/2010 CTCP Thép Pomina chính thức niêm yết trên sàn Giao dịch Chứng khoán Thành phố Hồ Chí Minh với mã cổ phiếu là POM"
}