{
    "Url": "http://s.cafef.vn/hose/POW-tong-cong-ty-dien-luc-dau-khi-viet-nam-ctcp.chn",
    "CenterName": "HSX",
    "Symbol": "POW",
    "TradeCenterID": 1,
    "ChangePrice": 2.19780219780219,
    "VonHoa": 32669.10882,
    "ChangeVolume": -38.34925667095704,
    "EPS": 0.714843662992663,
    "PE": 19.5147564736028,
    "Beta": 0,
    "Price": 13.95,
    "UpdatedDate": "/Date(1686037643765)/",
    "FullName": "Tổng Công ty Điện lực Dầu khí Việt Nam - CTCP",
    "ParentCategoryId": 340,
    "Cập nhật": "11:30 Thứ 4, 07/06/2023",
    "Mã công ty": "POW",
    "Tên công ty": "Tổng Công ty Điện lực Dầu khí Việt Nam - CTCP (HOSE)",
    "Giá điểm": "13.8",
    "Thay đổi": "N/A",
    "Khối lượng": "4,491,700",
    "Giá tham chiếu": "13.8",
    "Giá trần": "14.75",
    "Giá sàn": "12.85",
    "Giá mở cửa": "13.9",
    "Giá cao nhất": "13.95",
    "Giá thấp nhất": "13.75",
    "Giao dịch NĐTNN": "Giao dịch NĐTNN",
    "KLGD ròng": "13.95",
    "GT Mua": "0.37 (Tỷ)",
    "GT Bán": "0.66 (Tỷ)",
    "Room còn lại": "N/A",
    "(*)   EPS cơ bản (nghìn đồng):": "0.73",
    "EPS pha loãng (nghìn đồng):": "0.73",
    "P/E :": "18.99",
    "Giá trị sổ sách /cp (nghìn đồng):": "12.67",
    "(**) Hệ số beta:": "n/a",
    "KLGD khớp lệnh trung bình 10 phiên:": "7,512,800",
    "KLCP đang niêm yết:": "2,341,871,600",
    "KLCP đang lưu hành:": "2,341,871,600",
    "Vốn hóa thị trường (tỷ đồng):": "32,317.83",
    "Doanh thu": "30,332 tỷ",
    "Lợi nhuận trước thuế": "1,277 tỷ",
    "Lợi nhuận sau thuế": "1,118 tỷ",
    "Cổ tức bằng tiền mặt": "N/A",
    "Cổ tức bằng cổ phiếu": "N/A",
    "Dự kiến tăng vốn lên": "N/A",
    "Giới thiệu công ty": "Tổng công ty Điện lực Dầu khí Việt Nam - CTCP có tiền thân là Công ty TNHH MTV do Tập đoàn Dầu khí Việt Nam đầu tư 100% vốn điều lệ, được thành lập theo Quyết định số 1468/QĐ-DKVN ngày 17/ 5/2007 của Hội đồng Quản trị Tập đoàn Dầu khí Việt Nam (nay là Hội đồng thành viên Tập đoàn Dầu khí Việt Nam), chính thức chuyển đổi mô hình hoạt động sang Công ty cổ phần từ 01/07/2018."
}