{
    "Url": "http://s.cafef.vn/hose/PPC-cong-ty-co-phan-nhiet-dien-pha-lai.chn",
    "CenterName": "HSX",
    "Symbol": "PPC",
    "TradeCenterID": 1,
    "ChangePrice": 6.148867313915853,
    "VonHoa": 5258.0540856,
    "ChangeVolume": -59.39675174013921,
    "EPS": 1.02949956252375,
    "PE": 15.9300699067773,
    "Beta": 1.05549855423934,
    "Price": 16.4,
    "UpdatedDate": "/Date(1686037643765)/",
    "FullName": "Công ty Cổ phần Nhiệt điện Phả Lại ",
    "ParentCategoryId": 340,
    "Cập nhật": "11:30 Thứ 4, 07/06/2023",
    "Mã công ty": "PPC",
    "Tên công ty": "Công ty Cổ phần Nhiệt điện Phả Lại  (HOSE)",
    "Giá điểm": "16.35",
    "Thay đổi": "-0.05 (-0.3%)",
    "Khối lượng": "270,300",
    "Giá tham chiếu": "16.4",
    "Giá trần": "17.5",
    "Giá sàn": "15.3",
    "Giá mở cửa": "16.5",
    "Giá cao nhất": "16.6",
    "Giá thấp nhất": "16.35",
    "Giao dịch NĐTNN": "Giao dịch NĐTNN",
    "KLGD ròng": "16.6",
    "GT Mua": "0 (Tỷ)",
    "GT Bán": "0.08 (Tỷ)",
    "Room còn lại": "N/A",
    "(*)   EPS cơ bản (nghìn đồng):": "1.06",
    "EPS pha loãng (nghìn đồng):": "1.04",
    "P/E :": "15.47",
    "Giá trị sổ sách /cp (nghìn đồng):": "15.56",
    "(**) Hệ số beta:": "1.06",
    "KLGD khớp lệnh trung bình 10 phiên:": "257,140",
    "KLCP đang niêm yết:": "326,235,000",
    "KLCP đang lưu hành:": "320,613,054",
    "Vốn hóa thị trường (tỷ đồng):": "5,258.05",
    "Doanh thu": "5,948.97 tỷ",
    "Lợi nhuận trước thuế": "266.61 tỷ",
    "Lợi nhuận sau thuế": "N/A",
    "Cổ tức bằng tiền mặt": "N/A",
    "Cổ tức bằng cổ phiếu": "N/A",
    "Dự kiến tăng vốn lên": "N/A",
    "Giới thiệu công ty": "Nhà máy Nhiệt điện Phả Lại (nay là CTCP Nhiệt điện Phả Lại) được thành lập theo Quyết định số 22 ĐL/TCCB của Bộ Điện lực vào ngày 26/04/1982, là đơn vị hạch toán phụ thuộc Công ty Điện lực I. Công ty Nhiệt điện Phả Lại chính thức chuyển đổi sang CTCP với tên mới là CTCP Nhiệt điện Phả Lại theo Giấy chứng nhận đăng ký kinh doanh Công ty cổ phần số 0403000380 do Sở Kế hoạch và Đầu tư tỉnh Hải Dương cấp ngày 26/01/2006. Ngày 15/5/2006, CTCP Nhiệt điện Phả Lại chính thức được cấp phép đăng ký giao dịch trên Trung tâm Giao dịch chứng khoán Hà Nội."
}