{
    "Url": "http://s.cafef.vn/hose/PSH-cong-ty-co-phan-thuong-mai-dau-tu-dau-khi-nam-song-hau.chn",
    "CenterName": "HSX",
    "Symbol": "PSH",
    "TradeCenterID": 1,
    "ChangePrice": -2.281368821292781,
    "VonHoa": 1621.281673,
    "ChangeVolume": -10.524808379476829,
    "EPS": -0.124108005371151,
    "PE": -103.538848775882,
    "Beta": 0,
    "Price": 12.85,
    "UpdatedDate": "/Date(1686037643765)/",
    "FullName": "Công ty cổ phần Thương mại Đầu tư Dầu khí Nam Sông Hậu",
    "ParentCategoryId": 340,
    "Cập nhật": "11:30 Thứ 4, 07/06/2023",
    "Mã công ty": "PSH",
    "Tên công ty": "Công ty cổ phần Thương mại Đầu tư Dầu khí Nam Sông Hậu (HOSE)",
    "Giá điểm": "13.6",
    "Thay đổi": "N/A",
    "Khối lượng": "688,000",
    "Giá tham chiếu": "12.75",
    "Giá trần": "13.6",
    "Giá sàn": "11.9",
    "Giá mở cửa": "N/A",
    "Giá cao nhất": "N/A",
    "Giá thấp nhất": "N/A",
    "Giao dịch NĐTNN": "Giao dịch NĐTNN",
    "KLGD ròng": "13.6",
    "GT Mua": "0 (Tỷ)",
    "GT Bán": "0 (Tỷ)",
    "Room còn lại": "N/A",
    "(*)   EPS cơ bản (nghìn đồng):": "n/a",
    "EPS pha loãng (nghìn đồng):": "n/a",
    "P/E :": "n/a",
    "Giá trị sổ sách /cp (nghìn đồng):": "11.36",
    "(**) Hệ số beta:": "n/a",
    "KLGD khớp lệnh trung bình 10 phiên:": "1,485,430",
    "KLCP đang niêm yết:": "126,196,780",
    "KLCP đang lưu hành:": "126,169,780",
    "Vốn hóa thị trường (tỷ đồng):": "1,608.66",
    "Doanh thu": "14,476 tỷ",
    "Lợi nhuận trước thuế": "N/A",
    "Lợi nhuận sau thuế": "348 tỷ",
    "Cổ tức bằng tiền mặt": "7.5 %",
    "Cổ tức bằng cổ phiếu": "N/A",
    "Dự kiến tăng vốn lên": "1,261.97 tỷ",
    "Giới thiệu công ty": "Công ty Cổ phần Thương mại Đầu tư Dầu khí Nam Sông Hậu được thành lập ngày 14/02/2012 với số vốn điều lệ ban đầu là 60 tỷ đồng theo giấy chứng nhận đăng ký kinh doanh số 6300177249 cấp lần đầu ngày 14/02/2012 bởi Sở Kế hoạch và Đầu tư tỉnh Hậu Giang. Công ty được cấp giấy phép Đầu tư xây dựng công trình kho cảng xăng dầu tại ẤpPhú Thạnh, thị trấn Mái Dầm, huyện Châu Thành, tỉnh Hậu Giang với sức chứa 50.000 m3"
}