{
    "Url": "http://s.cafef.vn/hose/PTB-cong-ty-co-phan-phu-tai.chn",
    "CenterName": "HSX",
    "Symbol": "PTB",
    "TradeCenterID": 1,
    "ChangePrice": 9.192825112107625,
    "VonHoa": 3313.4702261,
    "ChangeVolume": -32.487968420483426,
    "EPS": 5.75700620726065,
    "PE": 8.45925785846475,
    "Beta": 0.795821285327861,
    "Price": 48.7,
    "UpdatedDate": "/Date(1686037643765)/",
    "FullName": "Công ty Cổ phần Phú Tài",
    "ParentCategoryId": 346,
    "Cập nhật": "11:30 Thứ 4, 07/06/2023",
    "Mã công ty": "PTB",
    "Tên công ty": "Công ty Cổ phần Phú Tài (HOSE)",
    "Giá điểm": "48.75",
    "Thay đổi": "-0.25 (-0.51%)",
    "Khối lượng": "92,900",
    "Giá tham chiếu": "49",
    "Giá trần": "52.4",
    "Giá sàn": "45.6",
    "Giá mở cửa": "49.5",
    "Giá cao nhất": "49.6",
    "Giá thấp nhất": "48.6",
    "Giao dịch NĐTNN": "Giao dịch NĐTNN",
    "KLGD ròng": "49.6",
    "GT Mua": "0 (Tỷ)",
    "GT Bán": "0.45 (Tỷ)",
    "Room còn lại": "N/A",
    "(*)   EPS cơ bản (nghìn đồng):": "6.01",
    "EPS pha loãng (nghìn đồng):": "6.01",
    "P/E :": "8.11",
    "Giá trị sổ sách /cp (nghìn đồng):": "39.44",
    "(**) Hệ số beta:": "0.80",
    "KLGD khớp lệnh trung bình 10 phiên:": "277,810",
    "KLCP đang niêm yết:": "68,038,403",
    "KLCP đang lưu hành:": "68,038,403",
    "Vốn hóa thị trường (tỷ đồng):": "3,333.88",
    "Doanh thu": "7,000 tỷ",
    "Lợi nhuận trước thuế": "500 tỷ",
    "Lợi nhuận sau thuế": "400 tỷ",
    "Cổ tức bằng tiền mặt": "N/A",
    "Cổ tức bằng cổ phiếu": "N/A",
    "Dự kiến tăng vốn lên": "N/A",
    "Giới thiệu công ty": "Công ty cổ phần Phú Tài được chuyển đổi từ Công ty Phú Tài - Bộ Quốc phòng theo quyết định số 150/2004/QĐ-BQP ngày 10/11/2004 của Bộ trưởng Bộ Quốc phòng, chính thực đi vào hoạt động từ 01/01/2005 theo giấy chứng nhận đăng ký kinh doanh số 3503000054 ngày 30/12/2004 do sở kế hoạch và Đầu tư tỉnh Bình Định cấp. Công ty được chấp thuận niêm yết từ 20/05/2011 tại sở GD chứng khoán TP HCM"
}