{
    "Url": "http://s.cafef.vn/hose/PTC-cong-ty-co-phan-dau-tu-icapital.chn",
    "CenterName": "HSX",
    "Symbol": "PTC",
    "TradeCenterID": 1,
    "ChangePrice": 12.878787878787886,
    "VonHoa": 239.8275988,
    "ChangeVolume": -19.662439210451033,
    "EPS": -0.920107970229585,
    "PE": -8.09687584614779,
    "Beta": 0.142150918757579,
    "Price": 7.45,
    "UpdatedDate": "/Date(1686037643765)/",
    "FullName": "Công ty Cổ phần Đầu tư ICapital",
    "ParentCategoryId": 343,
    "Cập nhật": "11:30 Thứ 4, 07/06/2023",
    "Mã công ty": "PTC",
    "Tên công ty": "Công ty Cổ phần Đầu tư ICapital (HOSE)",
    "Giá điểm": "7.43",
    "Thay đổi": "-0.01 (-0.13%)",
    "Khối lượng": "26,300",
    "Giá tham chiếu": "7.44",
    "Giá trần": "7.96",
    "Giá sàn": "6.92",
    "Giá mở cửa": "7.6",
    "Giá cao nhất": "N/A",
    "Giá thấp nhất": "7.23",
    "Giao dịch NĐTNN": "Giao dịch NĐTNN",
    "KLGD ròng": "7.6",
    "GT Mua": "0 (Tỷ)",
    "GT Bán": "0.02 (Tỷ)",
    "Room còn lại": "N/A",
    "(*)   EPS cơ bản (nghìn đồng):": "n/a",
    "EPS pha loãng (nghìn đồng):": "n/a",
    "P/E :": "n/a",
    "Giá trị sổ sách /cp (nghìn đồng):": "11.25",
    "(**) Hệ số beta:": "0.14",
    "KLGD khớp lệnh trung bình 10 phiên:": "151,480",
    "KLCP đang niêm yết:": "32,307,324",
    "KLCP đang lưu hành:": "32,191,624",
    "Vốn hóa thị trường (tỷ đồng):": "239.51",
    "Doanh thu": "120 tỷ",
    "Lợi nhuận trước thuế": "22.54 tỷ",
    "Lợi nhuận sau thuế": "18.71 tỷ",
    "Cổ tức bằng tiền mặt": "N/A",
    "Cổ tức bằng cổ phiếu": "N/A",
    "Dự kiến tăng vốn lên": "N/A",
    "Giới thiệu công ty": "Năm 1976 Công ty Cổ phần Đầu tư và Xây dựng Bưu điện, tiền thân là Công ty Xây dựng nhà Bưu điện, được thành lập ngày 30/10/1976 theo Quyết định số 1348/TCCBLĐ của Tổng cục Bưu điện. Ngày 15/12/2004 Ngày 15/12/2004, Công ty Xây dựng bưu điện chính thức nhận Giấy chứng nhận đăng ký kinh doanh công ty cổ phần và đổi tên thành Công ty cổ phần Đầu tư và Xây dựng Bưu điện.15/12/2008: chính thức niêm yết trên HOSE"
}