{
    "Url": "http://s.cafef.vn/hose/PTL-cong-ty-co-phan-victory-capital.chn",
    "CenterName": "HSX",
    "Symbol": "PTL",
    "TradeCenterID": 1,
    "ChangePrice": 7.978723404255315,
    "VonHoa": 401.3922248,
    "ChangeVolume": -49.16286580356384,
    "EPS": -0.0489094654218294,
    "PE": -83.0105167779636,
    "Beta": 1.33075272829027,
    "Price": 4.06,
    "UpdatedDate": "/Date(1686037643765)/",
    "FullName": "Công ty Cổ phần Victory Capital",
    "ParentCategoryId": 345,
    "Cập nhật": "11:30 Thứ 4, 07/06/2023",
    "Mã công ty": "PTL",
    "Tên công ty": "Công ty Cổ phần Victory Capital (HOSE)",
    "Giá điểm": "4.26",
    "Thay đổi": "0.06 (1.43%)",
    "Khối lượng": "341,300",
    "Giá tham chiếu": "4.2",
    "Giá trần": "4.49",
    "Giá sàn": "3.91",
    "Giá mở cửa": "4.25",
    "Giá cao nhất": "4.39",
    "Giá thấp nhất": "4",
    "Giao dịch NĐTNN": "Giao dịch NĐTNN",
    "KLGD ròng": "4.39",
    "GT Mua": "0 (Tỷ)",
    "GT Bán": "0 (Tỷ)",
    "Room còn lại": "N/A",
    "(*)   EPS cơ bản (nghìn đồng):": "n/a",
    "EPS pha loãng (nghìn đồng):": "n/a",
    "P/E :": "n/a",
    "Giá trị sổ sách /cp (nghìn đồng):": "5.52",
    "(**) Hệ số beta:": "1.33",
    "KLGD khớp lệnh trung bình 10 phiên:": "493,530",
    "KLCP đang niêm yết:": "100,000,000",
    "KLCP đang lưu hành:": "98,865,080",
    "Vốn hóa thị trường (tỷ đồng):": "415.23",
    "Doanh thu": "579.08 tỷ",
    "Lợi nhuận trước thuế": "54.62 tỷ",
    "Lợi nhuận sau thuế": "N/A",
    "Cổ tức bằng tiền mặt": "N/A",
    "Cổ tức bằng cổ phiếu": "N/A",
    "Dự kiến tăng vốn lên": "2,000 tỷ",
    "Giới thiệu công ty": "CTCP Đầu tư Hạ tầng và Đô thị Dầu khí VICTORY CAPITAL được thành lập từ năm 2007 và chính thức lên sàn chứng khoán từ năm 2010. Đầu tháng 2/2022, VICTORY CAPITAL đã thông báo Nghị quyết về việc triển khai góp vốn 398,5 tỷ đồng để thành lập 5 công ty con nhằm phục vụ định hướng phát triển của doanh nghiệp. Kết thúc năm 2021, doanh thu thuần của VICTORY CAPITAL tăng 96% lên 98 tỷ đồng và lợi nhuận sau thuế đạt 30 tỷ đồng, gấp gần 12 lần năm 2020."
}