{
    "Url": "http://s.cafef.vn/hose/PVD-tong-cong-ty-co-phan-khoan-va-dich-vu-khoan-dau-khi.chn",
    "CenterName": "HSX",
    "Symbol": "PVD",
    "TradeCenterID": 1,
    "ChangePrice": 0.6237006237006177,
    "VonHoa": 13452.2961452,
    "ChangeVolume": -0.7681489492859278,
    "EPS": 0.0424194454522156,
    "PE": 570.493077927213,
    "Beta": 1.45872586512452,
    "Price": 24.2,
    "UpdatedDate": "/Date(1686037643765)/",
    "FullName": "Tổng Công ty Cổ phần Khoan và Dịch vụ Khoan Dầu khí",
    "ParentCategoryId": 340,
    "Cập nhật": "11:30 Thứ 4, 07/06/2023",
    "Mã công ty": "PVD",
    "Tên công ty": "Tổng Công ty Cổ phần Khoan và Dịch vụ Khoan Dầu khí (HOSE)",
    "Giá điểm": "24.15",
    "Thay đổi": "-0.05 (-0.21%)",
    "Khối lượng": "2,010,700",
    "Giá tham chiếu": "24.2",
    "Giá trần": "25.85",
    "Giá sàn": "22.55",
    "Giá mở cửa": "24.3",
    "Giá cao nhất": "24.5",
    "Giá thấp nhất": "24.1",
    "Giao dịch NĐTNN": "Giao dịch NĐTNN",
    "KLGD ròng": "24.5",
    "GT Mua": "0.21 (Tỷ)",
    "GT Bán": "0.39 (Tỷ)",
    "Room còn lại": "N/A",
    "(*)   EPS cơ bản (nghìn đồng):": "0.05",
    "EPS pha loãng (nghìn đồng):": "0.05",
    "P/E :": "517.56",
    "Giá trị sổ sách /cp (nghìn đồng):": "25.12",
    "(**) Hệ số beta:": "1.46",
    "KLGD khớp lệnh trung bình 10 phiên:": "5,457,090",
    "KLCP đang niêm yết:": "556,295,187",
    "KLCP đang lưu hành:": "555,880,006",
    "Vốn hóa thị trường (tỷ đồng):": "13,452.30",
    "Doanh thu": "5,400 tỷ",
    "Lợi nhuận trước thuế": "140 tỷ",
    "Lợi nhuận sau thuế": "100 tỷ",
    "Cổ tức bằng tiền mặt": "N/A",
    "Cổ tức bằng cổ phiếu": "N/A",
    "Dự kiến tăng vốn lên": "N/A",
    "Giới thiệu công ty": "Ngày 26/11/2001, Bộ trưởng, chủ nhiệm văn phòng Chính phủ ban hành quyết định số 647/QĐVPCP về việc thành lập Công ty Khoan và Dịch vụ Khoan Dầu khí, đơn vị thành viên của Tổng Công ty dầu khí Việt Nam.Công ty bắt đầu niêm yết với mã PVD ngày 05/12/2006 trên sàn giao dịch chứng khoán TP Hồ Chí Minh. Tổ chức tư vấn: công ty cổ phần chứng khoán Sài Gòn (SSI). Kiểm toán độc lập: công ty kiểm toán Việt Nam (Vaco)."
}