{
    "Url": "http://s.cafef.vn/hose/PVP-cong-ty-co-phan-van-tai-dau-khi-thai-binh-duong.chn",
    "CenterName": "HSX",
    "Symbol": "PVP",
    "TradeCenterID": 1,
    "ChangePrice": 3.422053231939158,
    "VonHoa": 1282.1403808,
    "ChangeVolume": -9.330840710397537,
    "EPS": 2.69564583015086,
    "PE": 5.04517316328566,
    "Beta": 0,
    "Price": 13.6,
    "UpdatedDate": "/Date(1686037643765)/",
    "FullName": "Công ty Cổ phần Vận tải dầu khí Thái Bình Dương",
    "ParentCategoryId": 340,
    "Cập nhật": "11:30 Thứ 4, 07/06/2023",
    "Mã công ty": "PVP",
    "Tên công ty": "Công ty Cổ phần Vận tải dầu khí Thái Bình Dương (HOSE)",
    "Giá điểm": "13.6",
    "Thay đổi": "-0.05 (-0.37%)",
    "Khối lượng": "36,700",
    "Giá tham chiếu": "13.65",
    "Giá trần": "14.6",
    "Giá sàn": "12.7",
    "Giá mở cửa": "N/A",
    "Giá cao nhất": "N/A",
    "Giá thấp nhất": "13.55",
    "Giao dịch NĐTNN": "Giao dịch NĐTNN",
    "KLGD ròng": "13.65",
    "GT Mua": "0 (Tỷ)",
    "GT Bán": "0 (Tỷ)",
    "Room còn lại": "N/A",
    "(*)   EPS cơ bản (nghìn đồng):": "2.91",
    "EPS pha loãng (nghìn đồng):": "2.91",
    "P/E :": "4.67",
    "Giá trị sổ sách /cp (nghìn đồng):": "17.42",
    "(**) Hệ số beta:": "n/a",
    "KLGD khớp lệnh trung bình 10 phiên:": "335,750",
    "KLCP đang niêm yết:": "94,275,028",
    "KLCP đang lưu hành:": "94,275,028",
    "Vốn hóa thị trường (tỷ đồng):": "1,286.85",
    "Doanh thu": "1,450 tỷ",
    "Lợi nhuận trước thuế": "200 tỷ",
    "Lợi nhuận sau thuế": "160 tỷ",
    "Cổ tức bằng tiền mặt": "N/A",
    "Cổ tức bằng cổ phiếu": "N/A",
    "Dự kiến tăng vốn lên": "N/A",
    "Giới thiệu công ty": "Công ty cổ phần Vận tải dầu khí Thái Bình Dương được thành lập ngày 28/01/2008 với VĐL ban đầu là 1.200.000.000 đồng.Tháng 10/2016 đánh dấu mốc thời gian quan trọng đối với Công ty, đóng góp cùng với Tổng công ty PVTrans đã thực hiện vận chuyển thành công 600 chuyến dầu thô an toàn hiệu quả cho Nhà máy lọc dầu Dung Quất, góp phần đảm bảo đầu vào cho nhà máy hoạt động liên tục và hiệu quả."
}