{
    "Url": "http://s.cafef.vn/hose/PVT-tong-cong-ty-co-phan-van-tai-dau-khi.chn",
    "CenterName": "HSX",
    "Symbol": "PVT",
    "TradeCenterID": 1,
    "ChangePrice": 1.6431924882629008,
    "VonHoa": 7007.0490862,
    "ChangeVolume": 3.2040794066317626,
    "EPS": 2.59569646895958,
    "PE": 8.34072868646227,
    "Beta": 1.43074340080216,
    "Price": 21.65,
    "UpdatedDate": "/Date(1686037643765)/",
    "FullName": "Tổng công ty Cổ phần Vận tải Dầu khí",
    "ParentCategoryId": 340,
    "Cập nhật": "11:30 Thứ 4, 07/06/2023",
    "Mã công ty": "PVT",
    "Tên công ty": "Tổng công ty Cổ phần Vận tải Dầu khí (HOSE)",
    "Giá điểm": "21.65",
    "Thay đổi": "N/A",
    "Khối lượng": "1,004,200",
    "Giá tham chiếu": "21.65",
    "Giá trần": "23.15",
    "Giá sàn": "20.15",
    "Giá mở cửa": "21.85",
    "Giá cao nhất": "N/A",
    "Giá thấp nhất": "21.55",
    "Giao dịch NĐTNN": "Giao dịch NĐTNN",
    "KLGD ròng": "21.85",
    "GT Mua": "0.05 (Tỷ)",
    "GT Bán": "1.12 (Tỷ)",
    "Room còn lại": "N/A",
    "(*)   EPS cơ bản (nghìn đồng):": "2.70",
    "EPS pha loãng (nghìn đồng):": "2.70",
    "P/E :": "8.03",
    "Giá trị sổ sách /cp (nghìn đồng):": "17.65",
    "(**) Hệ số beta:": "1.43",
    "KLGD khớp lệnh trung bình 10 phiên:": "3,429,010",
    "KLCP đang niêm yết:": "323,651,246",
    "KLCP đang lưu hành:": "323,651,228",
    "Vốn hóa thị trường (tỷ đồng):": "7,007.05",
    "Doanh thu": "6,800 tỷ",
    "Lợi nhuận trước thuế": "680 tỷ",
    "Lợi nhuận sau thuế": "538 tỷ",
    "Cổ tức bằng tiền mặt": "N/A",
    "Cổ tức bằng cổ phiếu": "N/A",
    "Dự kiến tăng vốn lên": "3,916.2 tỷ",
    "Giới thiệu công ty": "Tổng Công ty Cổ phần Vận tải Dầu khí tiền thân là Công ty Vận tải Dầu khí, doanh nghiệp Nhà nước, đơn vị thành viên của Tổng công ty Dầu khí Việt Nam (nay là Tập đoàn Dầu khí Quốc Gia Việt Nam), được thành lập vào ngày 27/05/2002 theo quyết định số 358/QĐ-VPCP của Bộ trưởng Chủ nhiệm Văn phòng Chính phủ. Chính thức chuyển đổi thành Tổng Công ty Cổ phần Vận tải Dầu khí kể từ ngày 23/07/2007."
}