{
    "Url": "http://s.cafef.vn/hose/QBS-cong-ty-co-phan-xuat-nhap-khau-quang-binh.chn",
    "CenterName": "HSX",
    "Symbol": "QBS",
    "TradeCenterID": 1,
    "ChangePrice": 0.9677419354838646,
    "VonHoa": 217.00267464,
    "ChangeVolume": -5.036954915003696,
    "EPS": -0.543473325277041,
    "PE": -5.75925230259361,
    "Beta": 1.38041846914452,
    "Price": 3.13,
    "UpdatedDate": "/Date(1686037643765)/",
    "FullName": "Công ty Cổ phần Xuất nhập khẩu Quảng Bình",
    "ParentCategoryId": 338,
    "Cập nhật": "11:30 Thứ 4, 07/06/2023",
    "Mã công ty": "QBS",
    "Tên công ty": "Công ty Cổ phần Xuất nhập khẩu Quảng Bình (HOSE)",
    "Giá điểm": "3.25",
    "Thay đổi": "0.15 (4.84%)",
    "Khối lượng": "1,781,000",
    "Giá tham chiếu": "3.1",
    "Giá trần": "3.31",
    "Giá sàn": "2.89",
    "Giá mở cửa": "3.13",
    "Giá cao nhất": "3.3",
    "Giá thấp nhất": "N/A",
    "Giao dịch NĐTNN": "Giao dịch NĐTNN",
    "KLGD ròng": "3.3",
    "GT Mua": "0 (Tỷ)",
    "GT Bán": "0 (Tỷ)",
    "Room còn lại": "N/A",
    "(*)   EPS cơ bản (nghìn đồng):": "n/a",
    "EPS pha loãng (nghìn đồng):": "n/a",
    "P/E :": "n/a",
    "Giá trị sổ sách /cp (nghìn đồng):": "8.97",
    "(**) Hệ số beta:": "1.38",
    "KLGD khớp lệnh trung bình 10 phiên:": "2,307,290",
    "KLCP đang niêm yết:": "69,329,928",
    "KLCP đang lưu hành:": "69,329,928",
    "Vốn hóa thị trường (tỷ đồng):": "214.92",
    "Doanh thu": "800 - 1,000 tỷ",
    "Lợi nhuận trước thuế": "10 tỷ",
    "Lợi nhuận sau thuế": "8 tỷ",
    "Cổ tức bằng tiền mặt": "N/A",
    "Cổ tức bằng cổ phiếu": "N/A",
    "Dự kiến tăng vốn lên": "N/A",
    "Giới thiệu công ty": "Công ty Cổ phần Xuất nhập khẩu Quảng Bình (CTCP XNK Quảng Bình) được thành lập đầu năm 2007 và có trụ sở tại số 23, lô 1, khu 97 Bạch Đằng, phường Hạ Lý, quận Hồng Bàng, thành phố Hải Phòng, mã số doanh nghiệp 0200730878, trên cơ sở tách ra từ Công ty cổ phần Hảo Mỳ - một công ty đã có trên 30 năm kinh nghiệm kinh doanh thương mại nội địa về phân bón, hóa chất và nông sản."
}