{
    "Url": "http://s.cafef.vn/hose/QCG-cong-ty-co-phan-quoc-cuong-gia-lai.chn",
    "CenterName": "HSX",
    "Symbol": "QCG",
    "TradeCenterID": 1,
    "ChangePrice": 30.75684380032205,
    "VonHoa": 2234.04862492,
    "ChangeVolume": 42.91851639696406,
    "EPS": 0.043560697708688,
    "PE": 186.406564337019,
    "Beta": 1.01212573453969,
    "Price": 8.12,
    "UpdatedDate": "/Date(1686037643765)/",
    "FullName": "Công ty Cổ phần Quốc Cường Gia Lai",
    "ParentCategoryId": 345,
    "Cập nhật": "11:30 Thứ 4, 07/06/2023",
    "Mã công ty": "QCG",
    "Tên công ty": "Công ty Cổ phần Quốc Cường Gia Lai (HOSE)",
    "Giá điểm": "8.81",
    "Thay đổi": "0.13 (1.5%)",
    "Khối lượng": "1,336,700",
    "Giá tham chiếu": "8.68",
    "Giá trần": "9.28",
    "Giá sàn": "8.08",
    "Giá mở cửa": "9.11",
    "Giá cao nhất": "9.15",
    "Giá thấp nhất": "N/A",
    "Giao dịch NĐTNN": "Giao dịch NĐTNN",
    "KLGD ròng": "9.15",
    "GT Mua": "0.02 (Tỷ)",
    "GT Bán": "0 (Tỷ)",
    "Room còn lại": "N/A",
    "(*)   EPS cơ bản (nghìn đồng):": "0.05",
    "EPS pha loãng (nghìn đồng):": "0.05",
    "P/E :": "189.30",
    "Giá trị sổ sách /cp (nghìn đồng):": "14.96",
    "(**) Hệ số beta:": "1.01",
    "KLGD khớp lệnh trung bình 10 phiên:": "686,870",
    "KLCP đang niêm yết:": "275,129,310",
    "KLCP đang lưu hành:": "275,129,141",
    "Vốn hóa thị trường (tỷ đồng):": "2,388.12",
    "Doanh thu": "1,200 tỷ",
    "Lợi nhuận trước thuế": "100 tỷ",
    "Lợi nhuận sau thuế": "N/A",
    "Cổ tức bằng tiền mặt": "N/A",
    "Cổ tức bằng cổ phiếu": "N/A",
    "Dự kiến tăng vốn lên": "N/A",
    "Giới thiệu công ty": "Công ty được bắt đầu thành lập năm 1994 với tên Xí nghiệp Tư doanh (XNTD) Quốc Cường với lĩnh vực kinh doanh chính là: khai thác chế biến gỗ xuất khẩu, mua bán và xuất khẩu hàng nông lâm sản và cà phê, xuất nhập khẩu phân bón với hơn 500 lao động. Ngày 21/03/2007, chính thức chuyển đổi thành CTCP Quốc Cường Gia Lai với vốn điều lệ là 259 tỷ đồng theo Giấy Chứng nhận Đăng ký Kinh doanh số 3903000116 do Sở Kế hoạch và Đầu tư tỉnh Gia Lai cấp."
}