{
    "Url": "http://s.cafef.vn/hose/RAL-cong-ty-co-phan-bong-den-phich-nuoc-rang-dong.chn",
    "CenterName": "HSX",
    "Symbol": "RAL",
    "TradeCenterID": 1,
    "ChangePrice": 0.28929604628736466,
    "VonHoa": 2386.531576,
    "ChangeVolume": -28.806734992679356,
    "EPS": 22.8922541231468,
    "PE": 4.54302138358859,
    "Beta": 0.552373845723347,
    "Price": 104,
    "UpdatedDate": "/Date(1686037643765)/",
    "FullName": "Công ty Cổ phần Bóng đèn Phích nước Rạng Đông",
    "ParentCategoryId": 339,
    "Cập nhật": "11:30 Thứ 4, 07/06/2023",
    "Mã công ty": "RAL",
    "Tên công ty": "Công ty Cổ phần Bóng đèn Phích nước Rạng Đông (HOSE)",
    "Giá điểm": "103.2",
    "Thay đổi": "-1.3 (-1.24%)",
    "Khối lượng": "8,600",
    "Giá tham chiếu": "104.5",
    "Giá trần": "111.8",
    "Giá sàn": "97.2",
    "Giá mở cửa": "N/A",
    "Giá cao nhất": "N/A",
    "Giá thấp nhất": "104.1",
    "Giao dịch NĐTNN": "Giao dịch NĐTNN",
    "KLGD ròng": "104.5",
    "GT Mua": "0.21 (Tỷ)",
    "GT Bán": "0.02 (Tỷ)",
    "Room còn lại": "N/A",
    "(*)   EPS cơ bản (nghìn đồng):": "23.55",
    "EPS pha loãng (nghìn đồng):": "23.55",
    "P/E :": "4.38",
    "Giá trị sổ sách /cp (nghìn đồng):": "105.14",
    "(**) Hệ số beta:": "0.55",
    "KLGD khớp lệnh trung bình 10 phiên:": "42,500",
    "KLCP đang niêm yết:": "22,947,419",
    "KLCP đang lưu hành:": "22,947,419",
    "Vốn hóa thị trường (tỷ đồng):": "2,398.01",
    "Doanh thu": "6,100 tỷ",
    "Lợi nhuận trước thuế": "366 tỷ",
    "Lợi nhuận sau thuế": "N/A",
    "Cổ tức bằng tiền mặt": "50 %",
    "Cổ tức bằng cổ phiếu": "N/A",
    "Dự kiến tăng vốn lên": "N/A",
    "Giới thiệu công ty": "Công ty Bóng đèn Phích nước Rạng Ðông được thành lập năm 1961 theo quyết định số 003BCNN/TC ngày 24/02/1961 của Bộ trưởng Bộ Công nghiệp nhẹ, với tên gọi ban đầu là Nhà máy Bóng đèn Phích nước Rạng Ðông và đến tháng 6/1994 được đổi tên thành Công ty Bóng đèn Phích nước Rạng Ðông. 30/3/2004 công ty Bóng đèn phích nước Rạng Đông chính thức chuyển thành CTCP vào tháng 7/2004 và đổi tên là CTCP Bóng đèn Phích nước Rạng Đông với VĐL là 79.15.000.000 đồng."
}