{
    "Url": "http://s.cafef.vn/hose/RDP-cong-ty-co-phan-rang-dong-holding.chn",
    "CenterName": "HSX",
    "Symbol": "RDP",
    "TradeCenterID": 1,
    "ChangePrice": 3.9024390243902327,
    "VonHoa": 313.55604117,
    "ChangeVolume": -1.7060876308646762,
    "EPS": 0.122034161404771,
    "PE": 52.3623871090099,
    "Beta": 0.0145508814476262,
    "Price": 6.39,
    "UpdatedDate": "/Date(1686037643765)/",
    "FullName": "Công ty Cổ phần Rạng Đông Holding",
    "ParentCategoryId": 344,
    "Cập nhật": "11:30 Thứ 4, 07/06/2023",
    "Mã công ty": "RDP",
    "Tên công ty": "Công ty Cổ phần Rạng Đông Holding (HOSE)",
    "Giá điểm": "6.37",
    "Thay đổi": "-0.02 (-0.31%)",
    "Khối lượng": "17,200",
    "Giá tham chiếu": "6.39",
    "Giá trần": "6.83",
    "Giá sàn": "5.95",
    "Giá mở cửa": "N/A",
    "Giá cao nhất": "N/A",
    "Giá thấp nhất": "6.2",
    "Giao dịch NĐTNN": "Giao dịch NĐTNN",
    "KLGD ròng": "6.39",
    "GT Mua": "0 (Tỷ)",
    "GT Bán": "0 (Tỷ)",
    "Room còn lại": "N/A",
    "(*)   EPS cơ bản (nghìn đồng):": "0.14",
    "EPS pha loãng (nghìn đồng):": "0.14",
    "P/E :": "45.00",
    "Giá trị sổ sách /cp (nghìn đồng):": "9.37",
    "(**) Hệ số beta:": "0.01",
    "KLGD khớp lệnh trung bình 10 phiên:": "29,850",
    "KLCP đang niêm yết:": "49,069,803",
    "KLCP đang lưu hành:": "49,069,803",
    "Vốn hóa thị trường (tỷ đồng):": "313.56",
    "Doanh thu": "2,777.61 tỷ",
    "Lợi nhuận trước thuế": "53.77 tỷ",
    "Lợi nhuận sau thuế": "35.3 tỷ",
    "Cổ tức bằng tiền mặt": "N/A",
    "Cổ tức bằng cổ phiếu": "N/A",
    "Dự kiến tăng vốn lên": "N/A",
    "Giới thiệu công ty": "Công ty được thành lập từ đầu thập niên 60 với tên là hãng UFEOC (Liên hiệp các xí nghiệp cao su Viễn Đông Pháp). Năm 1962 đổi tên thành UFIPLASTIC COMPANY. Sau ngày 30/4/1975 Cty UFIPLASTIC chuyển thành NHÀ MÁY NHỰA RẠNG ĐÔNG (tháng 11/1977), trực thuộc Cty Công nghệ phẩm – Bộ Công nghiệp nhẹ. Từ 1985 - 1995: Đổi tên thành CÔNG TY NHỰA RẠNG ĐÔNG. Ngày 02/5/2005: Công ty được cổ phần hoá, chính thức đi vào hoạt động với tên là CTCP Nhựa Rạng Đông. 22/09/2009: Công ty chính thức lên sàn giao dịch  chứng khoán TP.HCM"
}