{
    "Url": "http://s.cafef.vn/hose/REE-cong-ty-co-phan-co-dien-lanh.chn",
    "CenterName": "HSX",
    "Symbol": "REE",
    "TradeCenterID": 1,
    "ChangePrice": 2.124183006535943,
    "VonHoa": 25544.1465625,
    "ChangeVolume": -33.4320766844591,
    "EPS": 6.7089981029526,
    "PE": 9.3158470222989,
    "Beta": 0.821192052980132,
    "Price": 62.5,
    "UpdatedDate": "/Date(1686037643765)/",
    "FullName": "Công ty Cổ phần Cơ điện lạnh",
    "ParentCategoryId": 345,
    "Cập nhật": "11:30 Thứ 4, 07/06/2023",
    "Mã công ty": "REE",
    "Tên công ty": "Công ty Cổ phần Cơ điện lạnh (HOSE)",
    "Giá điểm": "62.5",
    "Thay đổi": "-0.6 (-0.95%)",
    "Khối lượng": "518,300",
    "Giá tham chiếu": "63.1",
    "Giá trần": "67.5",
    "Giá sàn": "58.7",
    "Giá mở cửa": "63.7",
    "Giá cao nhất": "N/A",
    "Giá thấp nhất": "62.4",
    "Giao dịch NĐTNN": "Giao dịch NĐTNN",
    "KLGD ròng": "63.7",
    "GT Mua": "0 (Tỷ)",
    "GT Bán": "0.11 (Tỷ)",
    "Room còn lại": "N/A",
    "(*)   EPS cơ bản (nghìn đồng):": "7.72",
    "EPS pha loãng (nghìn đồng):": "7.69",
    "P/E :": "8.10",
    "Giá trị sổ sách /cp (nghìn đồng):": "36.18",
    "(**) Hệ số beta:": "0.82",
    "KLGD khớp lệnh trung bình 10 phiên:": "657,980",
    "KLCP đang niêm yết:": "356,410,484",
    "KLCP đang lưu hành:": "408,706,345",
    "Vốn hóa thị trường (tỷ đồng):": "25,789.37",
    "Doanh thu": "10,962 tỷ",
    "Lợi nhuận trước thuế": "N/A",
    "Lợi nhuận sau thuế": "2,700 tỷ",
    "Cổ tức bằng tiền mặt": "N/A",
    "Cổ tức bằng cổ phiếu": "N/A",
    "Dự kiến tăng vốn lên": "N/A",
    "Giới thiệu công ty": "Công ty cổ phần Cơ Điện Lạnh được thành lập từ năm 1977, tên gọi ban đầu là Xí Nghiệp quốc doanh cơ điện lạnh thuộc sở hữu Nhà nước. Là doanh nghiệp đầu tiên tiến hành cổ phần hóa vào năm 1993. Công ty bắt đầu niêm yết với mã chứng khoán REE ngày 28/07/2000 trên sàn giao dịch chứng khoán TP Hồ Chí Minh. Tổ chức tư vấn: công ty cổ phần chứng khoán Sài Gòn (SSI). Kiểm toán độc lập: công ty TNHH Pricewaterhouse Coopers Việt Nam và công ty kiểm toán và tư vấn (A&C)."
}