{
    "Url": "http://s.cafef.vn/hose/S4A-cong-ty-co-phan-thuy-dien-se-san-4a.chn",
    "CenterName": "HSX",
    "Symbol": "S4A",
    "TradeCenterID": 1,
    "ChangePrice": -1.5714285714285632,
    "VonHoa": 1453.79,
    "ChangeVolume": -100,
    "EPS": 4.03675772406423,
    "PE": 8.53407669096266,
    "Beta": 0,
    "Price": 34.45,
    "UpdatedDate": "/Date(1686037643765)/",
    "FullName": "Công ty Cổ phần Thủy điện Sê San 4A",
    "ParentCategoryId": 340,
    "Cập nhật": "11:30 Thứ 4, 07/06/2023",
    "Mã công ty": "S4A",
    "Tên công ty": "Công ty Cổ phần Thủy điện Sê San 4A (HOSE)",
    "Giá điểm": "34.45",
    "Thay đổi": "N/A",
    "Khối lượng": "0.0",
    "Giá tham chiếu": "34.45",
    "Giá trần": "36.85",
    "Giá sàn": "32.05",
    "Giá mở cửa": "N/A",
    "Giá cao nhất": "N/A",
    "Giá thấp nhất": "N/A",
    "Giao dịch NĐTNN": "Giao dịch NĐTNN",
    "KLGD ròng": "34.45",
    "GT Mua": "0 (Tỷ)",
    "GT Bán": "0 (Tỷ)",
    "Room còn lại": "N/A",
    "(*)   EPS cơ bản (nghìn đồng):": "4.11",
    "EPS pha loãng (nghìn đồng):": "4.11",
    "P/E :": "8.39",
    "Giá trị sổ sách /cp (nghìn đồng):": "14.45",
    "(**) Hệ số beta:": "n/a",
    "KLGD khớp lệnh trung bình 10 phiên:": "360",
    "KLCP đang niêm yết:": "42,200,000",
    "KLCP đang lưu hành:": "42,200,000",
    "Vốn hóa thị trường (tỷ đồng):": "1,453.79",
    "Doanh thu": "295.63 tỷ",
    "Lợi nhuận trước thuế": "127.12 tỷ",
    "Lợi nhuận sau thuế": "114.41 tỷ",
    "Cổ tức bằng tiền mặt": "20 - 30 %",
    "Cổ tức bằng cổ phiếu": "N/A",
    "Dự kiến tăng vốn lên": "N/A",
    "Giới thiệu công ty": "Đăng ký doanh nghiệp số 5900413305 (số cũ 3903000124) do Sở Kế hoạch và Đầu tư tỉnh Gia Lai cấp lần đầu ngày 15/05/2007, đăng ký thay đổi lần thứ 1 ngày 16/12/2013.Công ty Cổ phần Thủy điện Sê San 4A trở thành công ty đại chúng từ ngày 14/02/2015 theo chấp thuận của UBCKNN tại Công văn số 838/UBCK-QLPH ngày 14/02/2015."
}