{
    "Url": "http://s.cafef.vn/hose/SAB-tong-ctcp-bia-ruou-nuoc-giai-khat-sai-gon.chn",
    "CenterName": "HSX",
    "Symbol": "SAB",
    "TradeCenterID": 1,
    "ChangePrice": 2.1794871794871833,
    "VonHoa": 102220.2210484,
    "ChangeVolume": 6.807511737089202,
    "EPS": 7.7880859583706,
    "PE": 20.46715981976,
    "Beta": 0,
    "Price": 159.4,
    "UpdatedDate": "/Date(1686037643765)/",
    "FullName": "Tổng CTCP Bia - Rượu - Nước giải khát Sài Gòn",
    "ParentCategoryId": 339,
    "Cập nhật": "11:30 Thứ 4, 07/06/2023",
    "Mã công ty": "SAB",
    "Tên công ty": "Tổng CTCP Bia - Rượu - Nước giải khát Sài Gòn (HOSE)",
    "Giá điểm": "159.8",
    "Thay đổi": "-0.2 (-0.12%)",
    "Khối lượng": "72,600",
    "Giá tham chiếu": "160",
    "Giá trần": "171.2",
    "Giá sàn": "148.8",
    "Giá mở cửa": "160.1",
    "Giá cao nhất": "160.3",
    "Giá thấp nhất": "159.6",
    "Giao dịch NĐTNN": "Giao dịch NĐTNN",
    "KLGD ròng": "160.3",
    "GT Mua": "0.96 (Tỷ)",
    "GT Bán": "4.28 (Tỷ)",
    "Room còn lại": "N/A",
    "(*)   EPS cơ bản (nghìn đồng):": "7.83",
    "EPS pha loãng (nghìn đồng):": "7.83",
    "P/E :": "20.41",
    "Giá trị sổ sách /cp (nghìn đồng):": "38.01",
    "(**) Hệ số beta:": "n/a",
    "KLGD khớp lệnh trung bình 10 phiên:": "118,390",
    "KLCP đang niêm yết:": "641,281,186",
    "KLCP đang lưu hành:": "641,281,186",
    "Vốn hóa thị trường (tỷ đồng):": "102,604.99",
    "Doanh thu": "10,272 tỷ",
    "Lợi nhuận trước thuế": "N/A",
    "Lợi nhuận sau thuế": "5,775 tỷ",
    "Cổ tức bằng tiền mặt": "N/A",
    "Cổ tức bằng cổ phiếu": "N/A",
    "Dự kiến tăng vốn lên": "N/A",
    "Giới thiệu công ty": "Tiền thân là nhà máy bia Chợ Lớn thuộc hãng bia B.G.I. Ngày 06/05/2003 Tổng công ty Bia Rượu NGK Sài Gòn SABECO được thành lập trên cơ sở Công ty Bia Sài Sòn và tiếp nhận các thành viên mới:Công ty Rượu Bình Tây; Công ty Nước giải khát Chương Dương; Nhà máy Thủy tinh Phú Thọ;Công ty Thương mại Dịch vụ Bia Rượu NGK Sài Gòn."
}