{
    "Url": "http://s.cafef.vn/hose/SAM-cong-ty-co-phan-sam-holdings.chn",
    "CenterName": "HSX",
    "Symbol": "SAM",
    "TradeCenterID": 1,
    "ChangePrice": 0.5689900426742537,
    "VonHoa": 2686.32406497,
    "ChangeVolume": 38.112753497368885,
    "EPS": 0.0201072937173658,
    "PE": 351.613702936759,
    "Beta": 1.01641637906912,
    "Price": 7.07,
    "UpdatedDate": "/Date(1686037643765)/",
    "FullName": "Công ty Cổ phần SAM Holdings",
    "ParentCategoryId": 345,
    "Cập nhật": "11:30 Thứ 4, 07/06/2023",
    "Mã công ty": "SAM",
    "Tên công ty": "Công ty Cổ phần SAM Holdings (HOSE)",
    "Giá điểm": "7.14",
    "Thay đổi": "0.03 (0.42%)",
    "Khối lượng": "1,329,300",
    "Giá tham chiếu": "7.11",
    "Giá trần": "7.6",
    "Giá sàn": "6.62",
    "Giá mở cửa": "7.17",
    "Giá cao nhất": "7.25",
    "Giá thấp nhất": "N/A",
    "Giao dịch NĐTNN": "Giao dịch NĐTNN",
    "KLGD ròng": "7.25",
    "GT Mua": "0.3 (Tỷ)",
    "GT Bán": "0.01 (Tỷ)",
    "Room còn lại": "N/A",
    "(*)   EPS cơ bản (nghìn đồng):": "0.02",
    "EPS pha loãng (nghìn đồng):": "0.02",
    "P/E :": "341.42",
    "Giá trị sổ sách /cp (nghìn đồng):": "10.88",
    "(**) Hệ số beta:": "1.02",
    "KLGD khớp lệnh trung bình 10 phiên:": "2,111,990",
    "KLCP đang niêm yết:": "379,960,971",
    "KLCP đang lưu hành:": "379,960,971",
    "Vốn hóa thị trường (tỷ đồng):": "2,701.52",
    "Doanh thu": "2,406.97 tỷ",
    "Lợi nhuận trước thuế": "90.04 tỷ",
    "Lợi nhuận sau thuế": "N/A",
    "Cổ tức bằng tiền mặt": "3 %",
    "Cổ tức bằng cổ phiếu": "N/A",
    "Dự kiến tăng vốn lên": "N/A",
    "Giới thiệu công ty": "Năm 1986 Thành lập Nhà máy vật liệu Bưu điện II theo quyết định số 28/QĐ/TCCB của Tổng cục Bưu điện, là tiền thân của Công ty cổ phần cáp và vật liệu Viễn thông. Năm 1998 Cổ phần hóa Nhà máy Cáp và Vật liệu Viễn thông thành Công ty cổ phần Cáp và Vật liệu Viễn thông (SACOM) theo quyết định số 75/1998/QĐ-TCCB do Tổng Cục trưởng Tổng Cục Bưu điện ký. Năm 2000 là 01 trong 02 Công ty đầu tiên được niêm yết trên Thị trường Chứng khoán Việt Nam, mã chứng khoán là SAM."
}