{
    "Url": "http://s.cafef.vn/hose/SAV-cong-ty-co-phan-hop-tac-kinh-te-va-xuat-nhap-khau-savimex.chn",
    "CenterName": "HSX",
    "Symbol": "SAV",
    "TradeCenterID": 1,
    "ChangePrice": 13.398692810457522,
    "VonHoa": 311.73447675,
    "ChangeVolume": -97.58599879299939,
    "EPS": 2.58906533808025,
    "PE": 6.70126000484204,
    "Beta": 0.00289152131331033,
    "Price": 17.35,
    "UpdatedDate": "/Date(1686037643765)/",
    "FullName": "Công ty Cổ phần Hợp tác kinh tế và Xuất nhập khẩu SAVIMEX",
    "ParentCategoryId": 339,
    "Cập nhật": "11:30 Thứ 4, 07/06/2023",
    "Mã công ty": "SAV",
    "Tên công ty": "Công ty Cổ phần Hợp tác kinh tế và Xuất nhập khẩu SAVIMEX (HOSE)",
    "Giá điểm": "17.2",
    "Thay đổi": "-0.15 (-0.86%)",
    "Khối lượng": "8,500",
    "Giá tham chiếu": "17.35",
    "Giá trần": "18.55",
    "Giá sàn": "16.15",
    "Giá mở cửa": "17.7",
    "Giá cao nhất": "N/A",
    "Giá thấp nhất": "17.3",
    "Giao dịch NĐTNN": "Giao dịch NĐTNN",
    "KLGD ròng": "17.7",
    "GT Mua": "0 (Tỷ)",
    "GT Bán": "0 (Tỷ)",
    "Room còn lại": "N/A",
    "(*)   EPS cơ bản (nghìn đồng):": "3.04",
    "EPS pha loãng (nghìn đồng):": "3.41",
    "P/E :": "5.66",
    "Giá trị sổ sách /cp (nghìn đồng):": "19.95",
    "(**) Hệ số beta:": "0.00",
    "KLGD khớp lệnh trung bình 10 phiên:": "23,340",
    "KLCP đang niêm yết:": "16,019,967",
    "KLCP đang lưu hành:": "17,967,405",
    "Vốn hóa thị trường (tỷ đồng):": "311.73",
    "Doanh thu": "980 tỷ",
    "Lợi nhuận trước thuế": "58 tỷ",
    "Lợi nhuận sau thuế": "N/A",
    "Cổ tức bằng tiền mặt": "N/A",
    "Cổ tức bằng cổ phiếu": "N/A",
    "Dự kiến tăng vốn lên": "N/A",
    "Giới thiệu công ty": "Công ty cổ phần Hợp tác Kinh tế và Xuất nhập khẩu Savimex tiền thân là một doanh nghiệp Nhà nước, ra đời theo quyết định số 139/QĐUB của Uỷ Ban Nhân Dân Thành phố Hồ Chí Minh ngày 29/08/1985; là một đơn vị hoạt động xuất nhập khẩu, có tư cách pháp nhân đầy đủ, hạch toán độc lập, trực thuộc Tổng công ty XNK Tổng hợp và Đầu tư (IMEXCO)."
}