{
    "Url": "http://s.cafef.vn/hose/SBA-cong-ty-co-phan-song-ba.chn",
    "CenterName": "HSX",
    "Symbol": "SBA",
    "TradeCenterID": 1,
    "ChangePrice": 1.7999999999999972,
    "VonHoa": 1539.42624245,
    "ChangeVolume": -71.60356347438753,
    "EPS": 3.97347069452001,
    "PE": 6.40497991720418,
    "Beta": 0.365917358455368,
    "Price": 25.45,
    "UpdatedDate": "/Date(1686037643765)/",
    "FullName": "Công ty Cổ phần Sông Ba",
    "ParentCategoryId": 340,
    "Cập nhật": "11:30 Thứ 4, 07/06/2023",
    "Mã công ty": "SBA",
    "Tên công ty": "Công ty Cổ phần Sông Ba (HOSE)",
    "Giá điểm": "25.25",
    "Thay đổi": "-0.05 (-0.2%)",
    "Khối lượng": "3,200",
    "Giá tham chiếu": "25.3",
    "Giá trần": "27.05",
    "Giá sàn": "23.55",
    "Giá mở cửa": "25.35",
    "Giá cao nhất": "N/A",
    "Giá thấp nhất": "25.25",
    "Giao dịch NĐTNN": "Giao dịch NĐTNN",
    "KLGD ròng": "25.35",
    "GT Mua": "0 (Tỷ)",
    "GT Bán": "0.03 (Tỷ)",
    "Room còn lại": "N/A",
    "(*)   EPS cơ bản (nghìn đồng):": "4.15",
    "EPS pha loãng (nghìn đồng):": "4.15",
    "P/E :": "6.08",
    "Giá trị sổ sách /cp (nghìn đồng):": "14.98",
    "(**) Hệ số beta:": "0.37",
    "KLGD khớp lệnh trung bình 10 phiên:": "16,960",
    "KLCP đang niêm yết:": "60,488,261",
    "KLCP đang lưu hành:": "60,488,261",
    "Vốn hóa thị trường (tỷ đồng):": "1,530.35",
    "Doanh thu": "279.16 tỷ",
    "Lợi nhuận trước thuế": "129.1 tỷ",
    "Lợi nhuận sau thuế": "115.61 tỷ",
    "Cổ tức bằng tiền mặt": "N/A",
    "Cổ tức bằng cổ phiếu": "N/A",
    "Dự kiến tăng vốn lên": "N/A",
    "Giới thiệu công ty": "Tiền thân Công ty Cổ phần Sông Ba là Công ty TNHH Đầu tư và Phát triển Điện Sông Ba được thành lập ngày 02/01/2003 với vốn điều lệ là 10 tỷ đồng.  Ngày 01/08/2007 là ngày bắt đầu cho năm tài chính đầu tiên dưới hình thức Công ty cổ phần. Cổ đông sáng lập là Công ty Điện lực 3 (nay là Tổng Công ty Điện lực miền Trung).Ngày 01/06/2010, 45.000.000 cổ phiếu của Công ty Cổ phần Sông Ba đã chính thức niêm yết tại SGDCK HCM với mã chứng khoán: SBA"
}