{
    "Url": "http://s.cafef.vn/hose/SBT-cong-ty-co-phan-thanh-thanh-cong-bien-hoa.chn",
    "CenterName": "HSX",
    "Symbol": "SBT",
    "TradeCenterID": 1,
    "ChangePrice": 1.2158054711246158,
    "VonHoa": 0,
    "ChangeVolume": -13.726998169958122,
    "EPS": Infinity,
    "PE": 0,
    "Beta": 0.302210614681466,
    "Price": 16.65,
    "UpdatedDate": "/Date(1686037643765)/",
    "FullName": "Công ty cổ phần Thành Thành Công - Biên Hòa",
    "ParentCategoryId": 338,
    "Cập nhật": "11:30 Thứ 4, 07/06/2023",
    "Mã công ty": "SBT",
    "Tên công ty": "Công ty cổ phần Thành Thành Công - Biên Hòa (HOSE)",
    "Giá điểm": "16.75",
    "Thay đổi": "0.05 (0.3%)",
    "Khối lượng": "2,405,300",
    "Giá tham chiếu": "16.7",
    "Giá trần": "17.85",
    "Giá sàn": "15.55",
    "Giá mở cửa": "16.8",
    "Giá cao nhất": "16.85",
    "Giá thấp nhất": "16.65",
    "Giao dịch NĐTNN": "Giao dịch NĐTNN",
    "KLGD ròng": "16.85",
    "GT Mua": "0.51 (Tỷ)",
    "GT Bán": "0 (Tỷ)",
    "Room còn lại": "N/A",
    "(*)   EPS cơ bản (nghìn đồng):": "n/a",
    "EPS pha loãng (nghìn đồng):": "n/a",
    "P/E :": "n/a",
    "Giá trị sổ sách /cp (nghìn đồng):": "n/a",
    "(**) Hệ số beta:": "0.30",
    "KLGD khớp lệnh trung bình 10 phiên:": "3,033,760",
    "KLCP đang niêm yết:": "n/a",
    "KLCP đang lưu hành:": "n/a",
    "Vốn hóa thị trường (tỷ đồng):": "n/a",
    "Doanh thu": "14,358 tỷ",
    "Lợi nhuận trước thuế": "662 tỷ",
    "Lợi nhuận sau thuế": "N/A",
    "Cổ tức bằng tiền mặt": "6 - 8 %",
    "Cổ tức bằng cổ phiếu": "N/A",
    "Dự kiến tăng vốn lên": "N/A",
    "Giới thiệu công ty": "Công ty Cổ phần Thành Thành Công – Biên Hoà tiền thân là Công ty Liên doanh giữa Tập đoàn Group Bourbon, Liên hiệp Mía Đường II và Liên Hiệp Mía Đường Tây Ninh, được thành lập theo Giấy phép Đầu tư số 1316/GP ngày 15/7/1995 do Bộ Kế Hoạch & Đầu Tư cấp. Tổng số vốn đầu tư ban đầu của Công ty là 95 triệu USD và vốn pháp định đăng ký là 28,5 triệu USD. Trong đó GB sở hữu 70% vốn điều lệ, LHMĐII sở hữu 15% và LHMĐTN sở hữu 15%."
}