{
    "Url": "http://s.cafef.vn/hose/SBV-ctcp-siam-brothers-viet-nam.chn",
    "CenterName": "HSX",
    "Symbol": "SBV",
    "TradeCenterID": 1,
    "ChangePrice": 0.48309178743962045,
    "VonHoa": 284.7933504,
    "ChangeVolume": -11.579892280071814,
    "EPS": -0.0706776624892163,
    "PE": -147.146915074997,
    "Beta": 0,
    "Price": 10.4,
    "UpdatedDate": "/Date(1686037643765)/",
    "FullName": "CTCP Siam Brothers Việt Nam",
    "ParentCategoryId": 344,
    "Cập nhật": "11:30 Thứ 4, 07/06/2023",
    "Mã công ty": "SBV",
    "Tên công ty": "CTCP Siam Brothers Việt Nam (HOSE)",
    "Giá điểm": "10.35",
    "Thay đổi": "-0.05 (-0.48%)",
    "Khối lượng": "10,200",
    "Giá tham chiếu": "10.4",
    "Giá trần": "11.1",
    "Giá sàn": "9.68",
    "Giá mở cửa": "N/A",
    "Giá cao nhất": "N/A",
    "Giá thấp nhất": "10.35",
    "Giao dịch NĐTNN": "Giao dịch NĐTNN",
    "KLGD ròng": "10.35",
    "GT Mua": "0 (Tỷ)",
    "GT Bán": "0 (Tỷ)",
    "Room còn lại": "N/A",
    "(*)   EPS cơ bản (nghìn đồng):": "n/a",
    "EPS pha loãng (nghìn đồng):": "n/a",
    "P/E :": "n/a",
    "Giá trị sổ sách /cp (nghìn đồng):": "18.36",
    "(**) Hệ số beta:": "n/a",
    "KLGD khớp lệnh trung bình 10 phiên:": "19,970",
    "KLCP đang niêm yết:": "27,366,476",
    "KLCP đang lưu hành:": "27,383,976",
    "Vốn hóa thị trường (tỷ đồng):": "284.79",
    "Doanh thu": "618 tỷ",
    "Lợi nhuận trước thuế": "77 tỷ",
    "Lợi nhuận sau thuế": "N/A",
    "Cổ tức bằng tiền mặt": "N/A",
    "Cổ tức bằng cổ phiếu": "N/A",
    "Dự kiến tăng vốn lên": "N/A",
    "Giới thiệu công ty": "Công ty được thành lập năm 1995, đăng ký hoạt động với số vốn đầu tư là 6.097.000 USD, trong\r\nđó Vốn pháp định là 2.000.000 USD. Đến Tháng 7 năm 2008, Công ty đã thực hiện đăng ký lại\r\ndoanh nghiệp và được UBND TP. HCM cấp Giấy chứng nhận đầu tư lần đầu với Vốn điều lệ là\r\n33.600.000.000 đồng (tương đương 2.100.000 USD)."
}