{
    "Url": "http://s.cafef.vn/hose/SC5-cong-ty-co-phan-xay-dung-so-5.chn",
    "CenterName": "HSX",
    "Symbol": "SC5",
    "TradeCenterID": 1,
    "ChangePrice": 3.64583333333333,
    "VonHoa": 298.1716301,
    "ChangeVolume": -100,
    "EPS": 1.52789860286659,
    "PE": 13.0244245021655,
    "Beta": 0.589497248391008,
    "Price": 19.9,
    "UpdatedDate": "/Date(1686037643765)/",
    "FullName": "Công ty Cổ phần Xây dựng số 5 ",
    "ParentCategoryId": 345,
    "Cập nhật": "11:30 Thứ 4, 07/06/2023",
    "Mã công ty": "SC5",
    "Tên công ty": "Công ty Cổ phần Xây dựng số 5  (HOSE)",
    "Giá điểm": "18.75",
    "Thay đổi": "0.05 (0.27%)",
    "Khối lượng": "500",
    "Giá tham chiếu": "18.7",
    "Giá trần": "20",
    "Giá sàn": "17.4",
    "Giá mở cửa": "18.75",
    "Giá cao nhất": "18.8",
    "Giá thấp nhất": "N/A",
    "Giao dịch NĐTNN": "Giao dịch NĐTNN",
    "KLGD ròng": "18.8",
    "GT Mua": "0 (Tỷ)",
    "GT Bán": "0.01 (Tỷ)",
    "Room còn lại": "N/A",
    "(*)   EPS cơ bản (nghìn đồng):": "1.67",
    "EPS pha loãng (nghìn đồng):": "1.67",
    "P/E :": "11.24",
    "Giá trị sổ sách /cp (nghìn đồng):": "22.15",
    "(**) Hệ số beta:": "0.59",
    "KLGD khớp lệnh trung bình 10 phiên:": "730",
    "KLCP đang niêm yết:": "14,984,550",
    "KLCP đang lưu hành:": "14,983,499",
    "Vốn hóa thị trường (tỷ đồng):": "280.19",
    "Doanh thu": "1,800 tỷ",
    "Lợi nhuận trước thuế": "22.1 tỷ",
    "Lợi nhuận sau thuế": "N/A",
    "Cổ tức bằng tiền mặt": "10 %",
    "Cổ tức bằng cổ phiếu": "N/A",
    "Dự kiến tăng vốn lên": "N/A",
    "Giới thiệu công ty": "Công ty Cổ phần Xây dựng số 5 là một đơn vị sản xuất kinh doanh thuộc Tổng Công ty Xây dựng số 1 trực thuộc Bộ Xây dựng. Công ty có nguồn gốc từ một tổ hợp Xây dựng Hòa Bình có từ trước giải phóng và phát triển cho đến ngày nay. Năm 1993, thực hiện Nghị định 388/HĐBT, Công ty được thành lập theo Quyết định thành lập số 066A/Bộ Xây dựng TCLĐ ngày 18/03/1993 của Bộ Xây dựng. Giấy phép hành nghề Xây dựng số 180/Bộ Xây dựng CSXD ngày 05/07/1996 của Bộ Xây dựng. Công ty bắt đầu niêm yết với mã chứng khoán SC5 ngày 08/10/2007 trên sàn HOSE"
}