{
    "Url": "http://s.cafef.vn/hose/SCD-cong-ty-co-phan-nuoc-giai-khat-chuong-duong.chn",
    "CenterName": "HSX",
    "Symbol": "SCD",
    "TradeCenterID": 1,
    "ChangePrice": 1.8750000000000044,
    "VonHoa": 138.185532,
    "ChangeVolume": -100,
    "EPS": -5.46048932414186,
    "PE": -2.98508046301539,
    "Beta": 0.593508068277213,
    "Price": 16.3,
    "UpdatedDate": "/Date(1686037643765)/",
    "FullName": "Công ty Cổ phần Nước giải khát Chương Dương",
    "ParentCategoryId": 339,
    "Cập nhật": "11:30 Thứ 4, 07/06/2023",
    "Mã công ty": "SCD",
    "Tên công ty": "Công ty Cổ phần Nước giải khát Chương Dương (HOSE)",
    "Giá điểm": "16.3",
    "Thay đổi": "N/A",
    "Khối lượng": "0.0",
    "Giá tham chiếu": "16.3",
    "Giá trần": "17.4",
    "Giá sàn": "15.2",
    "Giá mở cửa": "N/A",
    "Giá cao nhất": "N/A",
    "Giá thấp nhất": "N/A",
    "Giao dịch NĐTNN": "Giao dịch NĐTNN",
    "KLGD ròng": "16.3",
    "GT Mua": "0 (Tỷ)",
    "GT Bán": "0 (Tỷ)",
    "Room còn lại": "N/A",
    "(*)   EPS cơ bản (nghìn đồng):": "n/a",
    "EPS pha loãng (nghìn đồng):": "n/a",
    "P/E :": "n/a",
    "Giá trị sổ sách /cp (nghìn đồng):": "14.23",
    "(**) Hệ số beta:": "0.59",
    "KLGD khớp lệnh trung bình 10 phiên:": "440",
    "KLCP đang niêm yết:": "8,500,000",
    "KLCP đang lưu hành:": "8,477,640",
    "Vốn hóa thị trường (tỷ đồng):": "138.19",
    "Doanh thu": "364.79 tỷ",
    "Lợi nhuận trước thuế": "N/A",
    "Lợi nhuận sau thuế": "3.67 tỷ",
    "Cổ tức bằng tiền mặt": "N/A",
    "Cổ tức bằng cổ phiếu": "N/A",
    "Dự kiến tăng vốn lên": "N/A",
    "Giới thiệu công ty": "Tiền thân là nhà máy Usine Belgique, được xây dựng vào năm 1952 trực thuộc tập đoàn BGI của Pháp chuyên sản xuất kinh doanh các mặt hàng: bia, nước đá và giải khát các loại. Vào tháng 07/1977 tập đoàn BGI bàn giao toàn bộ nhà máy cho Nhà nước Việt Nam với tên gọi Nhà máy nước ngọt Chương Dương trực thuộc Công ty Rượu Bia Miền Nam.Năm 1993 công ty đổi tên thành Công ty nước giải khát Chương Dương trực thuộc Tổng công ty Rượu, Bia, Nước giải khát Việt Nam."
}