{
    "Url": "http://s.cafef.vn/hose/SCR-cong-ty-co-phan-dia-oc-sai-gon-thuong-tin.chn",
    "CenterName": "HSX",
    "Symbol": "SCR",
    "TradeCenterID": 1,
    "ChangePrice": -0.9852216748768483,
    "VonHoa": 3181.120671,
    "ChangeVolume": -13.952035736594045,
    "EPS": -0.0139570625476341,
    "PE": -576.052444600021,
    "Beta": 1.66181754447463,
    "Price": 8.04,
    "UpdatedDate": "/Date(1686037643765)/",
    "FullName": "Công ty Cổ phần Địa ốc Sài Gòn Thương Tín",
    "ParentCategoryId": 345,
    "Cập nhật": "11:30 Thứ 4, 07/06/2023",
    "Mã công ty": "SCR",
    "Tên công ty": "Công ty Cổ phần Địa ốc Sài Gòn Thương Tín (HOSE)",
    "Giá điểm": "8.23",
    "Thay đổi": "0.1 (1.23%)",
    "Khối lượng": "4,858,700",
    "Giá tham chiếu": "8.13",
    "Giá trần": "8.69",
    "Giá sàn": "7.57",
    "Giá mở cửa": "8.19",
    "Giá cao nhất": "8.39",
    "Giá thấp nhất": "N/A",
    "Giao dịch NĐTNN": "Giao dịch NĐTNN",
    "KLGD ròng": "8.39",
    "GT Mua": "0.14 (Tỷ)",
    "GT Bán": "0.04 (Tỷ)",
    "Room còn lại": "N/A",
    "(*)   EPS cơ bản (nghìn đồng):": "n/a",
    "EPS pha loãng (nghìn đồng):": "n/a",
    "P/E :": "n/a",
    "Giá trị sổ sách /cp (nghìn đồng):": "13.48",
    "(**) Hệ số beta:": "1.66",
    "KLGD khớp lệnh trung bình 10 phiên:": "6,615,810",
    "KLCP đang niêm yết:": "395,661,775",
    "KLCP đang lưu hành:": "395,661,775",
    "Vốn hóa thị trường (tỷ đồng):": "3,216.73",
    "Doanh thu": "540 tỷ",
    "Lợi nhuận trước thuế": "20 tỷ",
    "Lợi nhuận sau thuế": "N/A",
    "Cổ tức bằng tiền mặt": "N/A",
    "Cổ tức bằng cổ phiếu": "N/A",
    "Dự kiến tăng vốn lên": "N/A",
    "Giới thiệu công ty": "Công ty Cổ phần Địa ốc Sài Gòn Thương Tín ra đời từ sự hợp nhất của các Trung tâm Giao dịch Bất động sản của Ngân hàng Sài Gòn Thương Tín ngày 29/03/2004. Ngành nghề kinh doanh: kinh doanh nhà, môi giới bất động sản; đầu tư xây dựng kinh doanh kết cấu hạ tầng khu công nghiệp, dân cư; tư vấn xây dựng; cho thuê kho bãi..."
}