{
    "Url": "http://s.cafef.vn/hose/SCS-cong-ty-co-phan-dich-vu-hang-hoa-sai-gon.chn",
    "CenterName": "HSX",
    "Symbol": "SCS",
    "TradeCenterID": 1,
    "ChangePrice": 0.9090909090909005,
    "VonHoa": 6503.0892012,
    "ChangeVolume": -21.646746347941566,
    "EPS": 5.65703126504454,
    "PE": 11.7729595046662,
    "Beta": 0,
    "Price": 66.6,
    "UpdatedDate": "/Date(1686037643765)/",
    "FullName": "Công ty cổ phần Dịch vụ Hàng hóa Sài Gòn",
    "ParentCategoryId": 346,
    "Cập nhật": "11:30 Thứ 4, 07/06/2023",
    "Mã công ty": "SCS",
    "Tên công ty": "Công ty cổ phần Dịch vụ Hàng hóa Sài Gòn (HOSE)",
    "Giá điểm": "67.4",
    "Thay đổi": "-0.1 (-0.15%)",
    "Khối lượng": "20,900",
    "Giá tham chiếu": "67.5",
    "Giá trần": "72.2",
    "Giá sàn": "62.8",
    "Giá mở cửa": "N/A",
    "Giá cao nhất": "N/A",
    "Giá thấp nhất": "67.3",
    "Giao dịch NĐTNN": "Giao dịch NĐTNN",
    "KLGD ròng": "67.5",
    "GT Mua": "0.07 (Tỷ)",
    "GT Bán": "1.25 (Tỷ)",
    "Room còn lại": "N/A",
    "(*)   EPS cơ bản (nghìn đồng):": "5.86",
    "EPS pha loãng (nghìn đồng):": "6.09",
    "P/E :": "11.51",
    "Giá trị sổ sách /cp (nghìn đồng):": "15.66",
    "(**) Hệ số beta:": "n/a",
    "KLGD khớp lệnh trung bình 10 phiên:": "24,780",
    "KLCP đang niêm yết:": "94,379,182",
    "KLCP đang lưu hành:": "97,643,982",
    "Vốn hóa thị trường (tỷ đồng):": "6,590.97",
    "Doanh thu": "960 tỷ",
    "Lợi nhuận trước thuế": "668 tỷ",
    "Lợi nhuận sau thuế": "N/A",
    "Cổ tức bằng tiền mặt": "36 %",
    "Cổ tức bằng cổ phiếu": "N/A",
    "Dự kiến tăng vốn lên": "N/A",
    "Giới thiệu công ty": "Công tỵ Cổ phần Dịch vụ hàng hóa Sài Gòn (SCSC) được thành lập vào ngày 08/4/2008 với vốn điều lệ ban đầu ià 300 tỷ đồng. Sự ra đời của SCSC nhằm đầu tư xây dựng và phát triển Nhà ga hàng hóa Hàng không theo tiêu chuẩn quốc tế tại Sân bay Tân Sơn Nhất."
}