{
    "Url": "http://s.cafef.vn/hose/SFC-cong-ty-co-phan-nhien-lieu-sai-gon.chn",
    "CenterName": "HSX",
    "Symbol": "SFC",
    "TradeCenterID": 1,
    "ChangePrice": 1.4925373134328357,
    "VonHoa": 190.991923,
    "ChangeVolume": -100,
    "EPS": 1.32379942403889,
    "PE": 12.8418245931346,
    "Beta": 0.185150638932935,
    "Price": 17,
    "UpdatedDate": "/Date(1686037643766)/",
    "FullName": "Công ty Cổ phần Nhiên liệu Sài Gòn",
    "ParentCategoryId": 340,
    "Cập nhật": "11:30 Thứ 4, 07/06/2023",
    "Mã công ty": "SFC",
    "Tên công ty": "Công ty Cổ phần Nhiên liệu Sài Gòn (HOSE)",
    "Giá điểm": "17",
    "Thay đổi": "N/A",
    "Khối lượng": "0.0",
    "Giá tham chiếu": "17",
    "Giá trần": "18.15",
    "Giá sàn": "15.85",
    "Giá mở cửa": "N/A",
    "Giá cao nhất": "N/A",
    "Giá thấp nhất": "N/A",
    "Giao dịch NĐTNN": "Giao dịch NĐTNN",
    "KLGD ròng": "17",
    "GT Mua": "0 (Tỷ)",
    "GT Bán": "0 (Tỷ)",
    "Room còn lại": "N/A",
    "(*)   EPS cơ bản (nghìn đồng):": "1.43",
    "EPS pha loãng (nghìn đồng):": "1.43",
    "P/E :": "11.86",
    "Giá trị sổ sách /cp (nghìn đồng):": "15.90",
    "(**) Hệ số beta:": "0.19",
    "KLGD khớp lệnh trung bình 10 phiên:": "340",
    "KLCP đang niêm yết:": "11,291,459",
    "KLCP đang lưu hành:": "11,234,819",
    "Vốn hóa thị trường (tỷ đồng):": "190.99",
    "Doanh thu": "N/A",
    "Lợi nhuận trước thuế": "27.84 tỷ",
    "Lợi nhuận sau thuế": "N/A",
    "Cổ tức bằng tiền mặt": "12 %",
    "Cổ tức bằng cổ phiếu": "N/A",
    "Dự kiến tăng vốn lên": "N/A",
    "Giới thiệu công ty": "Tiền thân là Công ty Chất Đốt Thành phố Hồ Chí Minh được thành lập từ năm 1975 với chức năng nhiệm vụ chính là đảm bảo phân phối các mặt hàng chất đốt trên địa bàn thành phố. Ngày 01/10/2000, Công ty Chất Đốt TP.HCM chính thức chuyển đổi thành Công ty Cổ phần Nhiên Liệu Sài Gòn (viết tắt là SFC) theo Giấy phép Đăng ký Kinh doanh số 4103000145 do Sở Kế hoạch và Đầu tư TP.HCM cấp lần đầu ngày 01/09/2000 và đã đăng ký thay. 21/09/2004 Chính thức giao dịch tại HOSE mã giao dịch là SFC"
}