{
    "Url": "http://s.cafef.vn/hose/SFG-cong-ty-co-phan-phan-bon-mien-nam.chn",
    "CenterName": "HSX",
    "Symbol": "SFG",
    "TradeCenterID": 1,
    "ChangePrice": 8.139534883720943,
    "VonHoa": 445.4451969,
    "ChangeVolume": -27.77777777777778,
    "EPS": 1.04346245139335,
    "PE": 8.91263503308779,
    "Beta": 0.487447346251053,
    "Price": 9.3,
    "UpdatedDate": "/Date(1686037643766)/",
    "FullName": "Công ty Cổ phần Phân bón Miền Nam",
    "ParentCategoryId": 338,
    "Cập nhật": "11:30 Thứ 4, 07/06/2023",
    "Mã công ty": "SFG",
    "Tên công ty": "Công ty Cổ phần Phân bón Miền Nam (HOSE)",
    "Giá điểm": "9.5",
    "Thay đổi": "0.2 (2.15%)",
    "Khối lượng": "500",
    "Giá tham chiếu": "9.3",
    "Giá trần": "9.95",
    "Giá sàn": "8.65",
    "Giá mở cửa": "9.7",
    "Giá cao nhất": "9.75",
    "Giá thấp nhất": "N/A",
    "Giao dịch NĐTNN": "Giao dịch NĐTNN",
    "KLGD ròng": "9.75",
    "GT Mua": "0 (Tỷ)",
    "GT Bán": "0 (Tỷ)",
    "Room còn lại": "N/A",
    "(*)   EPS cơ bản (nghìn đồng):": "1.06",
    "EPS pha loãng (nghìn đồng):": "1.06",
    "P/E :": "8.99",
    "Giá trị sổ sách /cp (nghìn đồng):": "12.98",
    "(**) Hệ số beta:": "0.49",
    "KLGD khớp lệnh trung bình 10 phiên:": "6,060",
    "KLCP đang niêm yết:": "47,897,333",
    "KLCP đang lưu hành:": "47,897,333",
    "Vốn hóa thị trường (tỷ đồng):": "445.45",
    "Doanh thu": "1,500 tỷ",
    "Lợi nhuận trước thuế": "20 tỷ",
    "Lợi nhuận sau thuế": "N/A",
    "Cổ tức bằng tiền mặt": "N/A",
    "Cổ tức bằng cổ phiếu": "N/A",
    "Dự kiến tăng vốn lên": "N/A",
    "Giới thiệu công ty": "Công ty Cổ phần phân bón Miền Nam tiền thân là một doanh nghiệp nhà nước thuộc Bộ Công Thương - Tập đoàn Hóa Chất Việt Nam được thành lập theo quyết định số 426/HC-QĐ ngày 19/4/1976 của Tổng Cục Hóa Chất Việt Nam. Công ty Cổ phần Phân bón Miền Nam đã chính thức chuyển đổi hình thức quản lý sản xuất kinh doanh sau 34 năm thành lập sang hoạt động mô hình cổ phần hóa chính thức từ ngày 01/10/2010."
}