{
    "Url": "http://s.cafef.vn/hose/SFI-cong-ty-co-phan-dai-ly-van-tai-safi.chn",
    "CenterName": "HSX",
    "Symbol": "SFI",
    "TradeCenterID": 1,
    "ChangePrice": 0.2980625931445646,
    "VonHoa": 743.1950441,
    "ChangeVolume": 136.9109947643979,
    "EPS": 7.1169519813301,
    "PE": 4.72814768011278,
    "Beta": 0.711594067717564,
    "Price": 33.65,
    "UpdatedDate": "/Date(1686037643766)/",
    "FullName": "Công ty Cổ phần Đại lý Vận tải SAFI",
    "ParentCategoryId": 343,
    "Cập nhật": "11:30 Thứ 4, 07/06/2023",
    "Mã công ty": "SFI",
    "Tên công ty": "Công ty Cổ phần Đại lý Vận tải SAFI (HOSE)",
    "Giá điểm": "33.7",
    "Thay đổi": "-0.1 (-0.3%)",
    "Khối lượng": "3,100",
    "Giá tham chiếu": "33.8",
    "Giá trần": "36.15",
    "Giá sàn": "31.45",
    "Giá mở cửa": "N/A",
    "Giá cao nhất": "N/A",
    "Giá thấp nhất": "33.7",
    "Giao dịch NĐTNN": "Giao dịch NĐTNN",
    "KLGD ròng": "33.8",
    "GT Mua": "0 (Tỷ)",
    "GT Bán": "0 (Tỷ)",
    "Room còn lại": "N/A",
    "(*)   EPS cơ bản (nghìn đồng):": "7.93",
    "EPS pha loãng (nghìn đồng):": "7.35",
    "P/E :": "4.25",
    "Giá trị sổ sách /cp (nghìn đồng):": "35.08",
    "(**) Hệ số beta:": "0.71",
    "KLGD khớp lệnh trung bình 10 phiên:": "15,000",
    "KLCP đang niêm yết:": "23,816,046",
    "KLCP đang lưu hành:": "22,086,034",
    "Vốn hóa thị trường (tỷ đồng):": "746.51",
    "Doanh thu": "1,500 tỷ",
    "Lợi nhuận trước thuế": "N/A",
    "Lợi nhuận sau thuế": "N/A",
    "Cổ tức bằng tiền mặt": "20 %",
    "Cổ tức bằng cổ phiếu": "N/A",
    "Dự kiến tăng vốn lên": "N/A",
    "Giới thiệu công ty": "Công ty cổ phần Đại lý vận tải SAFI tiền thân là một doanh nghiệp nhà nước, một Công ty thành viên của Đại lý Hàng hải Việt Nam (VOSA) thuộc Tổng công ty Hàng hải Việt Nam (VINALINES), được cổ phần hóa theo quyết định số 1247/1998/QĐBGTVT ngày 25 tháng 5 năm 1998 của Bộ giao thông vận tải và đăng ký họat động kinh doanh theo giấy phép số 063595 ngày 31 tháng 8 năm 1998 do Sở kế họach và Đầu tư thành phố Hồ Chí Minh cấp. Công ty niêm yết với mã SFI ngày 29/12/2006 trên sàn HO"
}