{
    "Url": "http://s.cafef.vn/hose/SGN-cong-ty-co-phan-phuc-vu-mat-dat-sai-gon.chn",
    "CenterName": "HSX",
    "Symbol": "SGN",
    "TradeCenterID": 1,
    "ChangePrice": -0.6756756756756757,
    "VonHoa": 2464.7189385,
    "ChangeVolume": 20.87912087912088,
    "EPS": 4.70726556221533,
    "PE": 15.6141604990328,
    "Beta": 0,
    "Price": 73.5,
    "UpdatedDate": "/Date(1686037643766)/",
    "FullName": "Công ty cổ phần Phục vụ Mặt đất Sài Gòn ",
    "ParentCategoryId": 346,
    "Cập nhật": "11:30 Thứ 4, 07/06/2023",
    "Mã công ty": "SGN",
    "Tên công ty": "Công ty cổ phần Phục vụ Mặt đất Sài Gòn  (HOSE)",
    "Giá điểm": "73.5",
    "Thay đổi": "N/A",
    "Khối lượng": "1,100",
    "Giá tham chiếu": "73.5",
    "Giá trần": "78.6",
    "Giá sàn": "68.4",
    "Giá mở cửa": "N/A",
    "Giá cao nhất": "N/A",
    "Giá thấp nhất": "N/A",
    "Giao dịch NĐTNN": "Giao dịch NĐTNN",
    "KLGD ròng": "73.5",
    "GT Mua": "0.04 (Tỷ)",
    "GT Bán": "0 (Tỷ)",
    "Room còn lại": "N/A",
    "(*)   EPS cơ bản (nghìn đồng):": "4.87",
    "EPS pha loãng (nghìn đồng):": "4.87",
    "P/E :": "15.08",
    "Giá trị sổ sách /cp (nghìn đồng):": "23.57",
    "(**) Hệ số beta:": "n/a",
    "KLGD khớp lệnh trung bình 10 phiên:": "2,050",
    "KLCP đang niêm yết:": "33,581,691",
    "KLCP đang lưu hành:": "33,533,591",
    "Vốn hóa thị trường (tỷ đồng):": "2,464.72",
    "Doanh thu": "1,280 tỷ",
    "Lợi nhuận trước thuế": "N/A",
    "Lợi nhuận sau thuế": "205 tỷ",
    "Cổ tức bằng tiền mặt": "N/A",
    "Cổ tức bằng cổ phiếu": "N/A",
    "Dự kiến tăng vốn lên": "N/A",
    "Giới thiệu công ty": "Công ty Phục vụ Mặt đất Sài Gòn được chuyển đổi từ Trung tâm dịch vụ Hàng không theo quyết định ngày 30/12/2004 của Cục trưởng cục hàng không VN. Ngày 01/01/2015, Công ty chính thức hoạt động dưới hình thức CTCP. Ngành nghề kinh doanh: khai thác kết cấu hạ tầng, trang thiết bị của Cảng hàng không, sân bay; cung ứng dịch vụ bảo dưỡng tàu bay, phụ tùng, thiết bị hàng không; cung ứng các dịch vụ phục vụ kỹ thuật thương mại mặt đất..."
}