{
    "Url": "http://s.cafef.vn/hose/SGR-cong-ty-co-phan-tong-cong-ty-co-phan-dia-oc-sai-gon.chn",
    "CenterName": "HSX",
    "Symbol": "SGR",
    "TradeCenterID": 1,
    "ChangePrice": -13.577981651376145,
    "VonHoa": 1412.99974095,
    "ChangeVolume": -15.786234485588265,
    "EPS": 3.43420936310753,
    "PE": 6.8574735870763,
    "Beta": 0,
    "Price": 23.55,
    "UpdatedDate": "/Date(1686037643766)/",
    "FullName": "Công ty cổ phần Tổng Công ty cổ phần Địa ốc Sài Gòn",
    "ParentCategoryId": 345,
    "Cập nhật": "11:30 Thứ 4, 07/06/2023",
    "Mã công ty": "SGR",
    "Tên công ty": "Công ty cổ phần Tổng Công ty cổ phần Địa ốc Sài Gòn (HOSE)",
    "Giá điểm": "25",
    "Thay đổi": "0.75 (3.09%)",
    "Khối lượng": "29,900",
    "Giá tham chiếu": "24.25",
    "Giá trần": "25.9",
    "Giá sàn": "22.6",
    "Giá mở cửa": "25",
    "Giá cao nhất": "N/A",
    "Giá thấp nhất": "24.15",
    "Giao dịch NĐTNN": "Giao dịch NĐTNN",
    "KLGD ròng": "25",
    "GT Mua": "0 (Tỷ)",
    "GT Bán": "0 (Tỷ)",
    "Room còn lại": "N/A",
    "(*)   EPS cơ bản (nghìn đồng):": "3.52",
    "EPS pha loãng (nghìn đồng):": "3.52",
    "P/E :": "7.10",
    "Giá trị sổ sách /cp (nghìn đồng):": "13.86",
    "(**) Hệ số beta:": "n/a",
    "KLGD khớp lệnh trung bình 10 phiên:": "177,080",
    "KLCP đang niêm yết:": "60,000,000",
    "KLCP đang lưu hành:": "59,999,989",
    "Vốn hóa thị trường (tỷ đồng):": "1,455.00",
    "Doanh thu": "906 tỷ",
    "Lợi nhuận trước thuế": "N/A",
    "Lợi nhuận sau thuế": "315 tỷ",
    "Cổ tức bằng tiền mặt": "20 %",
    "Cổ tức bằng cổ phiếu": "N/A",
    "Dự kiến tăng vốn lên": "N/A",
    "Giới thiệu công ty": "Công ty Cổ phần Địa ốc Sài Gòn – SAIGONRES là doanh nghiệp cổ phần hóa từ doanh nghiệp nhà nước Công ty Xây dựng Kinh doanh nhà Gia Định thuộc Sở Địa Chính – Nhà Đất Thành phố Hồ Chí Minh theo quyết định số 108/1999/QĐ-TTg ngày 23/04/1999 của Thủ Tướng Chính phủ.\r\n\r\nLà Công ty chuyên ngành về đầu tư kinh doanh địa ốc, xây dựng các công trình công nghiệp, dân dụng, kinh doanh, xuất nhập khẩu VLXD, cho thuê máy móc thiết bị, tư vấn đầu tư và thiết kế xây dựng, khai thác khoáng sản và nhà ở sinh thái vườn."
}