{
    "Url": "http://s.cafef.vn/hose/SGT-cong-ty-co-phan-cong-nghe-vien-thong-sai-gon.chn",
    "CenterName": "HSX",
    "Symbol": "SGT",
    "TradeCenterID": 1,
    "ChangePrice": 0,
    "VonHoa": 1887.040902,
    "ChangeVolume": 102.54382214621633,
    "EPS": -0.334860010312522,
    "PE": -38.0756125167067,
    "Beta": 0.119391847775394,
    "Price": 12.75,
    "UpdatedDate": "/Date(1686037643766)/",
    "FullName": "Công ty Cổ phần Công nghệ Viễn thông Sài Gòn",
    "ParentCategoryId": 347,
    "Cập nhật": "11:30 Thứ 4, 07/06/2023",
    "Mã công ty": "SGT",
    "Tên công ty": "Công ty Cổ phần Công nghệ Viễn thông Sài Gòn (HOSE)",
    "Giá điểm": "12.55",
    "Thay đổi": "-0.05 (-0.4%)",
    "Khối lượng": "23,400",
    "Giá tham chiếu": "12.6",
    "Giá trần": "13.45",
    "Giá sàn": "11.75",
    "Giá mở cửa": "12.85",
    "Giá cao nhất": "12.85",
    "Giá thấp nhất": "12.5",
    "Giao dịch NĐTNN": "Giao dịch NĐTNN",
    "KLGD ròng": "12.85",
    "GT Mua": "0 (Tỷ)",
    "GT Bán": "0 (Tỷ)",
    "Room còn lại": "N/A",
    "(*)   EPS cơ bản (nghìn đồng):": "n/a",
    "EPS pha loãng (nghìn đồng):": "n/a",
    "P/E :": "n/a",
    "Giá trị sổ sách /cp (nghìn đồng):": "6.51",
    "(**) Hệ số beta:": "0.12",
    "KLGD khớp lệnh trung bình 10 phiên:": "72,150",
    "KLCP đang niêm yết:": "148,003,518",
    "KLCP đang lưu hành:": "148,003,208",
    "Vốn hóa thị trường (tỷ đồng):": "1,864.84",
    "Doanh thu": "3,243.65 tỷ",
    "Lợi nhuận trước thuế": "115.23 tỷ",
    "Lợi nhuận sau thuế": "N/A",
    "Cổ tức bằng tiền mặt": "N/A",
    "Cổ tức bằng cổ phiếu": "N/A",
    "Dự kiến tăng vốn lên": "N/A",
    "Giới thiệu công ty": "Công ty Cổ phần Công nghệ Viễn thông Sài Gòn (SAIGONTEL) là thành viên của tập đoàn Saigon Invest Group một trong những nhóm công ty thành công nhất với việc đầu tư và quản lý những lĩnh vực kinh doanh khác nhau tại Việt Nam như: ngân hàng, đào tạo dạy nghề, kinh doanh dịch vụ các khu công nghiệp & khu chế xuất, công nghệ thông tin..."
}