{
    "Url": "http://s.cafef.vn/hose/SHA-cong-ty-co-phan-son-ha-sai-gon.chn",
    "CenterName": "HSX",
    "Symbol": "SHA",
    "TradeCenterID": 1,
    "ChangePrice": 8.823529411764714,
    "VonHoa": 148.503237,
    "ChangeVolume": -56.42517996630418,
    "EPS": 0.43045199436323,
    "PE": 10.314739060666,
    "Beta": 0.169222679870301,
    "Price": 4.44,
    "UpdatedDate": "/Date(1686037643766)/",
    "FullName": "Công ty Cổ phần Sơn Hà Sài Gòn",
    "ParentCategoryId": 344,
    "Cập nhật": "11:30 Thứ 4, 07/06/2023",
    "Mã công ty": "SHA",
    "Tên công ty": "Công ty Cổ phần Sơn Hà Sài Gòn (HOSE)",
    "Giá điểm": "4.58",
    "Thay đổi": "0.03 (0.66%)",
    "Khối lượng": "66,700",
    "Giá tham chiếu": "4.55",
    "Giá trần": "4.86",
    "Giá sàn": "4.24",
    "Giá mở cửa": "4.61",
    "Giá cao nhất": "N/A",
    "Giá thấp nhất": "4.48",
    "Giao dịch NĐTNN": "Giao dịch NĐTNN",
    "KLGD ròng": "4.61",
    "GT Mua": "0 (Tỷ)",
    "GT Bán": "0 (Tỷ)",
    "Room còn lại": "N/A",
    "(*)   EPS cơ bản (nghìn đồng):": "0.47",
    "EPS pha loãng (nghìn đồng):": "0.47",
    "P/E :": "9.64",
    "Giá trị sổ sách /cp (nghìn đồng):": "11.88",
    "(**) Hệ số beta:": "0.17",
    "KLGD khớp lệnh trung bình 10 phiên:": "83,590",
    "KLCP đang niêm yết:": "33,446,675",
    "KLCP đang lưu hành:": "33,446,675",
    "Vốn hóa thị trường (tỷ đồng):": "152.18",
    "Doanh thu": "1,000 tỷ",
    "Lợi nhuận trước thuế": "N/A",
    "Lợi nhuận sau thuế": "25 tỷ",
    "Cổ tức bằng tiền mặt": "5 %",
    "Cổ tức bằng cổ phiếu": "N/A",
    "Dự kiến tăng vốn lên": "N/A",
    "Giới thiệu công ty": "Công ty Cổ phần Sơn Hà Sài Gòn tiền thân là Chi nhánh Công ty TNHH Cơ Kim khí Sơn Hà, hoạt động theo giấy chứng nhận đăng ký kinh doanh được cấp ngày 27/05/2004. Ngày 28/12/2012, Công ty được Sở Giao dịch Chứng khoán Hà Nội chấp thuận niêm yết cổ phiếu tại Sở Giao dịch Chứng khoán Hà Nội với mã chứng khoán: SHA. Ngành nghề kinh doanh: sản xuất hàng may sẵn, sản xuất trang phục dệt kim, đan móc, giày dép, sản phẩm từ da lông thú; sản xuất đồ dân dụng, thiết bị điện..."
}