{
    "Url": "http://s.cafef.vn/hose/SHB-ngan-hang-thuong-mai-co-phan-sai-gon-ha-noi.chn",
    "CenterName": "HSX",
    "Symbol": "SHB",
    "TradeCenterID": 1,
    "ChangePrice": 5.106382978723401,
    "VonHoa": 37774.3122848,
    "ChangeVolume": -59.19708184053017,
    "EPS": 2.33333733858781,
    "PE": 5.29284805748427,
    "Beta": 0.618525983699939,
    "Price": 12.35,
    "UpdatedDate": "/Date(1686037643766)/",
    "FullName": "Ngân hàng Thương mại cổ phần Sài Gòn - Hà Nội",
    "ParentCategoryId": 341,
    "Cập nhật": "11:30 Thứ 4, 07/06/2023",
    "Giá điểm": "12.4",
    "Thay đổi": "-0.1 (-0.8%)",
    "Khối lượng": "14,323,700",
    "Giá tham chiếu": "12.5",
    "Giá trần": "13.35",
    "Giá sàn": "11.65",
    "Giá mở cửa": "12.6",
    "Giá cao nhất": "N/A",
    "Giá thấp nhất": "12.35",
    "Giao dịch NĐTNN": "Giao dịch NĐTNN",
    "KLGD ròng": "12.6",
    "GT Mua": "1.33 (Tỷ)",
    "GT Bán": "0.96 (Tỷ)",
    "Room còn lại": "N/A",
    "(*)   EPS cơ bản (nghìn đồng):": "2.68",
    "EPS pha loãng (nghìn đồng):": "2.67",
    "P/E :": "4.62",
    "Giá trị sổ sách /cp (nghìn đồng):": "14.03",
    "(**) Hệ số beta:": "0.62",
    "KLGD khớp lệnh trung bình 10 phiên:": "27,759,400",
    "KLCP đang niêm yết:": "3,072,207,228",
    "KLCP đang lưu hành:": "3,058,648,768",
    "Vốn hóa thị trường (tỷ đồng):": "38,233.11",
    "Phương án 1": "Hạn mức tăng trưởng tín dụng năm 2023 là 10%",
    "Tổng tài sản": "600.500 tỷ đồng",
    "Vốn điều lệ": "36.645 tỷ đồng",
    "Nguồn vốn huy động TT1": "467.291 tỷ đồng",
    "Dư nợ cấp tín dụng": "445.126 tỷ đồng",
    "Tỷ lệ nợ xấu": "<2%",
    "Lợi nhuận trước thuế": "10.626 tỷ đồng",
    "Cổ tức dự kiến": "15%",
    "Phương án 2": "hạn mức tăng trưởng tín dụng năm 2023 là 14%"
}