{
    "Url": "http://s.cafef.vn/hose/SHI-cong-ty-co-phan-quoc-te-son-ha.chn",
    "CenterName": "HSX",
    "Symbol": "SHI",
    "TradeCenterID": 1,
    "ChangePrice": 4.868913857677906,
    "VonHoa": 2266.006246,
    "ChangeVolume": -20.505836575875488,
    "EPS": 0.348333410155466,
    "PE": 40.1913786959213,
    "Beta": 0.890215464975282,
    "Price": 14,
    "UpdatedDate": "/Date(1686037643766)/",
    "FullName": "Công ty cổ phần Quốc tế Sơn Hà",
    "ParentCategoryId": 339,
    "Cập nhật": "11:30 Thứ 4, 07/06/2023",
    "Mã công ty": "SHI",
    "Tên công ty": "Công ty cổ phần Quốc tế Sơn Hà (HOSE)",
    "Giá điểm": "13.7",
    "Thay đổi": "N/A",
    "Khối lượng": "226,900",
    "Giá tham chiếu": "13.7",
    "Giá trần": "14.65",
    "Giá sàn": "12.75",
    "Giá mở cửa": "13.8",
    "Giá cao nhất": "N/A",
    "Giá thấp nhất": "N/A",
    "Giao dịch NĐTNN": "Giao dịch NĐTNN",
    "KLGD ròng": "13.8",
    "GT Mua": "0 (Tỷ)",
    "GT Bán": "0 (Tỷ)",
    "Room còn lại": "N/A",
    "(*)   EPS cơ bản (nghìn đồng):": "0.38",
    "EPS pha loãng (nghìn đồng):": "0.38",
    "P/E :": "36.42",
    "Giá trị sổ sách /cp (nghìn đồng):": "10.36",
    "(**) Hệ số beta:": "0.89",
    "KLGD khớp lệnh trung bình 10 phiên:": "249,890",
    "KLCP đang niêm yết:": "162,176,449",
    "KLCP đang lưu hành:": "161,857,589",
    "Vốn hóa thị trường (tỷ đồng):": "2,217.45",
    "Doanh thu": "8,000 tỷ",
    "Lợi nhuận trước thuế": "N/A",
    "Lợi nhuận sau thuế": "80 tỷ",
    "Cổ tức bằng tiền mặt": "8 %",
    "Cổ tức bằng cổ phiếu": "N/A",
    "Dự kiến tăng vốn lên": "N/A",
    "Giới thiệu công ty": "Công ty Cổ phần Quốc tế Sơn Hà tiền thân là Công ty TNHH Cơ Kim khí Sơn Hà, doanh nghiệp được thành lập và hoạt động theo giấy chứng nhận đăng ký kinh doanh số 070376 ngày 23 tháng 11 năm 1998 do Sở Kế hoạch và Đầu tư thành phố Hà Nội cấp, Vốn điều lệ ban đầu là 600 triệu đồng.Công ty chuyển đổi sang mô hình Công ty cổ phần và hoạt động theo Giấy chứng nhận đăng ký kinh doanh số 0103020425 do Sở Kế hoạch và Đầu tư thành phố Hà Nội cấp ngày 30 tháng 10 năm 2007."
}