{
    "Url": "http://s.cafef.vn/hose/SHP-cong-ty-co-phan-thuy-dien-mien-nam.chn",
    "CenterName": "HSX",
    "Symbol": "SHP",
    "TradeCenterID": 1,
    "ChangePrice": 0.35211267605634305,
    "VonHoa": 2884.381032,
    "ChangeVolume": -41.32029339853301,
    "EPS": 2.59055266478544,
    "PE": 11.0015134559561,
    "Beta": 0.179595674659144,
    "Price": 28.5,
    "UpdatedDate": "/Date(1686037643766)/",
    "FullName": "Công ty cổ phần Thủy điện Miền Nam",
    "ParentCategoryId": 340,
    "Cập nhật": "11:30 Thứ 4, 07/06/2023",
    "Mã công ty": "SHP",
    "Tên công ty": "Công ty cổ phần Thủy điện Miền Nam (HOSE)",
    "Giá điểm": "28.5",
    "Thay đổi": "N/A",
    "Khối lượng": "2,000",
    "Giá tham chiếu": "28.5",
    "Giá trần": "30.45",
    "Giá sàn": "26.55",
    "Giá mở cửa": "N/A",
    "Giá cao nhất": "N/A",
    "Giá thấp nhất": "28.3",
    "Giao dịch NĐTNN": "Giao dịch NĐTNN",
    "KLGD ròng": "28.5",
    "GT Mua": "0 (Tỷ)",
    "GT Bán": "0 (Tỷ)",
    "Room còn lại": "N/A",
    "(*)   EPS cơ bản (nghìn đồng):": "2.69",
    "EPS pha loãng (nghìn đồng):": "2.69",
    "P/E :": "10.60",
    "Giá trị sổ sách /cp (nghìn đồng):": "13.86",
    "(**) Hệ số beta:": "0.18",
    "KLGD khớp lệnh trung bình 10 phiên:": "15,130",
    "KLCP đang niêm yết:": "101,206,352",
    "KLCP đang lưu hành:": "101,206,352",
    "Vốn hóa thị trường (tỷ đồng):": "2,884.38",
    "Doanh thu": "651.17 tỷ",
    "Lợi nhuận trước thuế": "283.23 tỷ",
    "Lợi nhuận sau thuế": "254.91 tỷ",
    "Cổ tức bằng tiền mặt": "N/A",
    "Cổ tức bằng cổ phiếu": "N/A",
    "Dự kiến tăng vốn lên": "N/A",
    "Giới thiệu công ty": "Ngày 13/7/2004, CTCP Thủy Điện Miền Nam được Sở Kế hoạch và Đầu tư TPHCM cấp Giấy chứng nhận đăng ký kinh doanh số 4103002486, chính thức đi vào hoạt động với mức vốn điều lệ là 250.000.000.000 VNĐ. Ngày 10/09/2010 cổ phiếu của Công ty chính thức giao dịch trên sàn Upcom với mã chứng khoán SHP. Ngày 21/7/2014 cổ phiếu SHP của Công ty chính thức chuyển sang niêm yết trên sàn giao dịch chứng khoán thành phố Hồ Chí Minh"
}