{
    "Url": "http://s.cafef.vn/hose/SJD-cong-ty-co-phan-thuy-dien-can-don.chn",
    "CenterName": "HSX",
    "Symbol": "SJD",
    "TradeCenterID": 1,
    "ChangePrice": 1.3513513513513467,
    "VonHoa": 1034.9793,
    "ChangeVolume": 8.821402747650037,
    "EPS": 1.95840683288111,
    "PE": 7.65928700214588,
    "Beta": 0.41274134875478,
    "Price": 15,
    "UpdatedDate": "/Date(1686037643766)/",
    "FullName": "Công ty Cổ phần Thủy điện Cần Đơn",
    "ParentCategoryId": 340,
    "Cập nhật": "11:30 Thứ 4, 07/06/2023",
    "Mã công ty": "SJD",
    "Tên công ty": "Công ty Cổ phần Thủy điện Cần Đơn (HOSE)",
    "Giá điểm": "15",
    "Thay đổi": "0.15 (1.01%)",
    "Khối lượng": "40,800",
    "Giá tham chiếu": "14.85",
    "Giá trần": "15.85",
    "Giá sàn": "13.85",
    "Giá mở cửa": "15.05",
    "Giá cao nhất": "N/A",
    "Giá thấp nhất": "N/A",
    "Giao dịch NĐTNN": "Giao dịch NĐTNN",
    "KLGD ròng": "15.05",
    "GT Mua": "0 (Tỷ)",
    "GT Bán": "0 (Tỷ)",
    "Room còn lại": "N/A",
    "(*)   EPS cơ bản (nghìn đồng):": "2.09",
    "EPS pha loãng (nghìn đồng):": "2.09",
    "P/E :": "7.19",
    "Giá trị sổ sách /cp (nghìn đồng):": "15.76",
    "(**) Hệ số beta:": "0.41",
    "KLGD khớp lệnh trung bình 10 phiên:": "87,950",
    "KLCP đang niêm yết:": "68,998,620",
    "KLCP đang lưu hành:": "68,998,620",
    "Vốn hóa thị trường (tỷ đồng):": "1,024.63",
    "Doanh thu": "419.4 tỷ",
    "Lợi nhuận trước thuế": "185.7 tỷ",
    "Lợi nhuận sau thuế": "148.66 tỷ",
    "Cổ tức bằng tiền mặt": "21 %",
    "Cổ tức bằng cổ phiếu": "N/A",
    "Dự kiến tăng vốn lên": "689.99 tỷ",
    "Giới thiệu công ty": "Công ty BOT Cần Đơn, tiền thân của Công ty cổ phần Thủy điện Cần Đơn, ra đời ngày 15 tháng 4 năm 1998 theo QĐ số 569/TCT/TCLĐ của hội đồng quản trị Tổng công ty Sông Đà. Ngày 11 tháng 20 năm 2004, Công ty được sở kê hoạch đầu tư Bình Phước cấp giáy phép đăng ký kinh doanh dưới hình thức công ty cổ phần.Công ty bắt đầu niêm yết với mã chứng khoán SJD ngày 25/12/2006 trên sàn giao dịch chứng khoán T.P Hồ Chí Minh"
}