{
    "Url": "http://s.cafef.vn/hose/SJF-ctcp-dau-tu-sao-thai-duong.chn",
    "CenterName": "HSX",
    "Symbol": "SJF",
    "TradeCenterID": 1,
    "ChangePrice": 3.6842105263157925,
    "VonHoa": 312.048,
    "ChangeVolume": 37.87284813362877,
    "EPS": 0.0947522985716831,
    "PE": 41.5821047023916,
    "Beta": 0,
    "Price": 3.94,
    "UpdatedDate": "/Date(1686037643766)/",
    "FullName": "CTCP Đầu tư Sao Thái Dương",
    "ParentCategoryId": 338,
    "Cập nhật": "11:30 Thứ 4, 07/06/2023",
    "Mã công ty": "SJF",
    "Tên công ty": "CTCP Đầu tư Sao Thái Dương (HOSE)",
    "Giá điểm": "4.14",
    "Thay đổi": "0.02 (0.49%)",
    "Khối lượng": "490,000",
    "Giá tham chiếu": "4.12",
    "Giá trần": "4.4",
    "Giá sàn": "3.84",
    "Giá mở cửa": "4.13",
    "Giá cao nhất": "4.19",
    "Giá thấp nhất": "N/A",
    "Giao dịch NĐTNN": "Giao dịch NĐTNN",
    "KLGD ròng": "4.19",
    "GT Mua": "0 (Tỷ)",
    "GT Bán": "0 (Tỷ)",
    "Room còn lại": "N/A",
    "(*)   EPS cơ bản (nghìn đồng):": "0.11",
    "EPS pha loãng (nghìn đồng):": "0.11",
    "P/E :": "36.41",
    "Giá trị sổ sách /cp (nghìn đồng):": "10.41",
    "(**) Hệ số beta:": "n/a",
    "KLGD khớp lệnh trung bình 10 phiên:": "1,389,720",
    "KLCP đang niêm yết:": "79,200,000",
    "KLCP đang lưu hành:": "79,200,000",
    "Vốn hóa thị trường (tỷ đồng):": "326.30",
    "Doanh thu": "350 tỷ",
    "Lợi nhuận trước thuế": "N/A",
    "Lợi nhuận sau thuế": "15 tỷ",
    "Cổ tức bằng tiền mặt": "N/A",
    "Cổ tức bằng cổ phiếu": "N/A",
    "Dự kiến tăng vốn lên": "N/A",
    "Giới thiệu công ty": "Công ty Cổ phần đầu tư Sao Thái Dương (SJF) được thành lập năm 2012 với mục đích ban đầu là cung cấp các sản phẩm chăm sóc sắc đẹp (mỹ phẩm, tóc..) có nguồn gốc từ thiên nhiên (thảo dược hay hữu cơ như Sakura, Ecoparadise..) từ các thị trường phát triển (Nhật Bản, Hàn Quốc..) đến với người tiêu dùng Việt Nam."
}