{
    "Url": "http://s.cafef.vn/hose/SJS-cong-ty-co-phan-dau-tu-phat-trien-do-thi-va-khu-cong-nghiep-song-da.chn",
    "CenterName": "HSX",
    "Symbol": "SJS",
    "TradeCenterID": 1,
    "ChangePrice": -1.1111111111111112,
    "VonHoa": 6926.128719,
    "ChangeVolume": 73.71175523349436,
    "EPS": 0.715230425959092,
    "PE": 62.2177110828688,
    "Beta": 0.800485029381588,
    "Price": 44.5,
    "UpdatedDate": "/Date(1686037643766)/",
    "FullName": "Công ty Cổ phần Đầu tư Phát triển Đô thị và Khu Công nghiệp Sông Đà",
    "ParentCategoryId": 345,
    "Cập nhật": "11:30 Thứ 4, 07/06/2023",
    "Mã công ty": "SJS",
    "Tên công ty": "Công ty Cổ phần Đầu tư Phát triển Đô thị và Khu Công nghiệp Sông Đà (HOSE)",
    "Giá điểm": "43.5",
    "Thay đổi": "-0.5 (-1.14%)",
    "Khối lượng": "25,300",
    "Giá tham chiếu": "44",
    "Giá trần": "47.05",
    "Giá sàn": "40.95",
    "Giá mở cửa": "N/A",
    "Giá cao nhất": "N/A",
    "Giá thấp nhất": "42.65",
    "Giao dịch NĐTNN": "Giao dịch NĐTNN",
    "KLGD ròng": "44",
    "GT Mua": "0 (Tỷ)",
    "GT Bán": "0.77 (Tỷ)",
    "Room còn lại": "N/A",
    "(*)   EPS cơ bản (nghìn đồng):": "0.76",
    "EPS pha loãng (nghìn đồng):": "1.02",
    "P/E :": "57.55",
    "Giá trị sổ sách /cp (nghìn đồng):": "15.55",
    "(**) Hệ số beta:": "0.80",
    "KLGD khớp lệnh trung bình 10 phiên:": "134,460",
    "KLCP đang niêm yết:": "114,855,540",
    "KLCP đang lưu hành:": "155,643,342",
    "Vốn hóa thị trường (tỷ đồng):": "6,848.31",
    "Doanh thu": "1,145 tỷ",
    "Lợi nhuận trước thuế": "320 tỷ",
    "Lợi nhuận sau thuế": "N/A",
    "Cổ tức bằng tiền mặt": "10 %",
    "Cổ tức bằng cổ phiếu": "N/A",
    "Dự kiến tăng vốn lên": "N/A",
    "Giới thiệu công ty": "Năm 2003, CTCP Đầu tư Phát triển đô thị và Khu công nghiệp Sông Đà được thành lập theo quyết định của Bộ trưởng Bộ Xây dựng về việc chuyển Công ty Đầu tư phát triển đô thị & Khu công nghiệp Sông Đà  doanh nghiệp Nhà nước trực thuộc Tổng Công ty Sông Đà thành công ty cổ phần. Năm 2006, cổ phiếu của công ty chính thức giao dịch trên TTGDCK HCM vào ngày 06/07/2006 với số lượng niêm yết 5 triệu cổ phiếu."
}