{
    "Url": "http://s.cafef.vn/hose/SKG-cong-ty-co-phan-tau-cao-toc-superdong-kien-giang.chn",
    "CenterName": "HSX",
    "Symbol": "SKG",
    "TradeCenterID": 1,
    "ChangePrice": -2.272727272727269,
    "VonHoa": 1225.46907225,
    "ChangeVolume": 10.065561767838126,
    "EPS": 1.04321079428352,
    "PE": 18.5485043924316,
    "Beta": 0.570189348008581,
    "Price": 19.35,
    "UpdatedDate": "/Date(1686037643766)/",
    "FullName": "Công ty Cổ phần Tàu cao tốc Superdong – Kiên Giang",
    "ParentCategoryId": 343,
    "Cập nhật": "11:30 Thứ 4, 07/06/2023",
    "Mã công ty": "SKG",
    "Tên công ty": "Công ty Cổ phần Tàu cao tốc Superdong – Kiên Giang (HOSE)",
    "Giá điểm": "19.5",
    "Thay đổi": "0.3 (1.56%)",
    "Khối lượng": "450,600",
    "Giá tham chiếu": "19.2",
    "Giá trần": "20.5",
    "Giá sàn": "17.9",
    "Giá mở cửa": "19.8",
    "Giá cao nhất": "N/A",
    "Giá thấp nhất": "19.15",
    "Giao dịch NĐTNN": "Giao dịch NĐTNN",
    "KLGD ròng": "19.8",
    "GT Mua": "0.01 (Tỷ)",
    "GT Bán": "0 (Tỷ)",
    "Room còn lại": "N/A",
    "(*)   EPS cơ bản (nghìn đồng):": "1.07",
    "EPS pha loãng (nghìn đồng):": "1.07",
    "P/E :": "18.20",
    "Giá trị sổ sách /cp (nghìn đồng):": "13.43",
    "(**) Hệ số beta:": "0.57",
    "KLGD khớp lệnh trung bình 10 phiên:": "1,034,750",
    "KLCP đang niêm yết:": "63,331,735",
    "KLCP đang lưu hành:": "63,331,735",
    "Vốn hóa thị trường (tỷ đồng):": "1,215.97",
    "Doanh thu": "409.85 tỷ",
    "Lợi nhuận trước thuế": "N/A",
    "Lợi nhuận sau thuế": "42.98 tỷ",
    "Cổ tức bằng tiền mặt": "5 %",
    "Cổ tức bằng cổ phiếu": "N/A",
    "Dự kiến tăng vốn lên": "633.32 tỷ",
    "Giới thiệu công ty": "Công ty được thành lập và đi vào hoạt động ngày 14/11/2007 với tên gọi là Công ty TNHH Tàu cao tốc Superdong - Kiên Giang và vốn điều lệ đăng ký ban đầu là 9.6 tỷ đồng. Hoạt động chính của công ty là Vận tải hành khách và hàng hóa ven biển, vận tải hành khách và hàng hóa bằng đường thủy nội địa. Ngày 22/01/2010 Công ty chuyển đổi hình thức thành Công ty cổ phần.Ngày 08/07/2014, toàn bộ 17.474.854 cổ phiếu SKG được chính thức giao dịch trên HO"
}