{
    "Url": "http://s.cafef.vn/hose/SMA-cong-ty-co-phan-thiet-bi-phu-tung-sai-gon.chn",
    "CenterName": "HSX",
    "Symbol": "SMA",
    "TradeCenterID": 1,
    "ChangePrice": -2.439024390243894,
    "VonHoa": 162.822688,
    "ChangeVolume": 14.657210401891254,
    "EPS": 1.24770170424791,
    "PE": 6.41178894984539,
    "Beta": 0.543606006902341,
    "Price": 8,
    "UpdatedDate": "/Date(1686037643766)/",
    "FullName": "Công ty Cổ phần Thiết bị Phụ tùng Sài Gòn",
    "ParentCategoryId": 346,
    "Cập nhật": "11:30 Thứ 4, 07/06/2023",
    "Mã công ty": "SMA",
    "Tên công ty": "Công ty Cổ phần Thiết bị Phụ tùng Sài Gòn (HOSE)",
    "Giá điểm": "8",
    "Thay đổi": "-0.1 (-1.23%)",
    "Khối lượng": "3,400",
    "Giá tham chiếu": "8.1",
    "Giá trần": "8.66",
    "Giá sàn": "7.54",
    "Giá mở cửa": "N/A",
    "Giá cao nhất": "N/A",
    "Giá thấp nhất": "8",
    "Giao dịch NĐTNN": "Giao dịch NĐTNN",
    "KLGD ròng": "8",
    "GT Mua": "0 (Tỷ)",
    "GT Bán": "0 (Tỷ)",
    "Room còn lại": "N/A",
    "(*)   EPS cơ bản (nghìn đồng):": "1.34",
    "EPS pha loãng (nghìn đồng):": "1.34",
    "P/E :": "5.99",
    "Giá trị sổ sách /cp (nghìn đồng):": "11.15",
    "(**) Hệ số beta:": "0.54",
    "KLGD khớp lệnh trung bình 10 phiên:": "9,900",
    "KLCP đang niêm yết:": "20,352,836",
    "KLCP đang lưu hành:": "20,352,836",
    "Vốn hóa thị trường (tỷ đồng):": "164.86",
    "Doanh thu": "73.88 tỷ",
    "Lợi nhuận trước thuế": "14.64 tỷ",
    "Lợi nhuận sau thuế": "11.71 tỷ",
    "Cổ tức bằng tiền mặt": "N/A",
    "Cổ tức bằng cổ phiếu": "N/A",
    "Dự kiến tăng vốn lên": "N/A",
    "Giới thiệu công ty": "Tiền thân là Công ty Thiết bị Phụ tùng TP.HCM - Một doanh nghiệp nhà nước hoạt động trong ngành Vật tư Thiết bị Phụ tùng hơn 40 năm. Chuyển đổi sở hữu thành Công ty cổ phần từ 01/03/2005. Đã niêm yết cổ phiếu tại sở Giao dịch Chứng khoán TP Hồ Chí Minh ngày 19/10/2010. Chuyển đổi 80.6 tỷ đồng trái phiếu sang cổ phiếu và niêm yết trên HO và 30/08/2012, tăng VĐL lên 161.2 tỷ đồng."
}