{
    "Url": "http://s.cafef.vn/hose/SMB-cong-ty-co-phan-bia-sai-gon-mien-trung.chn",
    "CenterName": "HSX",
    "Symbol": "SMB",
    "TradeCenterID": 1,
    "ChangePrice": 0,
    "VonHoa": 1164.019272,
    "ChangeVolume": 97.84172661870504,
    "EPS": 5.34448537007735,
    "PE": 7.29724141792077,
    "Beta": -0.0662071886490961,
    "Price": 39,
    "UpdatedDate": "/Date(1686037643766)/",
    "FullName": "Công ty Cổ phần Bia Sài Gòn - Miền Trung",
    "ParentCategoryId": 339,
    "Cập nhật": "11:30 Thứ 4, 07/06/2023",
    "Mã công ty": "SMB",
    "Tên công ty": "Công ty Cổ phần Bia Sài Gòn - Miền Trung (HOSE)",
    "Giá điểm": "39",
    "Thay đổi": "N/A",
    "Khối lượng": "3,500",
    "Giá tham chiếu": "39",
    "Giá trần": "41.7",
    "Giá sàn": "36.3",
    "Giá mở cửa": "39.5",
    "Giá cao nhất": "N/A",
    "Giá thấp nhất": "38",
    "Giao dịch NĐTNN": "Giao dịch NĐTNN",
    "KLGD ròng": "39.5",
    "GT Mua": "0 (Tỷ)",
    "GT Bán": "0.02 (Tỷ)",
    "Room còn lại": "N/A",
    "(*)   EPS cơ bản (nghìn đồng):": "5.47",
    "EPS pha loãng (nghìn đồng):": "5.47",
    "P/E :": "7.12",
    "Giá trị sổ sách /cp (nghìn đồng):": "19.40",
    "(**) Hệ số beta:": "-0.07",
    "KLGD khớp lệnh trung bình 10 phiên:": "7,330",
    "KLCP đang niêm yết:": "29,846,648",
    "KLCP đang lưu hành:": "29,846,648",
    "Vốn hóa thị trường (tỷ đồng):": "1,164.02",
    "Doanh thu": "1,488.85 tỷ",
    "Lợi nhuận trước thuế": "90 tỷ",
    "Lợi nhuận sau thuế": "N/A",
    "Cổ tức bằng tiền mặt": "N/A",
    "Cổ tức bằng cổ phiếu": "N/A",
    "Dự kiến tăng vốn lên": "N/A",
    "Giới thiệu công ty": "Công ty Cổ phần Bia Sài Gòn-Miền Trung được thành lập trên cơ sở hợp nhất 03 đơn vị: Công ty Cổ phần Bia Sài Gòn-Quy Nhơn, Công ty Cổ phần Bia Sài Gòn-Phú Yên, Công ty Cổ phần Bia Sài Gòn-Đak Lak, chính thức đi vào hoạt động từ ngày 01/10/2008. Ngành nghề kinh doanh: sản xuất kinh doanh các loại bia rượu, cồn và nước giải khát; kinh doanh xuất nhập khẩu thiết bị nguyên vật liệu của ngành công nghiệp thực phẩm;..."
}