{
    "Url": "http://s.cafef.vn/hose/SMC-cong-ty-co-phan-au-tu-thuong-mai-smc.chn",
    "CenterName": "HSX",
    "Symbol": "SMC",
    "TradeCenterID": 1,
    "ChangePrice": -2.2471910112359472,
    "VonHoa": 960.56922285,
    "ChangeVolume": -37.67440600363035,
    "EPS": -7.18502223941978,
    "PE": -1.81627830299574,
    "Beta": 0.167988060815222,
    "Price": 13.05,
    "UpdatedDate": "/Date(1686037643766)/",
    "FullName": "Công ty Cổ phần Ðầu tư Thương mại SMC",
    "ParentCategoryId": 345,
    "Cập nhật": "11:30 Thứ 4, 07/06/2023",
    "Mã công ty": "SMC",
    "Tên công ty": "Công ty Cổ phần Ðầu tư Thương mại SMC (HOSE)",
    "Giá điểm": "13.5",
    "Thay đổi": "0.4 (3.05%)",
    "Khối lượng": "660,900",
    "Giá tham chiếu": "13.1",
    "Giá trần": "14",
    "Giá sàn": "12.2",
    "Giá mở cửa": "13.4",
    "Giá cao nhất": "13.7",
    "Giá thấp nhất": "N/A",
    "Giao dịch NĐTNN": "Giao dịch NĐTNN",
    "KLGD ròng": "13.7",
    "GT Mua": "0 (Tỷ)",
    "GT Bán": "0 (Tỷ)",
    "Room còn lại": "N/A",
    "(*)   EPS cơ bản (nghìn đồng):": "n/a",
    "EPS pha loãng (nghìn đồng):": "n/a",
    "P/E :": "n/a",
    "Giá trị sổ sách /cp (nghìn đồng):": "30.44",
    "(**) Hệ số beta:": "0.17",
    "KLGD khớp lệnh trung bình 10 phiên:": "736,380",
    "KLCP đang niêm yết:": "73,678,587",
    "KLCP đang lưu hành:": "73,606,837",
    "Vốn hóa thị trường (tỷ đồng):": "964.25",
    "Doanh thu": "20,350 tỷ",
    "Lợi nhuận trước thuế": "N/A",
    "Lợi nhuận sau thuế": "150 tỷ",
    "Cổ tức bằng tiền mặt": "5 %",
    "Cổ tức bằng cổ phiếu": "N/A",
    "Dự kiến tăng vốn lên": "N/A",
    "Giới thiệu công ty": "Tiền thân của Công ty Cổ phần Đầu tư Thương Mại SMC là Cửa hàng Vật Liệu Xây Dựng số 1 được thành lập vào năm 1988. Năm 1996, Cửa hàng Vật Liệu Xây Dựng số 1 được chuyển thành Xí nghiệp Sản Xuất Kinh Doanh Vật Liệu Xây Dựng Số 1 trực thuộc Công ty Xây lắp Thương Mại2 Bộ Thương Mại. Ngày 19/08/2004, Xí nghiệp sản Xuất Kinh Doanh Vật Liệu xây Dựng Số 1 đã được chính thức chuyển thành Công ty Cổ phần Đầu Tư Thương Mại SMC theo quyết định số 1166/QĐBTM."
}