{
    "Url": "http://s.cafef.vn/hose/SPM-cong-ty-co-phan-spm.chn",
    "CenterName": "HSX",
    "Symbol": "SPM",
    "TradeCenterID": 1,
    "ChangePrice": 6.589147286821702,
    "VonHoa": 189.3375,
    "ChangeVolume": -65,
    "EPS": 1.45127677129281,
    "PE": 9.47441609483722,
    "Beta": 0.22274041600597,
    "Price": 13.75,
    "UpdatedDate": "/Date(1686037643766)/",
    "FullName": "Công ty Cổ phần S.P.M",
    "ParentCategoryId": 342,
    "Cập nhật": "11:30 Thứ 4, 07/06/2023",
    "Mã công ty": "SPM",
    "Tên công ty": "Công ty Cổ phần S.P.M (HOSE)",
    "Giá điểm": "13.6",
    "Thay đổi": "N/A",
    "Khối lượng": "0.0",
    "Giá tham chiếu": "13.6",
    "Giá trần": "14.55",
    "Giá sàn": "12.65",
    "Giá mở cửa": "N/A",
    "Giá cao nhất": "N/A",
    "Giá thấp nhất": "N/A",
    "Giao dịch NĐTNN": "Giao dịch NĐTNN",
    "KLGD ròng": "13.6",
    "GT Mua": "0 (Tỷ)",
    "GT Bán": "0 (Tỷ)",
    "Room còn lại": "N/A",
    "(*)   EPS cơ bản (nghìn đồng):": "1.50",
    "EPS pha loãng (nghìn đồng):": "1.48",
    "P/E :": "9.05",
    "Giá trị sổ sách /cp (nghìn đồng):": "57.69",
    "(**) Hệ số beta:": "0.22",
    "KLGD khớp lệnh trung bình 10 phiên:": "1,350",
    "KLCP đang niêm yết:": "14,000,000",
    "KLCP đang lưu hành:": "13,770,000",
    "Vốn hóa thị trường (tỷ đồng):": "187.27",
    "Doanh thu": "550 tỷ",
    "Lợi nhuận trước thuế": "N/A",
    "Lợi nhuận sau thuế": "12 tỷ",
    "Cổ tức bằng tiền mặt": "N/A",
    "Cổ tức bằng cổ phiếu": "N/A",
    "Dự kiến tăng vốn lên": "140 tỷ",
    "Giới thiệu công ty": "Tiền thân của Công ty S.P.M là Công ty Dược phẩm Đô Thành. Công ty Dược phẩm Đô Thành hoạt động với tư cách là một nhà phân phối dược phẩm trực thuộc Tendipharco (Công ty Dược Quận 10) được thành lập năm 1988. Năm 1995, thành lập Công ty TNHH Dược phẩm Đô Thành (Saigon Pharma). Năm 2001, Công ty TNHH S.P.M chính thức ra đời ngày 26/03/2001. Ngày 12/02/2007, chuyển đổi thành CTCP S.P.M."
}