{
    "Url": "http://s.cafef.vn/hose/SRC-cong-ty-co-phan-cao-su-sao-vang.chn",
    "CenterName": "HSX",
    "Symbol": "SRC",
    "TradeCenterID": 1,
    "ChangePrice": -3.7037037037037,
    "VonHoa": 510.7532976,
    "ChangeVolume": -100,
    "EPS": 0.581917977349975,
    "PE": 31.2758854484646,
    "Beta": 1.36657028262289,
    "Price": 18.2,
    "UpdatedDate": "/Date(1686037643766)/",
    "FullName": "Công ty Cổ phần Cao Su Sao Vàng",
    "ParentCategoryId": 343,
    "Cập nhật": "11:30 Thứ 4, 07/06/2023",
    "Mã công ty": "SRC",
    "Tên công ty": "Công ty Cổ phần Cao Su Sao Vàng (HOSE)",
    "Giá điểm": "18.5",
    "Thay đổi": "N/A",
    "Khối lượng": "0.0",
    "Giá tham chiếu": "18.5",
    "Giá trần": "19.75",
    "Giá sàn": "17.25",
    "Giá mở cửa": "N/A",
    "Giá cao nhất": "N/A",
    "Giá thấp nhất": "N/A",
    "Giao dịch NĐTNN": "Giao dịch NĐTNN",
    "KLGD ròng": "18.5",
    "GT Mua": "0 (Tỷ)",
    "GT Bán": "0 (Tỷ)",
    "Room còn lại": "N/A",
    "(*)   EPS cơ bản (nghìn đồng):": "0.60",
    "EPS pha loãng (nghìn đồng):": "0.60",
    "P/E :": "30.65",
    "Giá trị sổ sách /cp (nghìn đồng):": "15.98",
    "(**) Hệ số beta:": "1.37",
    "KLGD khớp lệnh trung bình 10 phiên:": "2,210",
    "KLCP đang niêm yết:": "28,065,765",
    "KLCP đang lưu hành:": "28,063,368",
    "Vốn hóa thị trường (tỷ đồng):": "519.17",
    "Doanh thu": "2,000 tỷ",
    "Lợi nhuận trước thuế": "100 tỷ",
    "Lợi nhuận sau thuế": "N/A",
    "Cổ tức bằng tiền mặt": "N/A",
    "Cổ tức bằng cổ phiếu": "N/A",
    "Dự kiến tăng vốn lên": "N/A",
    "Giới thiệu công ty": "Ngày 23 /05/1960, Nhà máy Cao su Sao vàng được thành lập. Ngày 27/08/1992, Nhà máy Cao su Sao vàng được đổi tên thành Công ty Cao su Sao vàng theo quyết định số 645/CNNG. Ngày 24/10/2005 CTCP Cao su Sao vàng được thành lập theo quyết định số 3500/QĐ BCN. Ngày 03/04/2006,Sở kế hoạch đầu tư thành phố Hà nội cấp giấy chứng nhận đăng ký kinh doanh lần đầu."
}