{
    "Url": "http://s.cafef.vn/hose/SRF-cong-ty-co-phan-searefico.chn",
    "CenterName": "HSX",
    "Symbol": "SRF",
    "TradeCenterID": 1,
    "ChangePrice": 11.223458038422644,
    "VonHoa": 371.65458,
    "ChangeVolume": -87.15313463514903,
    "EPS": -3.76921382130072,
    "PE": -2.91838046911438,
    "Beta": 0.0806827721294655,
    "Price": 11,
    "UpdatedDate": "/Date(1686037643766)/",
    "FullName": "Công ty Cổ phần SEAREFICO",
    "ParentCategoryId": 343,
    "Cập nhật": "11:30 Thứ 4, 07/06/2023",
    "Mã công ty": "SRF",
    "Tên công ty": "Công ty Cổ phần SEAREFICO (HOSE)",
    "Giá điểm": "10.25",
    "Thay đổi": "N/A",
    "Khối lượng": "3,000",
    "Giá tham chiếu": "10.25",
    "Giá trần": "10.95",
    "Giá sàn": "9.54",
    "Giá mở cửa": "N/A",
    "Giá cao nhất": "N/A",
    "Giá thấp nhất": "N/A",
    "Giao dịch NĐTNN": "Giao dịch NĐTNN",
    "KLGD ròng": "10.25",
    "GT Mua": "0 (Tỷ)",
    "GT Bán": "0 (Tỷ)",
    "Room còn lại": "N/A",
    "(*)   EPS cơ bản (nghìn đồng):": "n/a",
    "EPS pha loãng (nghìn đồng):": "n/a",
    "P/E :": "n/a",
    "Giá trị sổ sách /cp (nghìn đồng):": "14.35",
    "(**) Hệ số beta:": "0.08",
    "KLGD khớp lệnh trung bình 10 phiên:": "22,400",
    "KLCP đang niêm yết:": "35,566,780",
    "KLCP đang lưu hành:": "33,786,780",
    "Vốn hóa thị trường (tỷ đồng):": "346.31",
    "Doanh thu": "1,700 tỷ",
    "Lợi nhuận trước thuế": "N/A",
    "Lợi nhuận sau thuế": "32 tỷ",
    "Cổ tức bằng tiền mặt": "N/A",
    "Cổ tức bằng cổ phiếu": "N/A",
    "Dự kiến tăng vốn lên": "N/A",
    "Giới thiệu công ty": "Ngày 18/11/1977, tiền thân của công ty là Xưởng cơ khí Phú Lâm được thành lập. 01/04/1993, Công ty Kỹ nghệ Lạnh (SEAREFICO) được thành lập theo Quyết định số 95/TS/QĐTC. Từ tháng 11/1996 Bộ Thủy sản ra quyết định sáp nhập Xí nghiệp Cơ Điện Lạnh Đà Nẵng (SEAREE) thuộc Công ty Thủy sản Miền trung (Seaprodex Danang) vào Công ty Kỹ nghệ Lạnh trực thuộc Tổng công ty Thủy sản Việt Nam. Năm 1999, Công ty Kỹ nghệ Lạnh được cổ phần hóa"
}