{
    "Url": "http://s.cafef.vn/hose/SSB-ngan-hang-thuong-mai-co-phan-dong-nam-a.chn",
    "CenterName": "HSX",
    "Symbol": "SSB",
    "TradeCenterID": 1,
    "ChangePrice": 4.304635761589407,
    "VonHoa": 0,
    "ChangeVolume": -1.8315676063925301,
    "EPS": 1.56344149570194,
    "PE": 20.1478597610443,
    "Beta": 0,
    "Price": 31.5,
    "UpdatedDate": "/Date(1686037643766)/",
    "FullName": "Ngân hàng Thương mại cổ phần Đông Nam Á",
    "ParentCategoryId": 341,
    "Cập nhật": "11:30 Thứ 4, 07/06/2023",
    "Giá điểm": "31.5",
    "Thay đổi": "-0.05 (-0.16%)",
    "Khối lượng": "302,900",
    "Giá tham chiếu": "31.55",
    "Giá trần": "33.75",
    "Giá sàn": "29.35",
    "Giá mở cửa": "31.6",
    "Giá cao nhất": "31.65",
    "Giá thấp nhất": "31.35",
    "Giao dịch NĐTNN": "Giao dịch NĐTNN",
    "KLGD ròng": "31.65",
    "GT Mua": "0 (Tỷ)",
    "GT Bán": "0 (Tỷ)",
    "Room còn lại": "N/A",
    "(*)   EPS cơ bản (nghìn đồng):": "1.87",
    "EPS pha loãng (nghìn đồng):": "1.92",
    "P/E :": "16.88",
    "Giá trị sổ sách /cp (nghìn đồng):": "n/a",
    "(**) Hệ số beta:": "n/a",
    "KLGD khớp lệnh trung bình 10 phiên:": "559,440",
    "KLCP đang niêm yết:": "n/a",
    "KLCP đang lưu hành:": "n/a",
    "Vốn hóa thị trường (tỷ đồng):": "n/a",
    "Tổng tài sản tăng": "10%",
    "Nguồn huy động vốn tăng trưởng ròng khoảng": "18.000 tỷ đồng",
    "Tăng trưởng tín dụng khoảng": "11%, tương đương tăng trưởng ròng 16.200 tỷ đồng so với năm 2022",
    "Lợi nhuận trước thuế năm 2023 đạt": "5.633,3 tỷ đồng",
    "Lợi nhuận sau thuế đạt": "4.506,6 tỷ, tăng 10% so với năm 2022",
    "Tỷ lệ nợ xấu kiểm soát theo quy định": "nhỏ hơn 3%."
}