{
    "Url": "http://s.cafef.vn/hose/SSC-cong-ty-co-phan-giong-cay-trong-mien-nam.chn",
    "CenterName": "HSX",
    "Symbol": "SSC",
    "TradeCenterID": 1,
    "ChangePrice": 4.915254237288133,
    "VonHoa": 410.76174575,
    "ChangeVolume": 139.31623931623932,
    "EPS": 3.24561579927821,
    "PE": 9.53594076257668,
    "Beta": -0.0881447626154277,
    "Price": 30.95,
    "UpdatedDate": "/Date(1686037643766)/",
    "FullName": "Công ty Cổ phần Giống cây trồng Miền Nam ",
    "ParentCategoryId": 338,
    "Cập nhật": "11:30 Thứ 4, 07/06/2023",
    "Mã công ty": "SSC",
    "Tên công ty": "Công ty Cổ phần Giống cây trồng Miền Nam  (HOSE)",
    "Giá điểm": "30.6",
    "Thay đổi": "N/A",
    "Khối lượng": "0.0",
    "Giá tham chiếu": "30.6",
    "Giá trần": "32.7",
    "Giá sàn": "28.5",
    "Giá mở cửa": "N/A",
    "Giá cao nhất": "N/A",
    "Giá thấp nhất": "N/A",
    "Giao dịch NĐTNN": "Giao dịch NĐTNN",
    "KLGD ròng": "30.6",
    "GT Mua": "0 (Tỷ)",
    "GT Bán": "0 (Tỷ)",
    "Room còn lại": "N/A",
    "(*)   EPS cơ bản (nghìn đồng):": "3.50",
    "EPS pha loãng (nghìn đồng):": "3.10",
    "P/E :": "8.75",
    "Giá trị sổ sách /cp (nghìn đồng):": "27.63",
    "(**) Hệ số beta:": "-0.09",
    "KLGD khớp lệnh trung bình 10 phiên:": "2,320",
    "KLCP đang niêm yết:": "14,992,367",
    "KLCP đang lưu hành:": "13,271,785",
    "Vốn hóa thị trường (tỷ đồng):": "406.12",
    "Doanh thu": "373.72 tỷ",
    "Lợi nhuận trước thuế": "64.33 tỷ",
    "Lợi nhuận sau thuế": "51.47 tỷ",
    "Cổ tức bằng tiền mặt": "30 %",
    "Cổ tức bằng cổ phiếu": "N/A",
    "Dự kiến tăng vốn lên": "N/A",
    "Giới thiệu công ty": "Năm 1976 Công ty Giống cây trồng phía Nam được thành lập. Đến 1978, Công ty Giống cây trồng phía Nam được hợp nhất trở thành Chi nhánh I, đổi thành Xí nghiệp Giống cây trồng I vào năm 1981. Đến năm 1989 Bộ Nông Nghiệp có quyết định chia tách và thành lập Công ty Giống cây trồng Trung Ương II, trực thuộc Bộ,đến năm 1993 được đổi tên thành Công ty Giống cây trồng miền Nam. Năm 2002 Công ty được chuyển thành Công ty Cổ phần Giống cây trồng miền Nam (SSC)"
}