{
    "Url": "http://s.cafef.vn/hose/SSI-cong-ty-co-phan-chung-khoan-ssi.chn",
    "CenterName": "HSX",
    "Symbol": "SSI",
    "TradeCenterID": 1,
    "ChangePrice": 3.2119914346895073,
    "VonHoa": 36129.0057911,
    "ChangeVolume": -22.703699075231192,
    "EPS": 1.49420713548941,
    "PE": 16.1289552349155,
    "Beta": 1.07517955414607,
    "Price": 24.1,
    "UpdatedDate": "/Date(1686037643766)/",
    "FullName": "Công ty cổ phần Chứng khoán SSI",
    "ParentCategoryId": 341,
    "Cập nhật": "11:30 Thứ 4, 07/06/2023",
    "Mã công ty": "SSI",
    "Tên công ty": "Công ty cổ phần Chứng khoán SSI (HOSE)",
    "Giá điểm": "25.05",
    "Thay đổi": "-0.1 (-0.4%)",
    "Khối lượng": "8,436,200",
    "Giá tham chiếu": "25.15",
    "Giá trần": "26.9",
    "Giá sàn": "23.4",
    "Giá mở cửa": "25.2",
    "Giá cao nhất": "N/A",
    "Giá thấp nhất": "24.9",
    "Giao dịch NĐTNN": "Giao dịch NĐTNN",
    "KLGD ròng": "25.2",
    "GT Mua": "62.13 (Tỷ)",
    "GT Bán": "4.64 (Tỷ)",
    "Room còn lại": "N/A",
    "(*)   EPS cơ bản (nghìn đồng):": "1.65",
    "EPS pha loãng (nghìn đồng):": "1.65",
    "P/E :": "15.15",
    "Giá trị sổ sách /cp (nghìn đồng):": "14.84",
    "(**) Hệ số beta:": "1.08",
    "KLGD khớp lệnh trung bình 10 phiên:": "19,671,560",
    "KLCP đang niêm yết:": "1,501,130,128",
    "KLCP đang lưu hành:": "1,499,128,871",
    "Vốn hóa thị trường (tỷ đồng):": "37,703.09",
    "Doanh thu": "6,917 tỷ",
    "Lợi nhuận trước thuế": "2,540 tỷ",
    "Lợi nhuận sau thuế": "N/A",
    "Cổ tức bằng tiền mặt": "N/A",
    "Cổ tức bằng cổ phiếu": "N/A",
    "Dự kiến tăng vốn lên": "N/A",
    "Giới thiệu công ty": "Ngày  30/12/1999: SSI được thành lập, đặt trụ sở chính tại TP. HCM và hoạt động với hai  nghiệp vụ: Môi giới Chứng khoán và Tư vấn Đầu tư Chứng khoán. Vốn điều lệ ban  đầu là 6.000.000.000 VNĐ.   Tháng  12/2006: Cổ phiếu SSI đăng ký giao dịch tại Trung tâm Giao dịch Chứng khoán Hà  Nội. Tháng 10/2007: SSI chính thức niêm yết tại Trung tâm Giao dịch Chứng khoán TP.Hồ Chí Minh (nay là Sở Giao dịch Chứng khoán TP. Hồ Chí Minh)"
}