{
    "Url": "http://s.cafef.vn/hose/ST8-cong-ty-co-phan-sieu-thanh.chn",
    "CenterName": "HSX",
    "Symbol": "ST8",
    "TradeCenterID": 1,
    "ChangePrice": 3.8297872340425467,
    "VonHoa": 627.5900088,
    "ChangeVolume": 37.57245141493352,
    "EPS": 5.52405491651465,
    "PE": 4.41704515410483,
    "Beta": 0.496315642197556,
    "Price": 24.4,
    "UpdatedDate": "/Date(1686037643766)/",
    "FullName": "Công ty Cổ phần Siêu Thanh ",
    "ParentCategoryId": 346,
    "Cập nhật": "11:30 Thứ 4, 07/06/2023",
    "Mã công ty": "ST8",
    "Tên công ty": "Công ty Cổ phần Siêu Thanh  (HOSE)",
    "Giá điểm": "24.6",
    "Thay đổi": "0.05 (0.2%)",
    "Khối lượng": "22,700",
    "Giá tham chiếu": "24.55",
    "Giá trần": "26.25",
    "Giá sàn": "22.85",
    "Giá mở cửa": "24.6",
    "Giá cao nhất": "N/A",
    "Giá thấp nhất": "24.15",
    "Giao dịch NĐTNN": "Giao dịch NĐTNN",
    "KLGD ròng": "24.6",
    "GT Mua": "0 (Tỷ)",
    "GT Bán": "88.92 (Tỷ)",
    "Room còn lại": "N/A",
    "(*)   EPS cơ bản (nghìn đồng):": "8.08",
    "EPS pha loãng (nghìn đồng):": "8.08",
    "P/E :": "3.04",
    "Giá trị sổ sách /cp (nghìn đồng):": "18.87",
    "(**) Hệ số beta:": "0.50",
    "KLGD khớp lệnh trung bình 10 phiên:": "113,100",
    "KLCP đang niêm yết:": "25,720,902",
    "KLCP đang lưu hành:": "25,720,902",
    "Vốn hóa thị trường (tỷ đồng):": "631.45",
    "Doanh thu": "450 tỷ",
    "Lợi nhuận trước thuế": "50 tỷ",
    "Lợi nhuận sau thuế": "40 tỷ",
    "Cổ tức bằng tiền mặt": "N/A",
    "Cổ tức bằng cổ phiếu": "N/A",
    "Dự kiến tăng vốn lên": "N/A",
    "Giới thiệu công ty": "Công ty TNHH TM & DV Siêu Thanh thành lập ngày 15 tháng 06 năm 1994 với vốn đầu tư ban đầu chỉ 300.000.000 đồng và hoạt động với chuyên ngành kinh doanh mua bán: Máy móc, vật tư thiết bị công nghiệp, thiết bị điện tử, kim khí điện máy, điện tử gia dụng, máy móc văn phòng, văn phòng phẩm và phụ tùng thay thế.Ngày 10/12/2007, Siêu Thanh được cấp phép niêm yết cổ phiếu trên sở Giao Dịch Chứng Khoán Tp.HCM với mã ST8."
}