{
    "Url": "http://s.cafef.vn/hose/STB-ngan-hang-thuong-mai-co-phan-sai-gon-thuong-tin.chn",
    "CenterName": "HSX",
    "Symbol": "STB",
    "TradeCenterID": 1,
    "ChangePrice": 1.2635379061371892,
    "VonHoa": 52880.3008338,
    "ChangeVolume": -30.058691147444215,
    "EPS": 1.69226628641154,
    "PE": 16.5754055524442,
    "Beta": 1.05074153530454,
    "Price": 28.05,
    "UpdatedDate": "/Date(1686037643766)/",
    "FullName": "Ngân hàng Thương mại Cổ phần Sài Gòn Thương Tín",
    "ParentCategoryId": 341,
    "Cập nhật": "11:30 Thứ 4, 07/06/2023",
    "Giá điểm": "28.35",
    "Thay đổi": "0.05 (0.18%)",
    "Khối lượng": "7,498,700",
    "Giá tham chiếu": "28.3",
    "Giá trần": "30.25",
    "Giá sàn": "26.35",
    "Giá mở cửa": "28.7",
    "Giá cao nhất": "28.8",
    "Giá thấp nhất": "N/A",
    "Giao dịch NĐTNN": "Giao dịch NĐTNN",
    "KLGD ròng": "28.8",
    "GT Mua": "8.28 (Tỷ)",
    "GT Bán": "14 (Tỷ)",
    "Room còn lại": "N/A",
    "(*)   EPS cơ bản (nghìn đồng):": "2.20",
    "EPS pha loãng (nghìn đồng):": "2.20",
    "P/E :": "12.89",
    "Giá trị sổ sách /cp (nghìn đồng):": "20.49",
    "(**) Hệ số beta:": "1.05",
    "KLGD khớp lệnh trung bình 10 phiên:": "16,069,750",
    "KLCP đang niêm yết:": "1,885,215,716",
    "KLCP đang lưu hành:": "1,885,215,716",
    "Vốn hóa thị trường (tỷ đồng):": "53,351.60",
    "Lợi nhuận trước thuế mục tiêu đạt": "9.500 tỷ đồng",
    "Tổng tài sản năm 2023 đạt": "657.800 tỷ đồng",
    "Tổng nguồn vốn huy động dự kiến đạt": "574.600 tỷ đồng",
    "Tăng trưởng tín dụng mục tiêu đạt": "12%",
    "Dư nợ tín dụng đạt": "491.600 tỷ đồng"
}