{
    "Url": "http://s.cafef.vn/hose/STG-cong-ty-co-phan-kho-van-mien-nam.chn",
    "CenterName": "HSX",
    "Symbol": "STG",
    "TradeCenterID": 1,
    "ChangePrice": -0.40404040404040975,
    "VonHoa": 4843.8905001,
    "ChangeVolume": 177.0700636942675,
    "EPS": 1.93490357148101,
    "PE": 25.4793059078727,
    "Beta": 0.290644529428225,
    "Price": 49.3,
    "UpdatedDate": "/Date(1686037643766)/",
    "FullName": "Công ty Cổ phần Kho vận Miền Nam",
    "ParentCategoryId": 343,
    "Cập nhật": "11:30 Thứ 4, 07/06/2023",
    "Mã công ty": "STG",
    "Tên công ty": "Công ty Cổ phần Kho vận Miền Nam (HOSE)",
    "Giá điểm": "49.6",
    "Thay đổi": "0.3 (0.61%)",
    "Khối lượng": "10,400",
    "Giá tham chiếu": "49.3",
    "Giá trần": "52.7",
    "Giá sàn": "45.85",
    "Giá mở cửa": "49.6",
    "Giá cao nhất": "N/A",
    "Giá thấp nhất": "N/A",
    "Giao dịch NĐTNN": "Giao dịch NĐTNN",
    "KLGD ròng": "49.6",
    "GT Mua": "0 (Tỷ)",
    "GT Bán": "0 (Tỷ)",
    "Room còn lại": "N/A",
    "(*)   EPS cơ bản (nghìn đồng):": "2.23",
    "EPS pha loãng (nghìn đồng):": "2.23",
    "P/E :": "22.29",
    "Giá trị sổ sách /cp (nghìn đồng):": "20.06",
    "(**) Hệ số beta:": "0.29",
    "KLGD khớp lệnh trung bình 10 phiên:": "3,190",
    "KLCP đang niêm yết:": "98,253,357",
    "KLCP đang lưu hành:": "98,253,357",
    "Vốn hóa thị trường (tỷ đồng):": "4,843.89",
    "Doanh thu": "3,488.37 tỷ",
    "Lợi nhuận trước thuế": "435.27 tỷ",
    "Lợi nhuận sau thuế": "359.69 tỷ",
    "Cổ tức bằng tiền mặt": "N/A",
    "Cổ tức bằng cổ phiếu": "N/A",
    "Dự kiến tăng vốn lên": "N/A",
    "Giới thiệu công ty": "Ngày 14 tháng 10 năm 1975, công ty Kho Vận Cấp 1 – tiền thân của Công ty CP Kho Vận Miền Nam SOTRANS ngày nay – đã được thành lập trên cơ sở tiếp quản Kho Tồn Trữ Thủ Đức và Nha chuyển vận/ Nha bảo trì thuộc cơ quan tiếp vận trung ương của chính quyền Sài Gòn. Năm 2007, Sotrans chuyển đổi thành Công ty Cổ phần với tên mới là CÔNG TY CỔ PHẦN KHO VẬN MIỀN NAM."
}