{
    "Url": "http://s.cafef.vn/hose/STK-cong-ty-co-phan-soi-the-ky.chn",
    "CenterName": "HSX",
    "Symbol": "STK",
    "TradeCenterID": 1,
    "ChangePrice": 1.8315018315018317,
    "VonHoa": 2274.656465,
    "ChangeVolume": -86.47971957936906,
    "EPS": 1.73142972061942,
    "PE": 16.0560949537441,
    "Beta": 0,
    "Price": 27.8,
    "UpdatedDate": "/Date(1686037643766)/",
    "FullName": "Công ty cổ phần Sợi Thế Kỷ",
    "ParentCategoryId": 339,
    "Cập nhật": "11:30 Thứ 4, 07/06/2023",
    "Mã công ty": "STK",
    "Tên công ty": "Công ty cổ phần Sợi Thế Kỷ (HOSE)",
    "Giá điểm": "28.8",
    "Thay đổi": "0.35 (1.23%)",
    "Khối lượng": "78,100",
    "Giá tham chiếu": "28.45",
    "Giá trần": "30.4",
    "Giá sàn": "26.5",
    "Giá mở cửa": "29",
    "Giá cao nhất": "29.1",
    "Giá thấp nhất": "N/A",
    "Giao dịch NĐTNN": "Giao dịch NĐTNN",
    "KLGD ròng": "29.1",
    "GT Mua": "0 (Tỷ)",
    "GT Bán": "0 (Tỷ)",
    "Room còn lại": "N/A",
    "(*)   EPS cơ bản (nghìn đồng):": "2.00",
    "EPS pha loãng (nghìn đồng):": "1.94",
    "P/E :": "14.37",
    "Giá trị sổ sách /cp (nghìn đồng):": "18.29",
    "(**) Hệ số beta:": "n/a",
    "KLGD khớp lệnh trung bình 10 phiên:": "61,530",
    "KLCP đang niêm yết:": "84,363,825",
    "KLCP đang lưu hành:": "81,822,175",
    "Vốn hóa thị trường (tỷ đồng):": "2,327.84",
    "Doanh thu": "2,149.3 tỷ",
    "Lợi nhuận trước thuế": "N/A",
    "Lợi nhuận sau thuế": "253.14 tỷ",
    "Cổ tức bằng tiền mặt": "N/A",
    "Cổ tức bằng cổ phiếu": "N/A",
    "Dự kiến tăng vốn lên": "N/A",
    "Giới thiệu công ty": "Công ty được thành lập vào ngày 01/06/2000, chuyên sản xuất sợi  DTY (Draw Textured Yarn) từ nguyên liệu sợi POY (Partially Oriented Yarn) nhập khẩu. Ngày 11/04/2005, Công ty TNHH Sợi Thế Kỷ chính thức được chuyển đổi thành Công ty cổ phần Sợi Thế Kỷ. Ngày 30/09/2015, cổ phiếu của Công ty chính thức được niêm yết tại HOSE với mã STK"
}