{
    "Url": "http://s.cafef.vn/hose/SVC-cong-ty-co-phan-dich-vu-tong-hop-sai-gon.chn",
    "CenterName": "HSX",
    "Symbol": "SVC",
    "TradeCenterID": 1,
    "ChangePrice": 6.901217861975635,
    "VonHoa": 2631.492528,
    "ChangeVolume": -68.75,
    "EPS": 4.10031348203824,
    "PE": 9.63340978026021,
    "Beta": 0.900195877250257,
    "Price": 39.5,
    "UpdatedDate": "/Date(1686037643766)/",
    "FullName": "Công ty Cổ phần Dịch vụ tổng hợp Sài Gòn",
    "ParentCategoryId": 346,
    "Cập nhật": "11:30 Thứ 4, 07/06/2023",
    "Mã công ty": "SVC",
    "Tên công ty": "Công ty Cổ phần Dịch vụ tổng hợp Sài Gòn (HOSE)",
    "Giá điểm": "44",
    "Thay đổi": "1.85 (4.39%)",
    "Khối lượng": "800",
    "Giá tham chiếu": "42.15",
    "Giá trần": "45.1",
    "Giá sàn": "39.2",
    "Giá mở cửa": "44",
    "Giá cao nhất": "N/A",
    "Giá thấp nhất": "N/A",
    "Giao dịch NĐTNN": "Giao dịch NĐTNN",
    "KLGD ròng": "44",
    "GT Mua": "0 (Tỷ)",
    "GT Bán": "0 (Tỷ)",
    "Room còn lại": "N/A",
    "(*)   EPS cơ bản (nghìn đồng):": "4.16",
    "EPS pha loãng (nghìn đồng):": "4.16",
    "P/E :": "10.59",
    "Giá trị sổ sách /cp (nghìn đồng):": "47.19",
    "(**) Hệ số beta:": "0.90",
    "KLGD khớp lệnh trung bình 10 phiên:": "510",
    "KLCP đang niêm yết:": "66,630,564",
    "KLCP đang lưu hành:": "66,620,064",
    "Vốn hóa thị trường (tỷ đồng):": "2,808.04",
    "Doanh thu": "29,672.65 tỷ",
    "Lợi nhuận trước thuế": "538.36 tỷ",
    "Lợi nhuận sau thuế": "438.7 tỷ",
    "Cổ tức bằng tiền mặt": "N/A",
    "Cổ tức bằng cổ phiếu": "7 %",
    "Dự kiến tăng vốn lên": "N/A",
    "Giới thiệu công ty": "Công ty Cổ phần Dịch vụ Tổng hợp Sài Gòn (Savico) tiền thân là Doanh nghiệp Nhà nước được thành lập vào ngày 01/09/1982 với tên gọi là Công ty Dịch vụ Quận 1. Năm 1986, Công ty đổi tên từ Công ty Dịch vụ Quận 1 thành Công ty Dịch vụ Tổng hợp Sài Gòn với tên giao dịch là Savico. Ngày 21/12/2006, cổ phiếu của Công ty chính thức được niêm yết tại HNX với mã chứng khoán là SVC. Ngày 0/06/2009, Cổ phiếu của Công ty chuyển sang giao dịch tại HOSE."
}