{
    "Url": "http://s.cafef.vn/hose/SVD-cong-ty-co-phan-dau-tu-va-thuong-mai-vu-dang.chn",
    "CenterName": "HSX",
    "Symbol": "SVD",
    "TradeCenterID": 1,
    "ChangePrice": 21.249999999999993,
    "VonHoa": 107.11092304,
    "ChangeVolume": -1.2853470437017995,
    "EPS": -0.359759191980173,
    "PE": -10.78499197934,
    "Beta": 0,
    "Price": 3.88,
    "UpdatedDate": "/Date(1686037643766)/",
    "FullName": "Công ty Cổ phần Đầu tư và Thương mại Vũ Đăng",
    "ParentCategoryId": 339,
    "Cập nhật": "11:30 Thứ 4, 07/06/2023",
    "Mã công ty": "SVD",
    "Tên công ty": "Công ty Cổ phần Đầu tư và Thương mại Vũ Đăng (HOSE)",
    "Giá điểm": "4.14",
    "Thay đổi": "-0.01 (-0.24%)",
    "Khối lượng": "511,500",
    "Giá tham chiếu": "4.15",
    "Giá trần": "4.44",
    "Giá sàn": "3.86",
    "Giá mở cửa": "N/A",
    "Giá cao nhất": "N/A",
    "Giá thấp nhất": "3.95",
    "Giao dịch NĐTNN": "Giao dịch NĐTNN",
    "KLGD ròng": "4.44",
    "GT Mua": "0 (Tỷ)",
    "GT Bán": "0 (Tỷ)",
    "Room còn lại": "N/A",
    "(*)   EPS cơ bản (nghìn đồng):": "n/a",
    "EPS pha loãng (nghìn đồng):": "n/a",
    "P/E :": "n/a",
    "Giá trị sổ sách /cp (nghìn đồng):": "11.15",
    "(**) Hệ số beta:": "n/a",
    "KLGD khớp lệnh trung bình 10 phiên:": "145,850",
    "KLCP đang niêm yết:": "27,605,908",
    "KLCP đang lưu hành:": "27,605,908",
    "Vốn hóa thị trường (tỷ đồng):": "114.56",
    "Doanh thu": "370 tỷ",
    "Lợi nhuận trước thuế": "N/A",
    "Lợi nhuận sau thuế": "3 tỷ",
    "Cổ tức bằng tiền mặt": "N/A",
    "Cổ tức bằng cổ phiếu": "N/A",
    "Dự kiến tăng vốn lên": "N/A",
    "Giới thiệu công ty": "Công ty CP Đầu tư & Thương mại Vũ Đăng là một thành viên của ngành dệt may Việt nam, Công ty được thành lập năm 2013, chuyên sản xuất và cung cấp các loại sợi OE (open end) trong và ngoài nước. Công ty chúng tôi có hơn 300 công nhân và hệ thống máy móc được nhập khẩu từ Đức, Italya, Saure Trung Quốc. Trong những năm qua với lực lượng lao động và những nỗ lực của ban lãnh đạo, công ty chúng tôi đã trở thành nhà sản xuất và xuất khẩu sợi OE mạnh nhất trong thị trường nội địa cũng như trên toàn thị trường thế giới."
}