{
    "Url": "http://s.cafef.vn/hose/SVI-cong-ty-co-phan-bao-bi-bien-hoa.chn",
    "CenterName": "HSX",
    "Symbol": "SVI",
    "TradeCenterID": 1,
    "ChangePrice": 1.5734265734265709,
    "VonHoa": 745.5645897,
    "ChangeVolume": -100,
    "EPS": 8.96041015260089,
    "PE": 6.48407818509688,
    "Beta": 0.0429064452942823,
    "Price": 58.1,
    "UpdatedDate": "/Date(1686037643766)/",
    "FullName": "Công ty Cổ phần Bao bì Biên Hòa",
    "ParentCategoryId": 344,
    "Cập nhật": "11:30 Thứ 4, 07/06/2023",
    "Mã công ty": "SVI",
    "Tên công ty": "Công ty Cổ phần Bao bì Biên Hòa (HOSE)",
    "Giá điểm": "57",
    "Thay đổi": "N/A",
    "Khối lượng": "100",
    "Giá tham chiếu": "57",
    "Giá trần": "60.9",
    "Giá sàn": "53.1",
    "Giá mở cửa": "N/A",
    "Giá cao nhất": "N/A",
    "Giá thấp nhất": "N/A",
    "Giao dịch NĐTNN": "Giao dịch NĐTNN",
    "KLGD ròng": "57",
    "GT Mua": "0 (Tỷ)",
    "GT Bán": "0 (Tỷ)",
    "Room còn lại": "N/A",
    "(*)   EPS cơ bản (nghìn đồng):": "9.23",
    "EPS pha loãng (nghìn đồng):": "9.23",
    "P/E :": "6.18",
    "Giá trị sổ sách /cp (nghìn đồng):": "54.09",
    "(**) Hệ số beta:": "0.04",
    "KLGD khớp lệnh trung bình 10 phiên:": "590",
    "KLCP đang niêm yết:": "12,832,437",
    "KLCP đang lưu hành:": "12,832,437",
    "Vốn hóa thị trường (tỷ đồng):": "731.45",
    "Doanh thu": "2,225 tỷ",
    "Lợi nhuận trước thuế": "169 tỷ",
    "Lợi nhuận sau thuế": "N/A",
    "Cổ tức bằng tiền mặt": "23.4 %",
    "Cổ tức bằng cổ phiếu": "N/A",
    "Dự kiến tăng vốn lên": "N/A",
    "Giới thiệu công ty": "Trước năm 1975, Công ty cổ phần bao bì Biên Hoà được hình thành từ một nhà máy sản xuất bao bì carton nhỏ có thương hiệu là Sovi. Sau năm 1975, Nhà máy này được Nhà nước tiếp quản và chuyển thành doanh nghiệp quốc doanh được lấy tên là Nhà máy bao bì Biên Hòa. Tháng 9/2003, nhà máy chính thức chuyển sang hình thức công ty cổ phần, lấy tên là Công ty Cổ phần Bao bì Biên Hoà trực thuộc Tổng công ty Công nghiệp Thực phẩm Đồng Nai."
}