{
    "Url": "http://s.cafef.vn/hose/SVT-cong-ty-co-phan-cong-nghe-sai-gon-vien-dong.chn",
    "CenterName": "HSX",
    "Symbol": "SVT",
    "TradeCenterID": 1,
    "ChangePrice": 10.373443983402488,
    "VonHoa": 200.2098077,
    "ChangeVolume": -72.70114942528735,
    "EPS": 1.23346686845253,
    "PE": 10.7826163313862,
    "Beta": 0.181419643689954,
    "Price": 13.3,
    "UpdatedDate": "/Date(1686037643766)/",
    "FullName": "Công ty Cổ phần Công nghệ Sài Gòn Viễn Đông",
    "ParentCategoryId": 346,
    "Cập nhật": "11:30 Thứ 4, 07/06/2023",
    "Mã công ty": "SVT",
    "Tên công ty": "Công ty Cổ phần Công nghệ Sài Gòn Viễn Đông (HOSE)",
    "Giá điểm": "13.5",
    "Thay đổi": "-0.3 (-2.17%)",
    "Khối lượng": "5,800",
    "Giá tham chiếu": "13.8",
    "Giá trần": "14.75",
    "Giá sàn": "12.85",
    "Giá mở cửa": "N/A",
    "Giá cao nhất": "N/A",
    "Giá thấp nhất": "13",
    "Giao dịch NĐTNN": "Giao dịch NĐTNN",
    "KLGD ròng": "13.8",
    "GT Mua": "0 (Tỷ)",
    "GT Bán": "0 (Tỷ)",
    "Room còn lại": "N/A",
    "(*)   EPS cơ bản (nghìn đồng):": "1.60",
    "EPS pha loãng (nghìn đồng):": "1.04",
    "P/E :": "8.42",
    "Giá trị sổ sách /cp (nghìn đồng):": "13.42",
    "(**) Hệ số beta:": "0.18",
    "KLGD khớp lệnh trung bình 10 phiên:": "26,800",
    "KLCP đang niêm yết:": "23,159,148",
    "KLCP đang lưu hành:": "15,053,369",
    "Vốn hóa thị trường (tỷ đồng):": "207.74",
    "Doanh thu": "192 tỷ",
    "Lợi nhuận trước thuế": "30 tỷ",
    "Lợi nhuận sau thuế": "N/A",
    "Cổ tức bằng tiền mặt": "15 %",
    "Cổ tức bằng cổ phiếu": "N/A",
    "Dự kiến tăng vốn lên": "N/A",
    "Giới thiệu công ty": "Tiền thân của Công ty cổ phần Công nghệ Sài Gòn Viễn Đông (SAVITECH) là Xưởng Cơ Khí 23/9 trực thuộc Công ty Sản xuất Mô tô Xe đạp thành lập vào tháng 10/1976. Tháng 12/2003, Công ty chính thức được cổ phần hóa và hoạt động dưới tên Công ty cổ phần Xe đạp Xe máy Sài Gòn. Đến tháng 10/2007 Công ty đổi tên thành Công ty Cổ phần Công nghệ Sài Gòn Viễn Đông."
}