{
    "Url": "http://s.cafef.vn/hose/SZC-cong-ty-co-phan-sonadezi-chau-duc.chn",
    "CenterName": "HSX",
    "Symbol": "SZC",
    "TradeCenterID": 1,
    "ChangePrice": -1.6666666666666705,
    "VonHoa": 3540,
    "ChangeVolume": -13.32088672986641,
    "EPS": 1.31400051181362,
    "PE": 26.9406287758137,
    "Beta": 0,
    "Price": 35.4,
    "UpdatedDate": "/Date(1686037643766)/",
    "FullName": "Công ty cổ phần Sonadezi Châu Đức",
    "ParentCategoryId": 345,
    "Cập nhật": "11:30 Thứ 4, 07/06/2023",
    "Mã công ty": "SZC",
    "Tên công ty": "Công ty cổ phần Sonadezi Châu Đức (HOSE)",
    "Giá điểm": "36.15",
    "Thay đổi": "0.25 (0.7%)",
    "Khối lượng": "508,700",
    "Giá tham chiếu": "35.9",
    "Giá trần": "38.4",
    "Giá sàn": "33.4",
    "Giá mở cửa": "36.5",
    "Giá cao nhất": "36.9",
    "Giá thấp nhất": "N/A",
    "Giao dịch NĐTNN": "Giao dịch NĐTNN",
    "KLGD ròng": "36.9",
    "GT Mua": "0.07 (Tỷ)",
    "GT Bán": "0 (Tỷ)",
    "Room còn lại": "N/A",
    "(*)   EPS cơ bản (nghìn đồng):": "1.34",
    "EPS pha loãng (nghìn đồng):": "1.34",
    "P/E :": "27.02",
    "Giá trị sổ sách /cp (nghìn đồng):": "14.97",
    "(**) Hệ số beta:": "n/a",
    "KLGD khớp lệnh trung bình 10 phiên:": "1,188,570",
    "KLCP đang niêm yết:": "100,000,000",
    "KLCP đang lưu hành:": "100,000,000",
    "Vốn hóa thị trường (tỷ đồng):": "3,590.00",
    "Doanh thu": "914.51 tỷ",
    "Lợi nhuận trước thuế": "N/A",
    "Lợi nhuận sau thuế": "210.26 tỷ",
    "Cổ tức bằng tiền mặt": "10 %",
    "Cổ tức bằng cổ phiếu": "N/A",
    "Dự kiến tăng vốn lên": "1,200 tỷ",
    "Giới thiệu công ty": "Công ty cổ phần Sonadezi Châu Đức hoạt động theo Giấy chứng nhận đăng ký doanh nghiệp số 3600899948 (số cũ 4703000397) do Sở kế hoạch và Đầu tư tỉnh Đồng Nai cấp lần đầu ngày 26/06/2007 với mức vốn điều lệ đăng ký ban đầu là 110.000.000.000 đồng, vốn điều lệ thực góp là 74.800.000.000 đồng."
}