{
    "Url": "http://s.cafef.vn/hose/SZL-cong-ty-co-phan-sonadezi-long-thanh.chn",
    "CenterName": "HSX",
    "Symbol": "SZL",
    "TradeCenterID": 1,
    "ChangePrice": 0.9225618405312361,
    "VonHoa": 991.40405,
    "ChangeVolume": -4.522613065326633,
    "EPS": 5.40101916607705,
    "PE": 10.09068813203,
    "Beta": 0.360880514877344,
    "Price": 54.5,
    "UpdatedDate": "/Date(1686037643766)/",
    "FullName": "Công ty cổ phần Sonadezi Long Thành",
    "ParentCategoryId": 345,
    "Cập nhật": "11:30 Thứ 4, 07/06/2023",
    "Mã công ty": "SZL",
    "Tên công ty": "Công ty cổ phần Sonadezi Long Thành (HOSE)",
    "Giá điểm": "52.5",
    "Thay đổi": "-1.4 (-2.6%)",
    "Khối lượng": "1,000",
    "Giá tham chiếu": "53.9",
    "Giá trần": "57.6",
    "Giá sàn": "50.2",
    "Giá mở cửa": "N/A",
    "Giá cao nhất": "N/A",
    "Giá thấp nhất": "53.8",
    "Giao dịch NĐTNN": "Giao dịch NĐTNN",
    "KLGD ròng": "53.8",
    "GT Mua": "0 (Tỷ)",
    "GT Bán": "0 (Tỷ)",
    "Room còn lại": "N/A",
    "(*)   EPS cơ bản (nghìn đồng):": "5.70",
    "EPS pha loãng (nghìn đồng):": "5.19",
    "P/E :": "9.21",
    "Giá trị sổ sách /cp (nghìn đồng):": "32.24",
    "(**) Hệ số beta:": "0.36",
    "KLGD khớp lệnh trung bình 10 phiên:": "4,950",
    "KLCP đang niêm yết:": "20,000,000",
    "KLCP đang lưu hành:": "18,190,900",
    "Vốn hóa thị trường (tỷ đồng):": "980.49",
    "Doanh thu": "455.29 tỷ",
    "Lợi nhuận trước thuế": "108.97 tỷ",
    "Lợi nhuận sau thuế": "90.33 tỷ",
    "Cổ tức bằng tiền mặt": "25 %",
    "Cổ tức bằng cổ phiếu": "N/A",
    "Dự kiến tăng vốn lên": "N/A",
    "Giới thiệu công ty": "Công ty cổ phần Sonadezi Long Thành được thành lập theo Giấy chứng nhận đăng ký kinh doanh số 4703000058 ngày 18 tháng 8 năm 2003 với mức vốn điều lệ là 50 tỷ đồng. Công ty được thành lập để thực hiện dự án đầu tư xây dựng và kinh doanh cơ sở hạ tầng KCN Long Thành. Năm 2009\r\nCông ty niêm yết cổ phiếu SZL trên thị trường chứng khoán."
}