{
    "Url": "http://s.cafef.vn/hose/TBC-cong-ty-co-phan-thuy-dien-thac-ba.chn",
    "CenterName": "HSX",
    "Symbol": "TBC",
    "TradeCenterID": 1,
    "ChangePrice": -1.859799713876983,
    "VonHoa": 2178.05,
    "ChangeVolume": 73.07692307692308,
    "EPS": 4.85997347892789,
    "PE": 7.05765168240518,
    "Beta": 0.492398097192426,
    "Price": 34.3,
    "UpdatedDate": "/Date(1686037643766)/",
    "FullName": "Công ty cổ phần Thủy điện Thác Bà",
    "ParentCategoryId": 340,
    "Cập nhật": "11:30 Thứ 4, 07/06/2023",
    "Mã công ty": "TBC",
    "Tên công ty": "Công ty cổ phần Thủy điện Thác Bà (HOSE)",
    "Giá điểm": "33.9",
    "Thay đổi": "-0.4 (-1.17%)",
    "Khối lượng": "700",
    "Giá tham chiếu": "34.3",
    "Giá trần": "36.7",
    "Giá sàn": "31.9",
    "Giá mở cửa": "N/A",
    "Giá cao nhất": "N/A",
    "Giá thấp nhất": "34",
    "Giao dịch NĐTNN": "Giao dịch NĐTNN",
    "KLGD ròng": "34",
    "GT Mua": "0.02 (Tỷ)",
    "GT Bán": "0 (Tỷ)",
    "Room còn lại": "N/A",
    "(*)   EPS cơ bản (nghìn đồng):": "5.07",
    "EPS pha loãng (nghìn đồng):": "5.07",
    "P/E :": "6.69",
    "Giá trị sổ sách /cp (nghìn đồng):": "17.58",
    "(**) Hệ số beta:": "0.49",
    "KLGD khớp lệnh trung bình 10 phiên:": "2,880",
    "KLCP đang niêm yết:": "63,500,000",
    "KLCP đang lưu hành:": "63,500,000",
    "Vốn hóa thị trường (tỷ đồng):": "2,178.05",
    "Doanh thu": "571.27 tỷ",
    "Lợi nhuận trước thuế": "275.12 tỷ",
    "Lợi nhuận sau thuế": "235.01 tỷ",
    "Cổ tức bằng tiền mặt": "N/A",
    "Cổ tức bằng cổ phiếu": "N/A",
    "Dự kiến tăng vốn lên": "N/A",
    "Giới thiệu công ty": "Thuỷ điện Thác Bà là nhà máy thuỷ điện đầu tiên của Việt Nam. Công tác khảo sát thiết kế xây dựng Nhà máy Thuỷ điện Thác Bà được tiến hành từ năm 1959 đến năm 1961. Sau hơn 10 năm xây dựng, ngày 05/10/1971, Nhà máy đã khởi động tổ máy số 1 và hoà lưới điện quốc gia. Nhà máy thuỷ điện Thác Bà ban đầu là đơn vị trực thuộc Công ty Điện lực, nay được chuyển thành Công ty Thuỷ điện Thác Bà - Công ty thành viên hạch toán độc lập thuộc Tổng Công ty Điện lực Việt Nam."
}