{
    "Url": "http://s.cafef.vn/hose/TCB-ngan-hang-tmcp-ky-thuong-viet-nam-techcombank.chn",
    "CenterName": "HSX",
    "Symbol": "TCB",
    "TradeCenterID": 1,
    "ChangePrice": 5.629139072847679,
    "VonHoa": 114432.9085966,
    "ChangeVolume": -65.53901772504044,
    "EPS": 1.96931254939688,
    "PE": 16.1985460407337,
    "Beta": 0,
    "Price": 31.9,
    "UpdatedDate": "/Date(1686037643766)/",
    "FullName": "Ngân hàng TMCP Kỹ Thương Việt Nam (Techcombank)",
    "ParentCategoryId": 341,
    "Cập nhật": "11:30 Thứ 4, 07/06/2023",
    "Giá điểm": "32.4",
    "Thay đổi": "-0.3 (-0.92%)",
    "Khối lượng": "2,795,400",
    "Giá tham chiếu": "32.7",
    "Giá trần": "34.95",
    "Giá sàn": "30.45",
    "Giá mở cửa": "32.75",
    "Giá cao nhất": "N/A",
    "Giá thấp nhất": "32.55",
    "Giao dịch NĐTNN": "Giao dịch NĐTNN",
    "KLGD ròng": "32.75",
    "GT Mua": "21.58 (Tỷ)",
    "GT Bán": "21.58 (Tỷ)",
    "Room còn lại": "N/A",
    "(*)   EPS cơ bản (nghìn đồng):": "5.91",
    "EPS pha loãng (nghìn đồng):": "6.03",
    "P/E :": "5.48",
    "Giá trị sổ sách /cp (nghìn đồng):": "31.30",
    "(**) Hệ số beta:": "n/a",
    "KLGD khớp lệnh trung bình 10 phiên:": "4,838,270",
    "KLCP đang niêm yết:": "3,517,238,514",
    "KLCP đang lưu hành:": "3,587,238,514",
    "Vốn hóa thị trường (tỷ đồng):": "117,302.70",
    "Lợi nhuận trước thuế hợp nhất": "22.000 tỷ đồng, thấp hơn 14% so với thực hiện năm 2022",
    "Dư nợ tín dụng đến cuối năm nay": "Dự kiến đạt 511.297 tỷ đồng",
    "Tăng trưởng": "15% hoặc cao hơn tuỳ theo chỉ tiêu được Ngân hàng Nhà nước (NHNN) cấp",
    "Tỷ lệ nợ xấu nội bảng": "thấp hơn 1,5%",
    "Huy động vốn": "Phù hợp với tăng trưởng tín dụng thực tế nhằm tối ưu hóa nguồn huy động"
}