{
    "Url": "http://s.cafef.vn/hose/TCD-cong-ty-co-phan-dau-tu-phat-trien-cong-nghiep-va-van-tai.chn",
    "CenterName": "HSX",
    "Symbol": "TCD",
    "TradeCenterID": 1,
    "ChangePrice": 1.6706443914081,
    "VonHoa": 2396.93447124,
    "ChangeVolume": -57.48721755248786,
    "EPS": 1.03206107817705,
    "PE": 8.25532536799954,
    "Beta": 0,
    "Price": 8.52,
    "UpdatedDate": "/Date(1686037643766)/",
    "FullName": "Công ty Cổ phần Đầu tư Phát triển Công nghiệp và Vận tải",
    "ParentCategoryId": 345,
    "Cập nhật": "11:30 Thứ 4, 07/06/2023",
    "Mã công ty": "TCD",
    "Tên công ty": "Công ty Cổ phần Đầu tư Phát triển Công nghiệp và Vận tải (HOSE)",
    "Giá điểm": "9.36",
    "Thay đổi": "N/A",
    "Khối lượng": "3,091,800",
    "Giá tham chiếu": "8.75",
    "Giá trần": "9.36",
    "Giá sàn": "8.14",
    "Giá mở cửa": "9.04",
    "Giá cao nhất": "9.01",
    "Giá thấp nhất": "N/A",
    "Giao dịch NĐTNN": "Giao dịch NĐTNN",
    "KLGD ròng": "9.36",
    "GT Mua": "0.01 (Tỷ)",
    "GT Bán": "0.61 (Tỷ)",
    "Room còn lại": "N/A",
    "(*)   EPS cơ bản (nghìn đồng):": "1.19",
    "EPS pha loãng (nghìn đồng):": "1.39",
    "P/E :": "7.89",
    "Giá trị sổ sách /cp (nghìn đồng):": "12.13",
    "(**) Hệ số beta:": "n/a",
    "KLGD khớp lệnh trung bình 10 phiên:": "4,119,220",
    "KLCP đang niêm yết:": "209,418,304",
    "KLCP đang lưu hành:": "281,330,337",
    "Vốn hóa thị trường (tỷ đồng):": "2,461.64",
    "Doanh thu": "4,431 tỷ",
    "Lợi nhuận trước thuế": "N/A",
    "Lợi nhuận sau thuế": "380 tỷ",
    "Cổ tức bằng tiền mặt": "N/A",
    "Cổ tức bằng cổ phiếu": "N/A",
    "Dự kiến tăng vốn lên": "N/A",
    "Giới thiệu công ty": "TRACODI là chữ viết tắt tiếng Anh của tên Công ty - Công ty Đầu tư Phát triển Giao thông Vận tải (Transport andCommunication Development Investment Corporation), được thành lập theo Quyết định số 1988/QĐ/TCCB-LĐ ngày 30/10/1990 do Bộ trưởng Bộ Giao thông Vận tải và Bưu điện Bùi Danh Lưu ký."
}