{
    "Url": "http://s.cafef.vn/hose/TCH-cong-ty-co-phan-dau-tu-dich-vu-tai-chinh-hoang-huy.chn",
    "CenterName": "HSX",
    "Symbol": "TCH",
    "TradeCenterID": 1,
    "ChangePrice": -0.5617977528089967,
    "VonHoa": 5913.71021055,
    "ChangeVolume": -1.114753386592567,
    "EPS": 0.333281553448916,
    "PE": 26.5541249085557,
    "Beta": 1.11,
    "Price": 8.85,
    "UpdatedDate": "/Date(1686037643766)/",
    "FullName": "Công ty cổ phần Đầu tư Dịch vụ Tài chính Hoàng Huy",
    "ParentCategoryId": 345
}