{
    "Url": "http://s.cafef.vn/hose/TCL-cong-ty-co-phan-dai-ly-giao-nhan-van-tai-xep-do-tan-cang.chn",
    "CenterName": "HSX",
    "Symbol": "TCL",
    "TradeCenterID": 1,
    "ChangePrice": 0.13210039630118137,
    "VonHoa": 1143.0047244,
    "ChangeVolume": 8.070175438596491,
    "EPS": 4.01688273121154,
    "PE": 9.43517711022869,
    "Beta": 0.278985169293909,
    "Price": 37.9,
    "UpdatedDate": "/Date(1686037643766)/",
    "FullName": "Công ty Cổ phần Đại lý Giao nhận Vận tải Xếp dỡ Tân Cảng",
    "ParentCategoryId": 343,
    "Cập nhật": "11:30 Thứ 4, 07/06/2023",
    "Mã công ty": "TCL",
    "Tên công ty": "Công ty Cổ phần Đại lý Giao nhận Vận tải Xếp dỡ Tân Cảng (HOSE)",
    "Giá điểm": "37.8",
    "Thay đổi": "-0.15 (-0.4%)",
    "Khối lượng": "26,200",
    "Giá tham chiếu": "37.95",
    "Giá trần": "40.6",
    "Giá sàn": "35.3",
    "Giá mở cửa": "N/A",
    "Giá cao nhất": "N/A",
    "Giá thấp nhất": "37.9",
    "Giao dịch NĐTNN": "Giao dịch NĐTNN",
    "KLGD ròng": "37.9",
    "GT Mua": "0.15 (Tỷ)",
    "GT Bán": "0 (Tỷ)",
    "Room còn lại": "N/A",
    "(*)   EPS cơ bản (nghìn đồng):": "4.45",
    "EPS pha loãng (nghìn đồng):": "4.45",
    "P/E :": "8.49",
    "Giá trị sổ sách /cp (nghìn đồng):": "16.94",
    "(**) Hệ số beta:": "0.28",
    "KLGD khớp lệnh trung bình 10 phiên:": "26,540",
    "KLCP đang niêm yết:": "30,158,436",
    "KLCP đang lưu hành:": "30,158,436",
    "Vốn hóa thị trường (tỷ đồng):": "1,144.51",
    "Doanh thu": "N/A",
    "Lợi nhuận trước thuế": "N/A",
    "Lợi nhuận sau thuế": "117.77 tỷ",
    "Cổ tức bằng tiền mặt": "N/A",
    "Cổ tức bằng cổ phiếu": "N/A",
    "Dự kiến tăng vốn lên": "N/A",
    "Giới thiệu công ty": "Tháng 11/2006 Xí nghiệp Đại lý GNVT Xếp dỡ Tân Cảng được thành lập theo Quyết Định 82/2006/QĐ – BQP. Tháng 3/2007 Công ty Cổ phần Đại lý GNVT Xếp dỡ Tân Cảng được Sở Kế hoạch và Đầu tư Tp. Hồ Chí Minh cấp Giấy chứng nhận đăng ký kinh doanh lần đầu. Tháng 12/2009 Chính thức niêm yết 17 triệu cổ phiếu trên sàn giao dịch chứng khoán TP.HCM với mã TCL"
}