{
    "Url": "http://s.cafef.vn/hose/TCM-cong-ty-co-phan-det-may-dau-tu-thuong-mai-thanh-cong.chn",
    "CenterName": "HSX",
    "Symbol": "TCM",
    "TradeCenterID": 1,
    "ChangePrice": 2.7944111776447076,
    "VonHoa": 4220.2538655,
    "ChangeVolume": -51.76899063475546,
    "EPS": 2.76434557171698,
    "PE": 18.6300875429306,
    "Beta": 1.08086932189161,
    "Price": 51.5,
    "UpdatedDate": "/Date(1686037643766)/",
    "FullName": "Công ty Cổ phần Dệt may - Đầu tư - Thương mại Thành Công",
    "ParentCategoryId": 339,
    "Cập nhật": "11:30 Thứ 4, 07/06/2023",
    "Mã công ty": "TCM",
    "Tên công ty": "Công ty Cổ phần Dệt may - Đầu tư - Thương mại Thành Công (HOSE)",
    "Giá điểm": "51.8",
    "Thay đổi": "-0.2 (-0.38%)",
    "Khối lượng": "242,900",
    "Giá tham chiếu": "52",
    "Giá trần": "55.6",
    "Giá sàn": "48.4",
    "Giá mở cửa": "52.5",
    "Giá cao nhất": "N/A",
    "Giá thấp nhất": "51.6",
    "Giao dịch NĐTNN": "Giao dịch NĐTNN",
    "KLGD ròng": "52.5",
    "GT Mua": "0.14 (Tỷ)",
    "GT Bán": "0 (Tỷ)",
    "Room còn lại": "N/A",
    "(*)   EPS cơ bản (nghìn đồng):": "3.18",
    "EPS pha loãng (nghìn đồng):": "3.03",
    "P/E :": "16.30",
    "Giá trị sổ sách /cp (nghìn đồng):": "23.30",
    "(**) Hệ số beta:": "1.08",
    "KLGD khớp lệnh trung bình 10 phiên:": "539,090",
    "KLCP đang niêm yết:": "85,833,990",
    "KLCP đang lưu hành:": "81,946,677",
    "Vốn hóa thị trường (tỷ đồng):": "4,261.23",
    "Doanh thu": "4,180 tỷ",
    "Lợi nhuận trước thuế": "N/A",
    "Lợi nhuận sau thuế": "253.8 tỷ",
    "Cổ tức bằng tiền mặt": "20 %",
    "Cổ tức bằng cổ phiếu": "N/A",
    "Dự kiến tăng vốn lên": "820.5 tỷ",
    "Giới thiệu công ty": "Công ty Cổ phần Dệt May Thành Công tiền thân là Hãng Tái Thành Kỹ nghệ Dệt được thành lập năm - 1967. Tháng 08/1976 được chuyển thành Xí nghiệp quốc doanh với tên gọi Nhà máy Dệt Tái Thành, sau đó lần lượt được đổi tên thành Nhà máy Dệt Thành Công, Công ty Dệt Thành Công. Năm 2000 đổi tên thành Công Ty Dệt May Thành Công. Tháng 07/2006, chuyển đổi hình thức hoạt động thành Công ty Cổ phần Dệt May Thành Công."
}