{
    "Url": "http://s.cafef.vn/hose/TCO-cong-ty-co-phan-van-tai-da-phuong-thuc-duyen-hai.chn",
    "CenterName": "HSX",
    "Symbol": "TCO",
    "TradeCenterID": 1,
    "ChangePrice": 1.8469656992084391,
    "VonHoa": 144.44892,
    "ChangeVolume": -72.327238921599,
    "EPS": 1.86354721585378,
    "PE": 4.14263718907874,
    "Beta": 0.368249230482231,
    "Price": 7.72,
    "UpdatedDate": "/Date(1686037643766)/",
    "FullName": "Công ty Cổ phần Vận tải Đa phương thức Duyên Hải",
    "ParentCategoryId": 343,
    "Cập nhật": "11:30 Thứ 4, 07/06/2023",
    "Mã công ty": "TCO",
    "Tên công ty": "Công ty Cổ phần Vận tải Đa phương thức Duyên Hải (HOSE)",
    "Giá điểm": "7.92",
    "Thay đổi": "N/A",
    "Khối lượng": "116,700",
    "Giá tham chiếu": "7.92",
    "Giá trần": "8.47",
    "Giá sàn": "7.37",
    "Giá mở cửa": "7.93",
    "Giá cao nhất": "8.07",
    "Giá thấp nhất": "7.7",
    "Giao dịch NĐTNN": "Giao dịch NĐTNN",
    "KLGD ròng": "8.07",
    "GT Mua": "0 (Tỷ)",
    "GT Bán": "0 (Tỷ)",
    "Room còn lại": "N/A",
    "(*)   EPS cơ bản (nghìn đồng):": "1.94",
    "EPS pha loãng (nghìn đồng):": "1.94",
    "P/E :": "4.08",
    "Giá trị sổ sách /cp (nghìn đồng):": "14.76",
    "(**) Hệ số beta:": "0.37",
    "KLGD khớp lệnh trung bình 10 phiên:": "232,460",
    "KLCP đang niêm yết:": "18,711,000",
    "KLCP đang lưu hành:": "18,711,000",
    "Vốn hóa thị trường (tỷ đồng):": "148.19",
    "Doanh thu": "1,000 tỷ",
    "Lợi nhuận trước thuế": "N/A",
    "Lợi nhuận sau thuế": "20 tỷ",
    "Cổ tức bằng tiền mặt": "N/A",
    "Cổ tức bằng cổ phiếu": "N/A",
    "Dự kiến tăng vốn lên": "N/A",
    "Giới thiệu công ty": "Năm 1997: Thành lập Công ty TNHH Vận tải Duyên Hải hoạt động trong lĩnh vực vận tải và kho bãi. Đến 2007 Thành lập các công ty TNHH (nay là các công ty thành viên) hoạt động trong lĩnh vực vận tải đa phương thức. Tháng 03/2008: Hợp nhất 4 công ty thành viên thành CTCP Vận tải Đa phương thức Duyên Hải. Tháng 09/2009: Đăng ký giao dịch cổ phiếu của công ty đại chúng chưa niêm yết trên Sở Giao dịch Chứng khoán Hà Nội"
}