{
    "Url": "http://s.cafef.vn/hose/TCR-cong-ty-co-phan-cong-nghiep-gom-su-taicera.chn",
    "CenterName": "HSX",
    "Symbol": "TCR",
    "TradeCenterID": 1,
    "ChangePrice": 4.117647058823533,
    "VonHoa": 160.80500268,
    "ChangeVolume": -27.67295597484277,
    "EPS": 0.0793393334875211,
    "PE": 44.6184741463298,
    "Beta": -0.250069956160806,
    "Price": 3.54,
    "UpdatedDate": "/Date(1686037643766)/",
    "FullName": "Công ty Cổ phần Công nghiệp Gốm sứ Taicera",
    "ParentCategoryId": 345,
    "Cập nhật": "11:30 Thứ 4, 07/06/2023",
    "Mã công ty": "TCR",
    "Tên công ty": "Công ty Cổ phần Công nghiệp Gốm sứ Taicera (HOSE)",
    "Giá điểm": "3.45",
    "Thay đổi": "N/A",
    "Khối lượng": "1,100",
    "Giá tham chiếu": "3.45",
    "Giá trần": "3.69",
    "Giá sàn": "3.21",
    "Giá mở cửa": "N/A",
    "Giá cao nhất": "N/A",
    "Giá thấp nhất": "N/A",
    "Giao dịch NĐTNN": "Giao dịch NĐTNN",
    "KLGD ròng": "3.45",
    "GT Mua": "0 (Tỷ)",
    "GT Bán": "0 (Tỷ)",
    "Room còn lại": "N/A",
    "(*)   EPS cơ bản (nghìn đồng):": "0.08",
    "EPS pha loãng (nghìn đồng):": "0.36",
    "P/E :": "41.61",
    "Giá trị sổ sách /cp (nghìn đồng):": "9.60",
    "(**) Hệ số beta:": "-0.25",
    "KLGD khớp lệnh trung bình 10 phiên:": "2,960",
    "KLCP đang niêm yết:": "10,373,190",
    "KLCP đang lưu hành:": "45,425,142",
    "Vốn hóa thị trường (tỷ đồng):": "156.72",
    "Doanh thu": "1,157.71 tỷ",
    "Lợi nhuận trước thuế": "45.99 tỷ",
    "Lợi nhuận sau thuế": "1.84 tỷ",
    "Cổ tức bằng tiền mặt": "N/A",
    "Cổ tức bằng cổ phiếu": "N/A",
    "Dự kiến tăng vốn lên": "N/A",
    "Giới thiệu công ty": "Công ty CPHH Công nghiệp Gốm sứ Taicera được thành lập năm 1994 theo giấy phép 764/GP do Ủy ban Nhà nước về hợp tác đầu tư, nay là Bộ kế hoạch đầu tư cấp ngày 11/1/1994. Ngày 09/08/2005, theo giấy phép số 764CPH/GP do Bộ kế hoạch đầu tư cấp, công ty đã chính thức trở thành công ty cổ phần. Công ty bắt đầu niêm yết với mã TCR ngày 29/12/2006 trên sàn giao dịch chứng khoán TP Hồ Chí Minh."
}