{
    "Url": "http://s.cafef.vn/hose/TCT-cong-ty-co-phan-cap-treo-nui-ba-tay-ninh.chn",
    "CenterName": "HSX",
    "Symbol": "TCT",
    "TradeCenterID": 1,
    "ChangePrice": 4.3307086614173285,
    "VonHoa": 338.882,
    "ChangeVolume": -9.429280397022332,
    "EPS": 1.82939680724515,
    "PE": 14.4856489827955,
    "Beta": 0.514678818683726,
    "Price": 26.5,
    "UpdatedDate": "/Date(1686037643766)/",
    "FullName": "Công ty Cổ phần Cáp treo Núi Bà Tây Ninh ",
    "ParentCategoryId": 346,
    "Cập nhật": "11:30 Thứ 4, 07/06/2023",
    "Mã công ty": "TCT",
    "Tên công ty": "Công ty Cổ phần Cáp treo Núi Bà Tây Ninh  (HOSE)",
    "Giá điểm": "26.4",
    "Thay đổi": "-0.1 (-0.38%)",
    "Khối lượng": "3,300",
    "Giá tham chiếu": "26.5",
    "Giá trần": "28.35",
    "Giá sàn": "24.65",
    "Giá mở cửa": "N/A",
    "Giá cao nhất": "N/A",
    "Giá thấp nhất": "26.2",
    "Giao dịch NĐTNN": "Giao dịch NĐTNN",
    "KLGD ròng": "26.5",
    "GT Mua": "0 (Tỷ)",
    "GT Bán": "0 (Tỷ)",
    "Room còn lại": "N/A",
    "(*)   EPS cơ bản (nghìn đồng):": "1.86",
    "EPS pha loãng (nghìn đồng):": "1.86",
    "P/E :": "14.22",
    "Giá trị sổ sách /cp (nghìn đồng):": "25.70",
    "(**) Hệ số beta:": "0.51",
    "KLGD khớp lệnh trung bình 10 phiên:": "22,930",
    "KLCP đang niêm yết:": "12,788,000",
    "KLCP đang lưu hành:": "12,788,000",
    "Vốn hóa thị trường (tỷ đồng):": "338.88",
    "Doanh thu": "65 tỷ",
    "Lợi nhuận trước thuế": "10 tỷ",
    "Lợi nhuận sau thuế": "N/A",
    "Cổ tức bằng tiền mặt": "10 %",
    "Cổ tức bằng cổ phiếu": "N/A",
    "Dự kiến tăng vốn lên": "N/A",
    "Giới thiệu công ty": "Công ty Cổ phần Cáp treo Núi Bà Tây Ninh tiền thân là bộ phận Cáp treo trực thuộc Công ty Du lịch Tây Ninh (nay là Công ty Cổ phần Du lịch và Thương mại Tây Ninh). Bộ phận cáp treo chính thức đi vào hoạt động ngày 08/03/1998 với chức năng kinh doanh chủ yếu là vận chuyển du khách, hàng hóa từ chân núi lên Chùa Bà bằng cáp treo và ngược lại."
}