{
    "Url": "http://s.cafef.vn/hose/TDC-cong-ty-co-phan-kinh-doanh-va-phat-trien-binh-duong.chn",
    "CenterName": "HSX",
    "Symbol": "TDC",
    "TradeCenterID": 1,
    "ChangePrice": 0.3703703703703756,
    "VonHoa": 1355,
    "ChangeVolume": -6.6919755843382465,
    "EPS": 1.00500868023008,
    "PE": 13.4824706159731,
    "Beta": 0.872306687808973,
    "Price": 13.55,
    "UpdatedDate": "/Date(1686037643766)/",
    "FullName": "Công ty Cổ phần Kinh doanh và Phát triển Bình Dương",
    "ParentCategoryId": 345,
    "Cập nhật": "11:30 Thứ 4, 07/06/2023",
    "Mã công ty": "TDC",
    "Tên công ty": "Công ty Cổ phần Kinh doanh và Phát triển Bình Dương (HOSE)",
    "Giá điểm": "14.3",
    "Thay đổi": "0.2 (1.42%)",
    "Khối lượng": "746,500",
    "Giá tham chiếu": "14.1",
    "Giá trần": "15.05",
    "Giá sàn": "13.15",
    "Giá mở cửa": "14.3",
    "Giá cao nhất": "14.7",
    "Giá thấp nhất": "N/A",
    "Giao dịch NĐTNN": "Giao dịch NĐTNN",
    "KLGD ròng": "14.7",
    "GT Mua": "0 (Tỷ)",
    "GT Bán": "0 (Tỷ)",
    "Room còn lại": "N/A",
    "(*)   EPS cơ bản (nghìn đồng):": "1.04",
    "EPS pha loãng (nghìn đồng):": "1.04",
    "P/E :": "13.73",
    "Giá trị sổ sách /cp (nghìn đồng):": "13.71",
    "(**) Hệ số beta:": "0.87",
    "KLGD khớp lệnh trung bình 10 phiên:": "1,694,550",
    "KLCP đang niêm yết:": "100,000,000",
    "KLCP đang lưu hành:": "100,000,000",
    "Vốn hóa thị trường (tỷ đồng):": "1,410.00",
    "Doanh thu": "1,595.15 tỷ",
    "Lợi nhuận trước thuế": "174.39 tỷ",
    "Lợi nhuận sau thuế": "145.01 tỷ",
    "Cổ tức bằng tiền mặt": "10 %",
    "Cổ tức bằng cổ phiếu": "N/A",
    "Dự kiến tăng vốn lên": "N/A",
    "Giới thiệu công ty": "CTCP kinh doanh và phát triển Bình Dương được thành lập trên cơ sở cổ phần hóa bộ phận kinh doanh bán buôn, bán lẻ trực thuộc Công ty Thương mại Đầu tư và Phát triển (Becamex IDC Corp) theo Quyết định số 30/2002/QĐ-UB ngày 20/03/2002 của Chủ tịch UNBB tỉnh Bình Dương. Ngày 4/52010, giao dịch chính thức cổ phiếu của Công ty CP Kinh doanh và Phát triển Bình Dương (mã chứng khoán TDC) tại sở GDCK TP HCM"
}