{
    "Url": "http://s.cafef.vn/hose/TDG-cong-ty-co-phan-dau-tu-tdg-global.chn",
    "CenterName": "HSX",
    "Symbol": "TDG",
    "TradeCenterID": 1,
    "ChangePrice": 16.88311688311688,
    "VonHoa": 83.0107395,
    "ChangeVolume": -15.392991087631568,
    "EPS": 0.456354809835239,
    "PE": 9.86074848564577,
    "Beta": 0,
    "Price": 4.5,
    "UpdatedDate": "/Date(1686037643766)/",
    "FullName": "Công ty Cổ phần Đầu tư TDG Global",
    "ParentCategoryId": 340,
    "Cập nhật": "11:30 Thứ 4, 07/06/2023",
    "Mã công ty": "TDG",
    "Tên công ty": "Công ty Cổ phần Đầu tư TDG Global (HOSE)",
    "Giá điểm": "4.68",
    "Thay đổi": "0.2 (4.46%)",
    "Khối lượng": "518,200",
    "Giá tham chiếu": "4.48",
    "Giá trần": "4.79",
    "Giá sàn": "4.17",
    "Giá mở cửa": "4.5",
    "Giá cao nhất": "N/A",
    "Giá thấp nhất": "4.43",
    "Giao dịch NĐTNN": "Giao dịch NĐTNN",
    "KLGD ròng": "4.79",
    "GT Mua": "0 (Tỷ)",
    "GT Bán": "0 (Tỷ)",
    "Room còn lại": "N/A",
    "(*)   EPS cơ bản (nghìn đồng):": "0.50",
    "EPS pha loãng (nghìn đồng):": "0.55",
    "P/E :": "9.32",
    "Giá trị sổ sách /cp (nghìn đồng):": "13.29",
    "(**) Hệ số beta:": "n/a",
    "KLGD khớp lệnh trung bình 10 phiên:": "346,630",
    "KLCP đang niêm yết:": "18,446,831",
    "KLCP đang lưu hành:": "18,446,831",
    "Vốn hóa thị trường (tỷ đồng):": "82.64",
    "Doanh thu": "1,435 tỷ",
    "Lợi nhuận trước thuế": "15.55 tỷ",
    "Lợi nhuận sau thuế": "12.39 tỷ",
    "Cổ tức bằng tiền mặt": "N/A",
    "Cổ tức bằng cổ phiếu": "N/A",
    "Dự kiến tăng vốn lên": "N/A",
    "Giới thiệu công ty": "Công ty Cổ phần Dầu khí Thái Dương thành lập và hoạt động theo Giấy chứng nhận đăng ký kinh doanh số số 2003000152 do Sở kế hoạch và đầu tư tỉnh Bắc Giang cấp lần đầu ngày 13 tháng 7 năm 2005 với số vốn điều lệ là 2.000.000.000 đồng. Ngành nghề kinh doanh chính là sản xuất, chiết nạp đóng bình gas; mua bán khí đốt hóa lỏng; dịch vụ sang nạp bình gas; sản xuất nước uống tinh khiết; mua bán vỏ bình, bồn chứa gas; và một số sản phẩm phụ khác."
}