{
    "Url": "http://s.cafef.vn/hose/TDH-cong-ty-co-phan-phat-trien-nha-thu-duc.chn",
    "CenterName": "HSX",
    "Symbol": "TDH",
    "TradeCenterID": 1,
    "ChangePrice": 21.80094786729858,
    "VonHoa": 579.03522238,
    "ChangeVolume": -88.43750720494317,
    "EPS": -0.415584542530393,
    "PE": -12.3681212219872,
    "Beta": 0.715511612722694,
    "Price": 5.14,
    "UpdatedDate": "/Date(1686037643766)/",
    "FullName": "Công ty Cổ phần Phát triển Nhà Thủ Đức",
    "ParentCategoryId": 345,
    "Cập nhật": "11:30 Thứ 4, 07/06/2023",
    "Mã công ty": "TDH",
    "Tên công ty": "Công ty Cổ phần Phát triển Nhà Thủ Đức (HOSE)",
    "Giá điểm": "5.46",
    "Thay đổi": "0.34 (6.64%)",
    "Khối lượng": "1,731,200",
    "Giá tham chiếu": "5.12",
    "Giá trần": "5.47",
    "Giá sàn": "4.77",
    "Giá mở cửa": "5.13",
    "Giá cao nhất": "N/A",
    "Giá thấp nhất": "5.07",
    "Giao dịch NĐTNN": "Giao dịch NĐTNN",
    "KLGD ròng": "5.47",
    "GT Mua": "0 (Tỷ)",
    "GT Bán": "0 (Tỷ)",
    "Room còn lại": "N/A",
    "(*)   EPS cơ bản (nghìn đồng):": "n/a",
    "EPS pha loãng (nghìn đồng):": "n/a",
    "P/E :": "n/a",
    "Giá trị sổ sách /cp (nghìn đồng):": "4.24",
    "(**) Hệ số beta:": "0.72",
    "KLGD khớp lệnh trung bình 10 phiên:": "1,082,650",
    "KLCP đang niêm yết:": "112,652,767",
    "KLCP đang lưu hành:": "112,652,767",
    "Vốn hóa thị trường (tỷ đồng):": "576.78",
    "Doanh thu": "N/A",
    "Lợi nhuận trước thuế": "87.34 tỷ",
    "Lợi nhuận sau thuế": "69.87 tỷ",
    "Cổ tức bằng tiền mặt": "N/A",
    "Cổ tức bằng cổ phiếu": "N/A",
    "Dự kiến tăng vốn lên": "N/A",
    "Giới thiệu công ty": "Năm 1992: Lúc mới thành lập Công ty là Doanh nghiệp Nhà Nước với tên gọi Công ty Quản Lý & Phát Triển Nhà Thủ Đức. Năm 1996: Công ty mở rộng chức năng hoạt động và đổi tên thành Công ty Phát Triển Nhà và Dịch Vụ Khu Công Nghiệp Thủ Đức. Năm 2000: Công ty chuyển sang Công ty Cổ Phần Phát Triển Nhà Thủ Đức, trên cơ sở pháp lý: Quyết định thành lập số 7967/QĐUBCNN ngày 24/11/2000 của UBND TP. Hồ Chí Minh"
}