{
    "Url": "http://s.cafef.vn/hose/TDM-cong-ty-co-phan-nuoc-thu-dau-mot.chn",
    "CenterName": "HSX",
    "Symbol": "TDM",
    "TradeCenterID": 1,
    "ChangePrice": -0.2610966057441105,
    "VonHoa": 3655.74,
    "ChangeVolume": -64.943032427695,
    "EPS": 3.10222169314434,
    "PE": 12.3137556817486,
    "Beta": 0,
    "Price": 38.2,
    "UpdatedDate": "/Date(1686037643766)/",
    "FullName": "Công ty cổ phần Nước Thủ Dầu Một",
    "ParentCategoryId": 346,
    "Cập nhật": "11:30 Thứ 4, 07/06/2023",
    "Mã công ty": "TDM",
    "Tên công ty": "Công ty cổ phần Nước Thủ Dầu Một (HOSE)",
    "Giá điểm": "38.75",
    "Thay đổi": "0.25 (0.65%)",
    "Khối lượng": "1,600",
    "Giá tham chiếu": "38.5",
    "Giá trần": "41.15",
    "Giá sàn": "35.85",
    "Giá mở cửa": "38.95",
    "Giá cao nhất": "N/A",
    "Giá thấp nhất": "38.4",
    "Giao dịch NĐTNN": "Giao dịch NĐTNN",
    "KLGD ròng": "38.95",
    "GT Mua": "0 (Tỷ)",
    "GT Bán": "0.02 (Tỷ)",
    "Room còn lại": "N/A",
    "(*)   EPS cơ bản (nghìn đồng):": "3.21",
    "EPS pha loãng (nghìn đồng):": "3.08",
    "P/E :": "12.06",
    "Giá trị sổ sách /cp (nghìn đồng):": "20.55",
    "(**) Hệ số beta:": "n/a",
    "KLGD khớp lệnh trung bình 10 phiên:": "37,510",
    "KLCP đang niêm yết:": "100,000,000",
    "KLCP đang lưu hành:": "95,700,000",
    "Vốn hóa thị trường (tỷ đồng):": "3,684.45",
    "Doanh thu": "N/A",
    "Lợi nhuận trước thuế": "N/A",
    "Lợi nhuận sau thuế": "N/A",
    "Cổ tức bằng tiền mặt": "14 %",
    "Cổ tức bằng cổ phiếu": "N/A",
    "Dự kiến tăng vốn lên": "N/A",
    "Giới thiệu công ty": "CTCP Nước Thủ Dầu Một được thành lập ngày 07/11/2013 với mục tiêu khai thác, xử lý và cung cấp nước sạch sinh hoạt, thoát nước và xử lý nước thải, xây dựng công trình công ích, buôn bán vật tư ngành nước...Ngày 25/03/2016, cổ phiếu của Công ty được chấp thuận đăng ký giao dịch trên Upcom với mã chứng khoán TDM."
}