{
    "Url": "http://s.cafef.vn/hose/TDP-cong-ty-co-phan-thuan-duc.chn",
    "CenterName": "HSX",
    "Symbol": "TDP",
    "TradeCenterID": 1,
    "ChangePrice": 0.3134796238244559,
    "VonHoa": 2157.95872,
    "ChangeVolume": 75.80645161290323,
    "EPS": 1.05212259990794,
    "PE": 30.414706425658,
    "Beta": 0,
    "Price": 32,
    "UpdatedDate": "/Date(1686037643766)/",
    "FullName": "Công ty cổ phần Thuận Đức",
    "ParentCategoryId": 344,
    "Cập nhật": "11:30 Thứ 4, 07/06/2023",
    "Mã công ty": "TDP",
    "Tên công ty": "Công ty cổ phần Thuận Đức (HOSE)",
    "Giá điểm": "32",
    "Thay đổi": "N/A",
    "Khối lượng": "0.0",
    "Giá tham chiếu": "32",
    "Giá trần": "34.2",
    "Giá sàn": "29.8",
    "Giá mở cửa": "N/A",
    "Giá cao nhất": "N/A",
    "Giá thấp nhất": "N/A",
    "Giao dịch NĐTNN": "Giao dịch NĐTNN",
    "KLGD ròng": "32",
    "GT Mua": "0 (Tỷ)",
    "GT Bán": "0 (Tỷ)",
    "Room còn lại": "N/A",
    "(*)   EPS cơ bản (nghìn đồng):": "1.18",
    "EPS pha loãng (nghìn đồng):": "1.18",
    "P/E :": "27.16",
    "Giá trị sổ sách /cp (nghìn đồng):": "13.35",
    "(**) Hệ số beta:": "n/a",
    "KLGD khớp lệnh trung bình 10 phiên:": "136,580",
    "KLCP đang niêm yết:": "67,435,940",
    "KLCP đang lưu hành:": "67,436,210",
    "Vốn hóa thị trường (tỷ đồng):": "2,157.96",
    "Doanh thu": "3,932 tỷ",
    "Lợi nhuận trước thuế": "N/A",
    "Lợi nhuận sau thuế": "95 tỷ",
    "Cổ tức bằng tiền mặt": "12 %",
    "Cổ tức bằng cổ phiếu": "N/A",
    "Dự kiến tăng vốn lên": "N/A",
    "Giới thiệu công ty": "Công ty Cổ phần Thuận Đức được thành lập vào ngày 22/01/2007 tại Hưng Yên, Việt Nam bởi doanh nhân Nguyễn Đức Cường, là doanh nghiệp hoạt động trong lĩnh vực sản xuất các sản phẩm từ polypropylene, nổi bật là hạt nhựa tái chế và bao bì PP."
}