{
    "Url": "http://s.cafef.vn/hose/TDW-cong-ty-co-phan-cap-nuoc-thu-duc.chn",
    "CenterName": "HSX",
    "Symbol": "TDW",
    "TradeCenterID": 1,
    "ChangePrice": 3.30578512396693,
    "VonHoa": 372.3,
    "ChangeVolume": -100,
    "EPS": 5.44335404787576,
    "PE": 8.04650948932721,
    "Beta": 0.0937412554798993,
    "Price": 43.8,
    "UpdatedDate": "/Date(1686037643766)/",
    "FullName": "Công ty Cổ phần Cấp nước Thủ Đức",
    "ParentCategoryId": 346,
    "Cập nhật": "11:30 Thứ 4, 07/06/2023",
    "Mã công ty": "TDW",
    "Tên công ty": "Công ty Cổ phần Cấp nước Thủ Đức (HOSE)",
    "Giá điểm": "43.8",
    "Thay đổi": "N/A",
    "Khối lượng": "0.0",
    "Giá tham chiếu": "43.8",
    "Giá trần": "46.85",
    "Giá sàn": "40.75",
    "Giá mở cửa": "N/A",
    "Giá cao nhất": "N/A",
    "Giá thấp nhất": "N/A",
    "Giao dịch NĐTNN": "Giao dịch NĐTNN",
    "KLGD ròng": "43.8",
    "GT Mua": "0 (Tỷ)",
    "GT Bán": "0 (Tỷ)",
    "Room còn lại": "N/A",
    "(*)   EPS cơ bản (nghìn đồng):": "5.62",
    "EPS pha loãng (nghìn đồng):": "5.62",
    "P/E :": "7.79",
    "Giá trị sổ sách /cp (nghìn đồng):": "21.44",
    "(**) Hệ số beta:": "0.09",
    "KLGD khớp lệnh trung bình 10 phiên:": "250",
    "KLCP đang niêm yết:": "8,500,000",
    "KLCP đang lưu hành:": "8,500,000",
    "Vốn hóa thị trường (tỷ đồng):": "372.30",
    "Doanh thu": "1,260.55 tỷ",
    "Lợi nhuận trước thuế": "54.99 tỷ",
    "Lợi nhuận sau thuế": "43.99 tỷ",
    "Cổ tức bằng tiền mặt": "12 %",
    "Cổ tức bằng cổ phiếu": "N/A",
    "Dự kiến tăng vốn lên": "N/A",
    "Giới thiệu công ty": "Ngày 31/07/1991 sở Giao Thông công chánh thành phố Hồ Chí Minh ký Quyết định 202/QĐ-TCNTL về việc thành lập Chi nhánh cấp nước Thủ Đức Biên Hòa. Ngày 12/01/2005 Tổng công ty cấp nước Sài Gòn ký Quyết định số 012/QĐ-CN-TCLĐTL về việc đổi tên Chi nhánh cấp nước Thủ Đức Biên Hòa thành Chi nhánh cấp nước thủ Đức. Công ty chính thức chuyển thành Công ty cổ phần từ ngày 18/01/2007"
}