{
    "Url": "http://s.cafef.vn/hose/TEG-cong-ty-co-phan-nang-luong-va-bat-dong-san-truong-thanh.chn",
    "CenterName": "HSX",
    "Symbol": "TEG",
    "TradeCenterID": 1,
    "ChangePrice": 0,
    "VonHoa": 675.5952516,
    "ChangeVolume": -21.213289634342267,
    "EPS": 0.595030837495544,
    "PE": 17.310027230441,
    "Beta": 0,
    "Price": 10.3,
    "UpdatedDate": "/Date(1686037643766)/",
    "FullName": "Công ty cổ phần Năng lượng và Bất động sản Trường Thành",
    "ParentCategoryId": 340,
    "Cập nhật": "11:30 Thứ 4, 07/06/2023",
    "Mã công ty": "TEG",
    "Tên công ty": "Công ty cổ phần Năng lượng và Bất động sản Trường Thành (HOSE)",
    "Giá điểm": "10.25",
    "Thay đổi": "-0.05 (-0.49%)",
    "Khối lượng": "119,000",
    "Giá tham chiếu": "10.3",
    "Giá trần": "11",
    "Giá sàn": "9.58",
    "Giá mở cửa": "10.35",
    "Giá cao nhất": "10.45",
    "Giá thấp nhất": "10.25",
    "Giao dịch NĐTNN": "Giao dịch NĐTNN",
    "KLGD ròng": "10.45",
    "GT Mua": "0 (Tỷ)",
    "GT Bán": "0 (Tỷ)",
    "Room còn lại": "N/A",
    "(*)   EPS cơ bản (nghìn đồng):": "0.62",
    "EPS pha loãng (nghìn đồng):": "1.27",
    "P/E :": "16.41",
    "Giá trị sổ sách /cp (nghìn đồng):": "11.74",
    "(**) Hệ số beta:": "n/a",
    "KLGD khớp lệnh trung bình 10 phiên:": "245,070",
    "KLCP đang niêm yết:": "32,383,642",
    "KLCP đang lưu hành:": "65,591,772",
    "Vốn hóa thị trường (tỷ đồng):": "675.60",
    "Doanh thu": "336.16 tỷ",
    "Lợi nhuận trước thuế": "139.34 tỷ",
    "Lợi nhuận sau thuế": "111.47 tỷ",
    "Cổ tức bằng tiền mặt": "N/A",
    "Cổ tức bằng cổ phiếu": "N/A",
    "Dự kiến tăng vốn lên": "N/A",
    "Giới thiệu công ty": "Công ty cổ phần Bất động sản và Xây dựng Trường Thành (TruongThanh Real Estate and Construction Joint Stock Company - TEC) được thành lập từ ngày 28/02/2011 với định hướng ngay từ ban đầu là đầu tư, kinh doanh bất động sản. Cấc lĩnh vực hoạt động chính: kinh doanh bất động sản, xây dựng các công trình dân dụng, đường sắt, đường bộ...thiết kế trang trí nội thất; thiết kế kiến trúc, thiết kế quy hoạch xây dựng; hoạt động tư vấn đầu tư, tư vấn giám sát công trình..."
}