{
    "Url": "http://s.cafef.vn/hose/TGG-cong-ty-co-phan-the-golden-group.chn",
    "CenterName": "HSX",
    "Symbol": "TGG",
    "TradeCenterID": 1,
    "ChangePrice": 11.271676300578038,
    "VonHoa": 0,
    "ChangeVolume": -50.754527162977865,
    "EPS": -Infinity,
    "PE": 0,
    "Beta": 0,
    "Price": 3.85,
    "UpdatedDate": "/Date(1686037643766)/",
    "FullName": "Công ty Cổ phần The Golden Group",
    "ParentCategoryId": 341,
    "Cập nhật": "11:30 Thứ 4, 07/06/2023",
    "Mã công ty": "TGG",
    "Tên công ty": "Công ty Cổ phần The Golden Group (HOSE)",
    "Giá điểm": "3.73",
    "Thay đổi": "N/A",
    "Khối lượng": "0.0",
    "Giá tham chiếu": "3.73",
    "Giá trần": "3.99",
    "Giá sàn": "3.47",
    "Giá mở cửa": "N/A",
    "Giá cao nhất": "N/A",
    "Giá thấp nhất": "N/A",
    "Giao dịch NĐTNN": "Giao dịch NĐTNN",
    "KLGD ròng": "3.73",
    "GT Mua": "0 (Tỷ)",
    "GT Bán": "0 (Tỷ)",
    "Room còn lại": "N/A",
    "(*)   EPS cơ bản (nghìn đồng):": "n/a",
    "EPS pha loãng (nghìn đồng):": "n/a",
    "P/E :": "n/a",
    "Giá trị sổ sách /cp (nghìn đồng):": "n/a",
    "(**) Hệ số beta:": "n/a",
    "KLGD khớp lệnh trung bình 10 phiên:": "573,710",
    "KLCP đang niêm yết:": "n/a",
    "KLCP đang lưu hành:": "n/a",
    "Vốn hóa thị trường (tỷ đồng):": "n/a",
    "Doanh thu": "550 tỷ",
    "Lợi nhuận trước thuế": "N/A",
    "Lợi nhuận sau thuế": "N/A",
    "Cổ tức bằng tiền mặt": "N/A",
    "Cổ tức bằng cổ phiếu": "N/A",
    "Dự kiến tăng vốn lên": "N/A",
    "Giới thiệu công ty": "Được thành lập từ năm 2012 và đã trải qua nhiều giai đoạn phát triển; Hiện nay, Công ty cổ phần Louis Capital (Mã: TTG) định hướng phát triển trở thành công ty đầu tư đa ngành, trên các lĩnh vực như: Bất động sản, chứng khoán, mua bán nợ, thủy sản, nông sản, trồng trọt và chăn nuôi."
}