{
    "Url": "http://s.cafef.vn/hose/THG-cong-ty-co-phan-dau-tu-va-xay-dung-tien-giang.chn",
    "CenterName": "HSX",
    "Symbol": "THG",
    "TradeCenterID": 1,
    "ChangePrice": 0.3157894736842075,
    "VonHoa": 951.27950145,
    "ChangeVolume": 38.72832369942196,
    "EPS": 6.64279993828298,
    "PE": 7.17318005098863,
    "Beta": -0.129278985169294,
    "Price": 47.65,
    "UpdatedDate": "/Date(1686037643766)/",
    "FullName": "Công ty Cổ phần Đầu tư và Xây dựng Tiền Giang",
    "ParentCategoryId": 345,
    "Cập nhật": "11:30 Thứ 4, 07/06/2023",
    "Mã công ty": "THG",
    "Tên công ty": "Công ty Cổ phần Đầu tư và Xây dựng Tiền Giang (HOSE)",
    "Giá điểm": "48",
    "Thay đổi": "0.3 (0.63%)",
    "Khối lượng": "18,000",
    "Giá tham chiếu": "47.7",
    "Giá trần": "51",
    "Giá sàn": "44.4",
    "Giá mở cửa": "48.05",
    "Giá cao nhất": "N/A",
    "Giá thấp nhất": "47.65",
    "Giao dịch NĐTNN": "Giao dịch NĐTNN",
    "KLGD ròng": "48.05",
    "GT Mua": "0 (Tỷ)",
    "GT Bán": "0.05 (Tỷ)",
    "Room còn lại": "N/A",
    "(*)   EPS cơ bản (nghìn đồng):": "6.81",
    "EPS pha loãng (nghìn đồng):": "6.81",
    "P/E :": "7.05",
    "Giá trị sổ sách /cp (nghìn đồng):": "29.73",
    "(**) Hệ số beta:": "-0.13",
    "KLGD khớp lệnh trung bình 10 phiên:": "30,420",
    "KLCP đang niêm yết:": "19,963,893",
    "KLCP đang lưu hành:": "19,963,893",
    "Vốn hóa thị trường (tỷ đồng):": "952.28",
    "Doanh thu": "1,669 tỷ",
    "Lợi nhuận trước thuế": "N/A",
    "Lợi nhuận sau thuế": "150 tỷ",
    "Cổ tức bằng tiền mặt": "40 %",
    "Cổ tức bằng cổ phiếu": "N/A",
    "Dự kiến tăng vốn lên": "N/A",
    "Giới thiệu công ty": "1977 Công ty xây dựng thuỷ lợi Tiền Giang được thành lập.11/07/1983 Xí nghiệp Thi công Cơ giới Thủy lợi sáp nhập với Công ty Xây dựng Thủy lợi thành Xí nghiệp Xây dựng Thủy lợi Tiền Giang.\r\n1996 Xí nghiệp Xây dựng Thủy lợi Tiền Giang chuyển đổi thành Công ty Xây dựng Thủy lợi Tiền Giang. 2004 Công ty Xây dựng Thủy lợi Tiền Giang được cổ phần hóa và đổi tên thành Công ty Đầu tư và Xây dựng Thủy lợi Tiền Giang"
}