{
    "Url": "http://s.cafef.vn/hose/THI-cong-ty-co-phan-thiet-bi-dien.chn",
    "CenterName": "HSX",
    "Symbol": "THI",
    "TradeCenterID": 1,
    "ChangePrice": -8.54545454545455,
    "VonHoa": 1227.32,
    "ChangeVolume": 29.072681704260653,
    "EPS": 0.405089670348996,
    "PE": 62.0850192954379,
    "Beta": 0,
    "Price": 25.15,
    "UpdatedDate": "/Date(1686037643766)/",
    "FullName": "Công ty Cổ phần Thiết Bị Điện",
    "ParentCategoryId": 347,
    "Cập nhật": "11:30 Thứ 4, 07/06/2023",
    "Mã công ty": "THI",
    "Tên công ty": "Công ty Cổ phần Thiết Bị Điện (HOSE)",
    "Giá điểm": "23.1",
    "Thay đổi": "-0.9 (-3.75%)",
    "Khối lượng": "1,600",
    "Giá tham chiếu": "24",
    "Giá trần": "25.65",
    "Giá sàn": "22.35",
    "Giá mở cửa": "N/A",
    "Giá cao nhất": "N/A",
    "Giá thấp nhất": "23.55",
    "Giao dịch NĐTNN": "Giao dịch NĐTNN",
    "KLGD ròng": "23.55",
    "GT Mua": "0 (Tỷ)",
    "GT Bán": "0 (Tỷ)",
    "Room còn lại": "N/A",
    "(*)   EPS cơ bản (nghìn đồng):": "0.42",
    "EPS pha loãng (nghìn đồng):": "0.42",
    "P/E :": "54.66",
    "Giá trị sổ sách /cp (nghìn đồng):": "26.84",
    "(**) Hệ số beta:": "n/a",
    "KLGD khớp lệnh trung bình 10 phiên:": "9,960",
    "KLCP đang niêm yết:": "48,800,000",
    "KLCP đang lưu hành:": "48,800,000",
    "Vốn hóa thị trường (tỷ đồng):": "1,171.20",
    "Doanh thu": "1,201 tỷ",
    "Lợi nhuận trước thuế": "50 tỷ",
    "Lợi nhuận sau thuế": "43 tỷ",
    "Cổ tức bằng tiền mặt": "15 %",
    "Cổ tức bằng cổ phiếu": "N/A",
    "Dự kiến tăng vốn lên": "N/A",
    "Giới thiệu công ty": "Công ty Thiết Bị Điện (THIBIDI) được thành lập từ năm 1977, chuyên sản xuất và cung cấp sản phẩm máy biến áp các loại. Là doanh nghiệp nhà nước trực thuộc Tổng Công Ty Thiết Bị Kỹ Thuật Điện - Bộ Công Nghiệp. Trụ sở tọa lạc tại khu Công nghiệp Biên Hòa 1, tỉnh Đồng Nai, Việt Nam."
}