{
    "Url": "http://s.cafef.vn/hose/TIP-cong-ty-co-phan-phat-trien-khu-cong-nghiep-tin-nghia.chn",
    "CenterName": "HSX",
    "Symbol": "TIP",
    "TradeCenterID": 1,
    "ChangePrice": 0.9615384615384581,
    "VonHoa": 1365.164997,
    "ChangeVolume": -42.243882206553295,
    "EPS": 1.37407054046429,
    "PE": 15.2830581702918,
    "Beta": 0,
    "Price": 21,
    "UpdatedDate": "/Date(1686037643766)/",
    "FullName": "Công ty cổ phần Phát triển Khu Công nghiệp Tín Nghĩa",
    "ParentCategoryId": 345,
    "Cập nhật": "11:30 Thứ 4, 07/06/2023",
    "Mã công ty": "TIP",
    "Tên công ty": "Công ty cổ phần Phát triển Khu Công nghiệp Tín Nghĩa (HOSE)",
    "Giá điểm": "21.05",
    "Thay đổi": "-0.15 (-0.71%)",
    "Khối lượng": "94,700",
    "Giá tham chiếu": "21.2",
    "Giá trần": "22.65",
    "Giá sàn": "19.75",
    "Giá mở cửa": "21.35",
    "Giá cao nhất": "N/A",
    "Giá thấp nhất": "21.15",
    "Giao dịch NĐTNN": "Giao dịch NĐTNN",
    "KLGD ròng": "21.35",
    "GT Mua": "0.06 (Tỷ)",
    "GT Bán": "0 (Tỷ)",
    "Room còn lại": "N/A",
    "(*)   EPS cơ bản (nghìn đồng):": "1.39",
    "EPS pha loãng (nghìn đồng):": "1.39",
    "P/E :": "15.16",
    "Giá trị sổ sách /cp (nghìn đồng):": "25.52",
    "(**) Hệ số beta:": "n/a",
    "KLGD khớp lệnh trung bình 10 phiên:": "189,580",
    "KLCP đang niêm yết:": "65,007,857",
    "KLCP đang lưu hành:": "65,007,857",
    "Vốn hóa thị trường (tỷ đồng):": "1,378.17",
    "Doanh thu": "272.75 tỷ",
    "Lợi nhuận trước thuế": "N/A",
    "Lợi nhuận sau thuế": "164 tỷ",
    "Cổ tức bằng tiền mặt": "N/A",
    "Cổ tức bằng cổ phiếu": "N/A",
    "Dự kiến tăng vốn lên": "N/A",
    "Giới thiệu công ty": "CTCP phát triển KCN Tín Nghĩa tiền thân là Xí nghiệp Dịch vụ và Phát triển Khu Công nghiệp Tam Phước, được thành lập căn cứ trên QĐ 129/2002/QĐCT ngày 23/05/2002 của Công ty Tín Nghĩa. 06/10/2003, KCN Tam Phước được thành lập theo Quyết định số 3576/QĐCT-UBT của Chủ tịch Uỷ ban nhân dân tỉnh Đồng Nai. 24/9/2007, Tỉnh Uỷ Đồng Nai ban hành quyết định số 222-CV/TU phê duyệt phương án và chuyển Xí nghiệp Dịch vụ và Phát triển Khu Công nghiệp Tam Phước thành CTCP."
}