{
    "Url": "http://s.cafef.vn/hose/TIX-ctcp-san-xuat-kinh-doanh-xuat-nhap-khau-dich-vu-va-dau-tu-tan-binh.chn",
    "CenterName": "HSX",
    "Symbol": "TIX",
    "TradeCenterID": 1,
    "ChangePrice": 13.088235294117656,
    "VonHoa": 1153.5,
    "ChangeVolume": -100,
    "EPS": 2.95203340342225,
    "PE": 13.0249203668988,
    "Beta": 0.0309672605167428,
    "Price": 38.45,
    "UpdatedDate": "/Date(1686037643766)/",
    "FullName": "CTCP Sản xuất Kinh doanh Xuất nhập khẩu Dịch vụ và Đầu tư Tân Bình",
    "ParentCategoryId": 345,
    "Cập nhật": "11:30 Thứ 4, 07/06/2023",
    "Mã công ty": "TIX",
    "Tên công ty": "CTCP Sản xuất Kinh doanh Xuất nhập khẩu Dịch vụ và Đầu tư Tân Bình (HOSE)",
    "Giá điểm": "38.45",
    "Thay đổi": "N/A",
    "Khối lượng": "0.0",
    "Giá tham chiếu": "38.45",
    "Giá trần": "41.1",
    "Giá sàn": "35.8",
    "Giá mở cửa": "N/A",
    "Giá cao nhất": "N/A",
    "Giá thấp nhất": "N/A",
    "Giao dịch NĐTNN": "Giao dịch NĐTNN",
    "KLGD ròng": "38.45",
    "GT Mua": "0 (Tỷ)",
    "GT Bán": "0 (Tỷ)",
    "Room còn lại": "N/A",
    "(*)   EPS cơ bản (nghìn đồng):": "3.11",
    "EPS pha loãng (nghìn đồng):": "3.11",
    "P/E :": "12.35",
    "Giá trị sổ sách /cp (nghìn đồng):": "27.35",
    "(**) Hệ số beta:": "0.03",
    "KLGD khớp lệnh trung bình 10 phiên:": "810",
    "KLCP đang niêm yết:": "30,000,000",
    "KLCP đang lưu hành:": "30,000,000",
    "Vốn hóa thị trường (tỷ đồng):": "1,153.50",
    "Doanh thu": "229.4 tỷ",
    "Lợi nhuận trước thuế": "108.2 tỷ",
    "Lợi nhuận sau thuế": "87.8 tỷ",
    "Cổ tức bằng tiền mặt": "N/A",
    "Cổ tức bằng cổ phiếu": "N/A",
    "Dự kiến tăng vốn lên": "N/A",
    "Giới thiệu công ty": "Tiền thân của Công ty sản xuất Kinh doanh Xuất nhập khẩu Dịch vụ và Đầu tư Tân Bình (TANIMEX) là Công ty Dịch vụ và Cung ứng Xuất khẩu, được thành lập theo quyết định số 1920/QĐ-UB ngày 11/11/1981 của UBND Quận Tân Bình. Năm 1992, Công ty Sản xuất Kinh doanh Xuất nhập khẩu dịch vụ Đầu tư Tân Bình được thành lập theo quyết định số 218/QĐ-UB ngày 11/02/1992 của UBND Thành phố Hồ Chí Minh."
}