{
    "Url": "http://s.cafef.vn/hose/TLD-cong-ty-co-phan-dau-tu-xay-dung-va-phat-trien-do-thi-thang-long.chn",
    "CenterName": "HSX",
    "Symbol": "TLD",
    "TradeCenterID": 1,
    "ChangePrice": 1.4742014742014646,
    "VonHoa": 308.72818018,
    "ChangeVolume": -3.954363770421825,
    "EPS": 0.112048011949561,
    "PE": 36.8591992677133,
    "Beta": 0,
    "Price": 4.13,
    "UpdatedDate": "/Date(1686037643766)/",
    "FullName": "Công ty Cổ phần Đầu tư Xây dựng và Phát triển Đô thị Thăng Long",
    "ParentCategoryId": 345,
    "Cập nhật": "11:30 Thứ 4, 07/06/2023",
    "Mã công ty": "TLD",
    "Tên công ty": "Công ty Cổ phần Đầu tư Xây dựng và Phát triển Đô thị Thăng Long (HOSE)",
    "Giá điểm": "4.23",
    "Thay đổi": "0.01 (0.24%)",
    "Khối lượng": "222,200",
    "Giá tham chiếu": "4.22",
    "Giá trần": "4.51",
    "Giá sàn": "3.93",
    "Giá mở cửa": "4.26",
    "Giá cao nhất": "N/A",
    "Giá thấp nhất": "4.17",
    "Giao dịch NĐTNN": "Giao dịch NĐTNN",
    "KLGD ròng": "4.26",
    "GT Mua": "0 (Tỷ)",
    "GT Bán": "0 (Tỷ)",
    "Room còn lại": "N/A",
    "(*)   EPS cơ bản (nghìn đồng):": "0.12",
    "EPS pha loãng (nghìn đồng):": "0.12",
    "P/E :": "35.28",
    "Giá trị sổ sách /cp (nghìn đồng):": "10.50",
    "(**) Hệ số beta:": "n/a",
    "KLGD khớp lệnh trung bình 10 phiên:": "422,160",
    "KLCP đang niêm yết:": "72,850,291",
    "KLCP đang lưu hành:": "74,752,586",
    "Vốn hóa thị trường (tỷ đồng):": "315.46",
    "Doanh thu": "700 tỷ",
    "Lợi nhuận trước thuế": "N/A",
    "Lợi nhuận sau thuế": "60 tỷ",
    "Cổ tức bằng tiền mặt": "N/A",
    "Cổ tức bằng cổ phiếu": "N/A",
    "Dự kiến tăng vốn lên": "N/A",
    "Giới thiệu công ty": "Công ty Cổ phần Đầu tư Xây dựng và Phát triển Đô thị Thăng Long tiền thân là Công ty TNHH Thương mại và Xây dựng Ngọc Hà thành lập tháng 09 năm 2000 với vốn điều lệ là 11 tỷ đồng ngành nghề chính là sản xuất, chế biến và kinh doanh các sản phẩm đồ gỗ xây dựng, trang trí nội ngoại thất, xây dựng các công trình dân dụng, công nghiệp, giao thông, thuỷ lợi, đầu tư xây dựng hạ tầng các cụm công nghiệp làng nghề."
}