{
    "Url": "http://s.cafef.vn/hose/TLG-cong-ty-co-phan-tap-doan-thien-long.chn",
    "CenterName": "HSX",
    "Symbol": "TLG",
    "TradeCenterID": 1,
    "ChangePrice": -1.0489510489510514,
    "VonHoa": 4403.1660398,
    "ChangeVolume": 29.68241042345277,
    "EPS": 4.83037407722128,
    "PE": 11.7175189944212,
    "Beta": 0.161831918664304,
    "Price": 56.6,
    "UpdatedDate": "/Date(1686037643766)/",
    "FullName": "Công ty Cổ phần Tập đoàn Thiên Long",
    "ParentCategoryId": 339,
    "Cập nhật": "11:30 Thứ 4, 07/06/2023",
    "Mã công ty": "TLG",
    "Tên công ty": "Công ty Cổ phần Tập đoàn Thiên Long (HOSE)",
    "Giá điểm": "56.5",
    "Thay đổi": "0.5 (0.89%)",
    "Khối lượng": "7,900",
    "Giá tham chiếu": "56",
    "Giá trần": "59.9",
    "Giá sàn": "52.1",
    "Giá mở cửa": "56.8",
    "Giá cao nhất": "N/A",
    "Giá thấp nhất": "N/A",
    "Giao dịch NĐTNN": "Giao dịch NĐTNN",
    "KLGD ròng": "56.8",
    "GT Mua": "0.01 (Tỷ)",
    "GT Bán": "0.02 (Tỷ)",
    "Room còn lại": "N/A",
    "(*)   EPS cơ bản (nghìn đồng):": "4.98",
    "EPS pha loãng (nghìn đồng):": "4.98",
    "P/E :": "11.34",
    "Giá trị sổ sách /cp (nghìn đồng):": "26.71",
    "(**) Hệ số beta:": "0.16",
    "KLGD khớp lệnh trung bình 10 phiên:": "38,450",
    "KLCP đang niêm yết:": "77,794,453",
    "KLCP đang lưu hành:": "77,794,453",
    "Vốn hóa thị trường (tỷ đồng):": "4,356.49",
    "Doanh thu": "4,000 tỷ",
    "Lợi nhuận trước thuế": "N/A",
    "Lợi nhuận sau thuế": "400 tỷ",
    "Cổ tức bằng tiền mặt": "35 %",
    "Cổ tức bằng cổ phiếu": "N/A",
    "Dự kiến tăng vốn lên": "N/A",
    "Giới thiệu công ty": "Công ty Cổ phần Tập đoàn Thiên Long tiền thân là Cơ sở bút bi Thiên Long được thành lập năm 1981.\r\nNăm 1996, Cơ sở bút bi Thiên Long chuyển đổi thành Công ty TNHH SX-TM Thiên Long. Tháng 03 năm 2005, Công ty TNHH SX-TM Thiên Long chính thức chuyển đổi thành Công ty Cổ phần SX-TM Thiên Long với vốn điều lệ là 100 tỷ đồng. Năm 2010 chính thức niêm yết tại HSX với mã TLG"
}