{
    "Url": "http://s.cafef.vn/hose/TLH-cong-ty-co-phan-tap-doan-thep-tien-len.chn",
    "CenterName": "HSX",
    "Symbol": "TLH",
    "TradeCenterID": 1,
    "ChangePrice": 0.11574074074073826,
    "VonHoa": 883.25687165,
    "ChangeVolume": 11.640687693018505,
    "EPS": -0.671876306732738,
    "PE": -12.8743935651847,
    "Beta": 0.685943475422069,
    "Price": 8.65,
    "UpdatedDate": "/Date(1686037643766)/",
    "FullName": "Công ty Cổ phần Tập đoàn Thép Tiến Lên",
    "ParentCategoryId": 344,
    "Cập nhật": "11:30 Thứ 4, 07/06/2023",
    "Mã công ty": "TLH",
    "Tên công ty": "Công ty Cổ phần Tập đoàn Thép Tiến Lên (HOSE)",
    "Giá điểm": "9.04",
    "Thay đổi": "0.33 (3.79%)",
    "Khối lượng": "1,256,000",
    "Giá tham chiếu": "8.71",
    "Giá trần": "9.31",
    "Giá sàn": "8.11",
    "Giá mở cửa": "8.79",
    "Giá cao nhất": "9.2",
    "Giá thấp nhất": "N/A",
    "Giao dịch NĐTNN": "Giao dịch NĐTNN",
    "KLGD ròng": "9.2",
    "GT Mua": "0.07 (Tỷ)",
    "GT Bán": "0 (Tỷ)",
    "Room còn lại": "N/A",
    "(*)   EPS cơ bản (nghìn đồng):": "n/a",
    "EPS pha loãng (nghìn đồng):": "n/a",
    "P/E :": "n/a",
    "Giá trị sổ sách /cp (nghìn đồng):": "19.57",
    "(**) Hệ số beta:": "0.69",
    "KLGD khớp lệnh trung bình 10 phiên:": "1,656,190",
    "KLCP đang niêm yết:": "102,110,621",
    "KLCP đang lưu hành:": "102,110,621",
    "Vốn hóa thị trường (tỷ đồng):": "889.38",
    "Doanh thu": "5,000 tỷ",
    "Lợi nhuận trước thuế": "N/A",
    "Lợi nhuận sau thuế": "100 tỷ",
    "Cổ tức bằng tiền mặt": "N/A",
    "Cổ tức bằng cổ phiếu": "N/A",
    "Dự kiến tăng vốn lên": "N/A",
    "Giới thiệu công ty": "Công ty Cổ phần Tập đoàn Thép Tiến Lên được thành lập năm 1988 đến năn 1991, tiền thân là một cửa hàng vật liệu xây dựng. Đến năm 1993, TLH đuợc chuyển đổi thành doanh nghiệp tư nhân Tiền Lên, với ngành nghề kinh doanh chính là buôn bán vật liệu xây dựng, sản phẩm chủ yếu là các sản phẩm về sắt thép. Trải qua 16 năm hoạt động và phát triển, từ DN tư nhân Tiến Lên, Công ty đã chuyển đổi lần thứ nhất thành Công ty TNHH Tiến Lên ngày 22/11/2001 với mức VĐL ban đầu 15.000.000.000đ"
}