{
    "Url": "http://s.cafef.vn/hose/TMP-cong-ty-co-phan-thuy-dien-thac-mo.chn",
    "CenterName": "HSX",
    "Symbol": "TMP",
    "TradeCenterID": 1,
    "ChangePrice": 11.886792452830184,
    "VonHoa": 4151,
    "ChangeVolume": -95.53571428571429,
    "EPS": 7.84206267842309,
    "PE": 7.56178602896913,
    "Beta": 0.068183938065479,
    "Price": 59.3,
    "UpdatedDate": "/Date(1686037643766)/",
    "FullName": "Công ty cổ phần Thủy điện Thác Mơ",
    "ParentCategoryId": 340,
    "Cập nhật": "11:30 Thứ 4, 07/06/2023",
    "Mã công ty": "TMP",
    "Tên công ty": "Công ty cổ phần Thủy điện Thác Mơ (HOSE)",
    "Giá điểm": "55.3",
    "Thay đổi": "N/A",
    "Khối lượng": "0.0",
    "Giá tham chiếu": "55.3",
    "Giá trần": "59.1",
    "Giá sàn": "51.5",
    "Giá mở cửa": "N/A",
    "Giá cao nhất": "N/A",
    "Giá thấp nhất": "N/A",
    "Giao dịch NĐTNN": "Giao dịch NĐTNN",
    "KLGD ròng": "55.3",
    "GT Mua": "0 (Tỷ)",
    "GT Bán": "0 (Tỷ)",
    "Room còn lại": "N/A",
    "(*)   EPS cơ bản (nghìn đồng):": "7.97",
    "EPS pha loãng (nghìn đồng):": "7.97",
    "P/E :": "6.94",
    "Giá trị sổ sách /cp (nghìn đồng):": "22.30",
    "(**) Hệ số beta:": "0.07",
    "KLGD khớp lệnh trung bình 10 phiên:": "2,090",
    "KLCP đang niêm yết:": "70,000,000",
    "KLCP đang lưu hành:": "70,000,000",
    "Vốn hóa thị trường (tỷ đồng):": "3,871.00",
    "Doanh thu": "572.84 tỷ",
    "Lợi nhuận trước thuế": "N/A",
    "Lợi nhuận sau thuế": "N/A",
    "Cổ tức bằng tiền mặt": "20 %",
    "Cổ tức bằng cổ phiếu": "N/A",
    "Dự kiến tăng vốn lên": "N/A",
    "Giới thiệu công ty": "Nhà máy Thuỷ điện Thác Mơ (nay là Công ty cổ phần Thuỷ điện Thác Mơ) được thành lập theo Quyết định số 361 NL/TCCB-LĐ ngày 11/6/1994 của Bộ Năng lượng, là đơn vị trực thuộc Công ty Điện lực 2.Ngày 26 tháng 8 năm 2005, Bộ trưởng Bộ Công nghiệp ký quyết định số 2747/QĐ-BCN về việc cổ phần hoá Công ty Thuỷ điện Thác Mơ. Công ty chính thức niêm yết cổ phiếu trên Sở giao dịch chứng khoán Thành phố Hồ Chí Minh từ 18/06/2009 với mã chứng khoán TMP"
}