{
    "Url": "http://s.cafef.vn/hose/TMS-cong-ty-co-phan-transimex.chn",
    "CenterName": "HSX",
    "Symbol": "TMS",
    "TradeCenterID": 1,
    "ChangePrice": 4.3478260869565215,
    "VonHoa": 5843.434848,
    "ChangeVolume": 41.693811074918564,
    "EPS": 3.57416351356337,
    "PE": 13.429715741277,
    "Beta": -0.428131704132077,
    "Price": 48,
    "UpdatedDate": "/Date(1686037643766)/",
    "FullName": "Công ty Cổ phần Transimex",
    "ParentCategoryId": 343,
    "Cập nhật": "11:30 Thứ 4, 07/06/2023",
    "Mã công ty": "TMS",
    "Tên công ty": "Công ty Cổ phần Transimex (HOSE)",
    "Giá điểm": "47.5",
    "Thay đổi": "N/A",
    "Khối lượng": "100",
    "Giá tham chiếu": "47.5",
    "Giá trần": "50.8",
    "Giá sàn": "44.2",
    "Giá mở cửa": "N/A",
    "Giá cao nhất": "N/A",
    "Giá thấp nhất": "N/A",
    "Giao dịch NĐTNN": "Giao dịch NĐTNN",
    "KLGD ròng": "47.5",
    "GT Mua": "0 (Tỷ)",
    "GT Bán": "0 (Tỷ)",
    "Room còn lại": "N/A",
    "(*)   EPS cơ bản (nghìn đồng):": "4.11",
    "EPS pha loãng (nghìn đồng):": "4.11",
    "P/E :": "11.56",
    "Giá trị sổ sách /cp (nghìn đồng):": "34.20",
    "(**) Hệ số beta:": "-0.43",
    "KLGD khớp lệnh trung bình 10 phiên:": "4,560",
    "KLCP đang niêm yết:": "121,749,845",
    "KLCP đang lưu hành:": "121,738,226",
    "Vốn hóa thị trường (tỷ đồng):": "5,782.57",
    "Doanh thu": "3,455.21 tỷ",
    "Lợi nhuận trước thuế": "497.84 tỷ",
    "Lợi nhuận sau thuế": "432.25 tỷ",
    "Cổ tức bằng tiền mặt": "20 %",
    "Cổ tức bằng cổ phiếu": "N/A",
    "Dự kiến tăng vốn lên": "N/A",
    "Giới thiệu công ty": "1983 Thành lập Công ty Kho vận Giao nhận Ngoại thương (Transimex). 1/2000: Transimex chính thức chuyển thành Công ty cổ phần theo QĐ số: 989/QĐ-TTg, ngày 26/10/1999. 8/2000:Cổ phiếu Transimex (TMS) chính thức được niêm yết trên sàn HOSE."
}