{
    "Url": "http://s.cafef.vn/hose/TMT-cong-ty-co-phan-o-to-tmt.chn",
    "CenterName": "HSX",
    "Symbol": "TMT",
    "TradeCenterID": 1,
    "ChangePrice": -2.2123893805309733,
    "VonHoa": 815.003358,
    "ChangeVolume": 0,
    "EPS": 0.674253128493714,
    "PE": 32.7770077231552,
    "Beta": 0.861580076485402,
    "Price": 22.1,
    "UpdatedDate": "/Date(1686037643766)/",
    "FullName": "Công ty Cổ phần Ô tô TMT",
    "ParentCategoryId": 343,
    "Cập nhật": "11:30 Thứ 4, 07/06/2023",
    "Mã công ty": "TMT",
    "Tên công ty": "Công ty Cổ phần Ô tô TMT (HOSE)",
    "Giá điểm": "22.4",
    "Thay đổi": "N/A",
    "Khối lượng": "4,600",
    "Giá tham chiếu": "22.4",
    "Giá trần": "23.95",
    "Giá sàn": "20.85",
    "Giá mở cửa": "N/A",
    "Giá cao nhất": "N/A",
    "Giá thấp nhất": "22.1",
    "Giao dịch NĐTNN": "Giao dịch NĐTNN",
    "KLGD ròng": "22.4",
    "GT Mua": "0 (Tỷ)",
    "GT Bán": "0.01 (Tỷ)",
    "Room còn lại": "N/A",
    "(*)   EPS cơ bản (nghìn đồng):": "0.73",
    "EPS pha loãng (nghìn đồng):": "0.70",
    "P/E :": "30.52",
    "Giá trị sổ sách /cp (nghìn đồng):": "12.25",
    "(**) Hệ số beta:": "0.86",
    "KLGD khớp lệnh trung bình 10 phiên:": "66,100",
    "KLCP đang niêm yết:": "38,883,969",
    "KLCP đang lưu hành:": "36,877,980",
    "Vốn hóa thị trường (tỷ đồng):": "826.07",
    "Doanh thu": "4,752.4 tỷ",
    "Lợi nhuận trước thuế": "89.58 tỷ",
    "Lợi nhuận sau thuế": "77.49 tỷ",
    "Cổ tức bằng tiền mặt": "18 %",
    "Cổ tức bằng cổ phiếu": "N/A",
    "Dự kiến tăng vốn lên": "N/A",
    "Giới thiệu công ty": "Công ty Cổ phần Ô tô TMT tiền thân là Công ty Vật tư thiết bị Cơ khí Giao thông Vận tải thuộc Cục cơ khí – Bộ Giao thông Vận tải, thành lập từ 27/10/1976. Ngày 14/04/2006, Bộ Giao thông Vận tải đã có Quyết định số 870/QĐ-BGTVT phê duyệt phương án và chuyển mô hình hoạt đông của Công ty thành Công ty Cổ phần. Vốn điều lệ của Công ty là 25.000.000.000 đồng."
}