{
    "Url": "http://s.cafef.vn/hose/TN1-cong-ty-co-phan-thuong-mai-dich-vu-tns-holdings.chn",
    "CenterName": "HSX",
    "Symbol": "TN1",
    "TradeCenterID": 1,
    "ChangePrice": 13.855421686746968,
    "VonHoa": 802.7602443,
    "ChangeVolume": -40.87403598971722,
    "EPS": 0.811192640126758,
    "PE": 23.2990279559818,
    "Beta": 0,
    "Price": 18.9,
    "UpdatedDate": "/Date(1686037643766)/",
    "FullName": "Công ty Cổ phần Thương mại Dịch vụ TNS Holdings",
    "ParentCategoryId": 345,
    "Cập nhật": "11:30 Thứ 4, 07/06/2023",
    "Mã công ty": "TN1",
    "Tên công ty": "Công ty Cổ phần Thương mại Dịch vụ TNS Holdings (HOSE)",
    "Giá điểm": "18",
    "Thay đổi": "-0.5 (-2.7%)",
    "Khối lượng": "1,600",
    "Giá tham chiếu": "18.5",
    "Giá trần": "19.75",
    "Giá sàn": "17.25",
    "Giá mở cửa": "N/A",
    "Giá cao nhất": "N/A",
    "Giá thấp nhất": "18",
    "Giao dịch NĐTNN": "Giao dịch NĐTNN",
    "KLGD ròng": "18.5",
    "GT Mua": "0 (Tỷ)",
    "GT Bán": "0 (Tỷ)",
    "Room còn lại": "N/A",
    "(*)   EPS cơ bản (nghìn đồng):": "1.03",
    "EPS pha loãng (nghìn đồng):": "1.01",
    "P/E :": "17.51",
    "Giá trị sổ sách /cp (nghìn đồng):": "21.03",
    "(**) Hệ số beta:": "n/a",
    "KLGD khớp lệnh trung bình 10 phiên:": "5,830",
    "KLCP đang niêm yết:": "43,188,087",
    "KLCP đang lưu hành:": "42,474,087",
    "Vốn hóa thị trường (tỷ đồng):": "785.77",
    "Doanh thu": "1,000 tỷ",
    "Lợi nhuận trước thuế": "N/A",
    "Lợi nhuận sau thuế": "103 tỷ",
    "Cổ tức bằng tiền mặt": "N/A",
    "Cổ tức bằng cổ phiếu": "N/A",
    "Dự kiến tăng vốn lên": "N/A",
    "Giới thiệu công ty": "Công ty được thành lập theo Giấy chứng nhận đăng ký doanh nghiệp công ty cổ phần do Sở Kế hoạch và Đầu tư thành phố Hà Nội cấp lần đầu ngày 23 tháng 10 năm 2014 và cấp thay đổi lần thứ 8 ngày 04 tháng 10 năm 2018. Vốn điều lệ đăng ký lần đầu là 38 tỷ đồng. Công ty đã tiến hành tăng vốn điều lệ lên 133 tỷ đồng theo phương thức phát hành cho cổ đông hiện hữu và các cổ đông này đã góp đủ số vốn tăng thêm vào ngày 22 tháng 08 năm 2018."
}