{
    "Url": "http://s.cafef.vn/hose/TNA-cong-ty-co-phan-thuong-mai-xuat-nhap-khau-thien-nam.chn",
    "CenterName": "HSX",
    "Symbol": "TNA",
    "TradeCenterID": 1,
    "ChangePrice": 1.419558359621449,
    "VonHoa": 316.5573233,
    "ChangeVolume": -28.32400746069811,
    "EPS": 0.270814223061334,
    "PE": 23.74321380655,
    "Beta": -0.231694804589124,
    "Price": 6.43,
    "UpdatedDate": "/Date(1686037643766)/",
    "FullName": "Công ty Cổ phần Thương mại Xuất nhập khẩu Thiên Nam ",
    "ParentCategoryId": 346,
    "Cập nhật": "11:30 Thứ 4, 07/06/2023",
    "Mã công ty": "TNA",
    "Tên công ty": "Công ty Cổ phần Thương mại Xuất nhập khẩu Thiên Nam  (HOSE)",
    "Giá điểm": "6.5",
    "Thay đổi": "-0.03 (-0.46%)",
    "Khối lượng": "68,300",
    "Giá tham chiếu": "6.53",
    "Giá trần": "6.98",
    "Giá sàn": "6.08",
    "Giá mở cửa": "6.54",
    "Giá cao nhất": "6.55",
    "Giá thấp nhất": "6.42",
    "Giao dịch NĐTNN": "Giao dịch NĐTNN",
    "KLGD ròng": "6.55",
    "GT Mua": "0 (Tỷ)",
    "GT Bán": "0 (Tỷ)",
    "Room còn lại": "N/A",
    "(*)   EPS cơ bản (nghìn đồng):": "0.32",
    "EPS pha loãng (nghìn đồng):": "0.32",
    "P/E :": "20.00",
    "Giá trị sổ sách /cp (nghìn đồng):": "12.01",
    "(**) Hệ số beta:": "-0.23",
    "KLGD khớp lệnh trung bình 10 phiên:": "137,480",
    "KLCP đang niêm yết:": "49,576,264",
    "KLCP đang lưu hành:": "49,231,310",
    "Vốn hóa thị trường (tỷ đồng):": "321.48",
    "Doanh thu": "6,103.16 tỷ",
    "Lợi nhuận trước thuế": "139.8 tỷ",
    "Lợi nhuận sau thuế": "N/A",
    "Cổ tức bằng tiền mặt": "20 - 25 %",
    "Cổ tức bằng cổ phiếu": "N/A",
    "Dự kiến tăng vốn lên": "N/A",
    "Giới thiệu công ty": "Công ty cổ phần TMXNK Thiên Nam tiền thân là Công ty Thương mạiDịch vụ Xuất nhập khẩu (Tenimex), trực thuộc Ủy Ban Nhân Dân Quận 10. Công ty TENIMEX được thành lập theo Quyết định số 4103/GPUBNCVX do Ủy Ban Nhân Dân TP Hồ Chí Minh ký ngày 03/12/1994. Ngày 24/5/2000 Thủ Tướng Chính phủ ký quyết định số 58/2000/QĐTTg chuyển Công ty Thương mại Dịch vụXuất nhập khẩu Quận 10 thành Công ty cổ phần TMXNK Thiên Nam."
}