{
    "Url": "http://s.cafef.vn/hose/TNC-cong-ty-co-phan-cao-su-thong-nhat.chn",
    "CenterName": "HSX",
    "Symbol": "TNC",
    "TradeCenterID": 1,
    "ChangePrice": 0,
    "VonHoa": 1060.675,
    "ChangeVolume": 362.962962962963,
    "EPS": 2.65601209965,
    "PE": 20.7453874202082,
    "Beta": 0.885085346516183,
    "Price": 55.1,
    "UpdatedDate": "/Date(1686037643766)/",
    "FullName": "Công ty Cổ phần Cao su Thống Nhất",
    "ParentCategoryId": 338,
    "Cập nhật": "11:30 Thứ 4, 07/06/2023",
    "Mã công ty": "TNC",
    "Tên công ty": "Công ty Cổ phần Cao su Thống Nhất (HOSE)",
    "Giá điểm": "55",
    "Thay đổi": "N/A",
    "Khối lượng": "0.0",
    "Giá tham chiếu": "55",
    "Giá trần": "58.8",
    "Giá sàn": "51.2",
    "Giá mở cửa": "N/A",
    "Giá cao nhất": "N/A",
    "Giá thấp nhất": "N/A",
    "Giao dịch NĐTNN": "Giao dịch NĐTNN",
    "KLGD ròng": "55",
    "GT Mua": "0 (Tỷ)",
    "GT Bán": "0 (Tỷ)",
    "Room còn lại": "N/A",
    "(*)   EPS cơ bản (nghìn đồng):": "2.76",
    "EPS pha loãng (nghìn đồng):": "2.76",
    "P/E :": "19.93",
    "Giá trị sổ sách /cp (nghìn đồng):": "17.76",
    "(**) Hệ số beta:": "0.89",
    "KLGD khớp lệnh trung bình 10 phiên:": "5,290",
    "KLCP đang niêm yết:": "19,250,000",
    "KLCP đang lưu hành:": "19,250,000",
    "Vốn hóa thị trường (tỷ đồng):": "1,058.75",
    "Doanh thu": "133 tỷ",
    "Lợi nhuận trước thuế": "46 tỷ",
    "Lợi nhuận sau thuế": "41.5 tỷ",
    "Cổ tức bằng tiền mặt": "17 %",
    "Cổ tức bằng cổ phiếu": "N/A",
    "Dự kiến tăng vốn lên": "N/A",
    "Giới thiệu công ty": "Công ty Cao su Thống Nhất được thành lập theo quyết định số 97/QĐUBT ngày 05/11/1991 và sau đó được thành lập lại Doanh nghiệp Nhà nước theo Quyết định số 20/QĐUBT ngày 05/12/1992 của UBND Tỉnh Bà Rịa – Vũng Tàu. Ngày 26/06/2007, công ty Cao su Thống Nhất đã chính thức hoạt động theo mô hình công ty cổ phần. Công ty niêm yết với mã chứng khoán TNC ngày 22/08/2007 trên sàn giao dịch chứng khoán TP Hồ Chí Minh."
}