{
    "Url": "http://s.cafef.vn/hose/TNH-cong-ty-co-phan-benh-vien-quoc-te-thai-nguyen.chn",
    "CenterName": "HSX",
    "Symbol": "TNH",
    "TradeCenterID": 1,
    "ChangePrice": -0.1851851851851878,
    "VonHoa": 2516.4561422,
    "ChangeVolume": 64.02499177902006,
    "EPS": 1.28093466912277,
    "PE": 21.0393243696467,
    "Beta": 0,
    "Price": 26.95,
    "UpdatedDate": "/Date(1686037643766)/",
    "FullName": "Công ty Cổ phần Bệnh viện Quốc tế Thái Nguyên",
    "ParentCategoryId": 342,
    "Cập nhật": "11:30 Thứ 4, 07/06/2023",
    "Mã công ty": "TNH",
    "Tên công ty": "Công ty Cổ phần Bệnh viện Quốc tế Thái Nguyên (HOSE)",
    "Giá điểm": "26.55",
    "Thay đổi": "-0.35 (-1.3%)",
    "Khối lượng": "57,100",
    "Giá tham chiếu": "26.9",
    "Giá trần": "28.75",
    "Giá sàn": "25.05",
    "Giá mở cửa": "N/A",
    "Giá cao nhất": "N/A",
    "Giá thấp nhất": "26.7",
    "Giao dịch NĐTNN": "Giao dịch NĐTNN",
    "KLGD ròng": "26.85",
    "GT Mua": "0.04 (Tỷ)",
    "GT Bán": "0.28 (Tỷ)",
    "Room còn lại": "N/A",
    "(*)   EPS cơ bản (nghìn đồng):": "1.60",
    "EPS pha loãng (nghìn đồng):": "2.88",
    "P/E :": "16.58",
    "Giá trị sổ sách /cp (nghìn đồng):": "18.38",
    "(**) Hệ số beta:": "n/a",
    "KLGD khớp lệnh trung bình 10 phiên:": "229,700",
    "KLCP đang niêm yết:": "67,437,111",
    "KLCP đang lưu hành:": "93,374,996",
    "Vốn hóa thị trường (tỷ đồng):": "2,511.79",
    "Doanh thu": "420 tỷ",
    "Lợi nhuận trước thuế": "N/A",
    "Lợi nhuận sau thuế": "139 tỷ",
    "Cổ tức bằng tiền mặt": "N/A",
    "Cổ tức bằng cổ phiếu": "N/A",
    "Dự kiến tăng vốn lên": "N/A",
    "Giới thiệu công ty": "Tọa lạc tại địa chỉ số 328, đường Lương Ngọc Quyến , phường Đồng Quang, TP Thái Nguyên, Bệnh viện Quốc Tế Thái Nguyên (Thai Nguyen International Hospital) đã hội tụ được đội ngũ các giáo sư, tiến sĩ, bác sĩ và các chuyên gia đầu ngành trong và ngoài nước cùng đội ngũ nhân viên chuyên nghiệp luôn tận tâm phục vụ, nhằm mang đến cho khách hàng những dịch vụ chăm sóc sức khỏe tốt nhất."
}