{
    "Url": "http://s.cafef.vn/hose/TNI-cong-ty-co-phan-tap-doan-thanh-nam.chn",
    "CenterName": "HSX",
    "Symbol": "TNI",
    "TradeCenterID": 1,
    "ChangePrice": 1.960784313725492,
    "VonHoa": 163.8,
    "ChangeVolume": -26.644066243672263,
    "EPS": -0.557820288609027,
    "PE": -5.59319921435628,
    "Beta": 0,
    "Price": 3.12,
    "UpdatedDate": "/Date(1686037643766)/",
    "FullName": "Công ty cổ phần Tập đoàn Thành Nam",
    "ParentCategoryId": 345,
    "Cập nhật": "11:30 Thứ 4, 07/06/2023",
    "Mã công ty": "TNI",
    "Tên công ty": "Công ty cổ phần Tập đoàn Thành Nam (HOSE)",
    "Giá điểm": "3.24",
    "Thay đổi": "0.03 (0.93%)",
    "Khối lượng": "574,600",
    "Giá tham chiếu": "3.21",
    "Giá trần": "3.43",
    "Giá sàn": "2.99",
    "Giá mở cửa": "3.31",
    "Giá cao nhất": "3.31",
    "Giá thấp nhất": "N/A",
    "Giao dịch NĐTNN": "Giao dịch NĐTNN",
    "KLGD ròng": "3.31",
    "GT Mua": "0 (Tỷ)",
    "GT Bán": "0 (Tỷ)",
    "Room còn lại": "N/A",
    "(*)   EPS cơ bản (nghìn đồng):": "n/a",
    "EPS pha loãng (nghìn đồng):": "n/a",
    "P/E :": "n/a",
    "Giá trị sổ sách /cp (nghìn đồng):": "11.60",
    "(**) Hệ số beta:": "n/a",
    "KLGD khớp lệnh trung bình 10 phiên:": "712,460",
    "KLCP đang niêm yết:": "52,500,000",
    "KLCP đang lưu hành:": "52,500,000",
    "Vốn hóa thị trường (tỷ đồng):": "168.53",
    "Doanh thu": "1,240 tỷ",
    "Lợi nhuận trước thuế": "4.5 tỷ",
    "Lợi nhuận sau thuế": "3.6 tỷ",
    "Cổ tức bằng tiền mặt": "N/A",
    "Cổ tức bằng cổ phiếu": "N/A",
    "Dự kiến tăng vốn lên": "N/A",
    "Giới thiệu công ty": "Thành Nam Group chuyên cung cấp inox dạng tấm, cuộn, ống với chủng loại và đặc điểm kỹ thuật đa dạng. Sản phẩm inox của Thành Nam đã có mặt tại thị trường như: Hàn Quốc, Malaysia, Ấn Độ, Pakistan, Bangladesh, Ai Cập, Thổ Nhĩ Kỳ, Italy, Hy Lạp, UAE, Ả-rập Xê-út, Syria v.v…"
}