{
    "Url": "http://s.cafef.vn/hose/TNT-cong-ty-co-phan-tap-doan-tnt.chn",
    "CenterName": "HSX",
    "Symbol": "TNT",
    "TradeCenterID": 1,
    "ChangePrice": 6.487695749440717,
    "VonHoa": 242.76,
    "ChangeVolume": -17.162060245774367,
    "EPS": -0.098406675948,
    "PE": -48.3707020295582,
    "Beta": 1.28392873799086,
    "Price": 4.76,
    "UpdatedDate": "/Date(1686037643766)/",
    "FullName": "Công ty Cổ phần Tập đoàn TNT",
    "ParentCategoryId": 344,
    "Cập nhật": "11:30 Thứ 4, 07/06/2023",
    "Mã công ty": "TNT",
    "Tên công ty": "Công ty Cổ phần Tập đoàn TNT (HOSE)",
    "Giá điểm": "5.24",
    "Thay đổi": "N/A",
    "Khối lượng": "1,995,000",
    "Giá tham chiếu": "4.9",
    "Giá trần": "5.24",
    "Giá sàn": "4.56",
    "Giá mở cửa": "5.08",
    "Giá cao nhất": "5.05",
    "Giá thấp nhất": "N/A",
    "Giao dịch NĐTNN": "Giao dịch NĐTNN",
    "KLGD ròng": "5.24",
    "GT Mua": "0.01 (Tỷ)",
    "GT Bán": "0 (Tỷ)",
    "Room còn lại": "N/A",
    "(*)   EPS cơ bản (nghìn đồng):": "n/a",
    "EPS pha loãng (nghìn đồng):": "n/a",
    "P/E :": "n/a",
    "Giá trị sổ sách /cp (nghìn đồng):": "11.31",
    "(**) Hệ số beta:": "1.28",
    "KLGD khớp lệnh trung bình 10 phiên:": "700,680",
    "KLCP đang niêm yết:": "51,000,000",
    "KLCP đang lưu hành:": "51,000,000",
    "Vốn hóa thị trường (tỷ đồng):": "249.90",
    "Doanh thu": "1,050 tỷ",
    "Lợi nhuận trước thuế": "75 tỷ",
    "Lợi nhuận sau thuế": "60 tỷ",
    "Cổ tức bằng tiền mặt": "N/A",
    "Cổ tức bằng cổ phiếu": "N/A",
    "Dự kiến tăng vốn lên": "N/A",
    "Giới thiệu công ty": "Tiền thân của Công ty Cổ phần Tài nguyên là Công ty TNHH Dương Quân được thành lập ngày 24/02/2006, với vốn điều lệ ban đầu là 3,6 tỷ đồng Giấy chứng nhận đăng ký kinh doanh số 0102024446 do Sở Kế hoạch và Đầu tư Hà Nội cấp ngày 24/02/2006. Ngày 25/8/2006, Công ty TNHH Dương Quân được đổi tên thành Công ty TNHH Tư vấn và Đầu tư Tài Nguyên. Ngày 18/6/2008 đổi tên thành Công ty Cổ phần Tài Nguyên."
}