{
    "Url": "http://s.cafef.vn/hose/TPB-ngan-hang-thuong-mai-co-phan-tien-phong.chn",
    "CenterName": "HSX",
    "Symbol": "TPB",
    "TradeCenterID": 1,
    "ChangePrice": 8.29875518672199,
    "VonHoa": 0,
    "ChangeVolume": -70.63424504746833,
    "EPS": 3.34354550315629,
    "PE": 7.80608488066388,
    "Beta": 0,
    "Price": 26.1,
    "UpdatedDate": "/Date(1686037643766)/",
    "FullName": "Ngân hàng Thương mại cổ phần Tiên Phong",
    "ParentCategoryId": 341,
    "Cập nhật": "11:30 Thứ 4, 07/06/2023",
    "Giá điểm": "26.05",
    "Thay đổi": "0.25 (0.97%)",
    "Khối lượng": "6,604,000",
    "Giá tham chiếu": "25.8",
    "Giá trần": "27.6",
    "Giá sàn": "24",
    "Giá mở cửa": "26",
    "Giá cao nhất": "26.3",
    "Giá thấp nhất": "25.75",
    "Giao dịch NĐTNN": "Giao dịch NĐTNN",
    "KLGD ròng": "26.3",
    "GT Mua": "0.45 (Tỷ)",
    "GT Bán": "0 (Tỷ)",
    "Room còn lại": "N/A",
    "(*)   EPS cơ bản (nghìn đồng):": "3.71",
    "EPS pha loãng (nghìn đồng):": "3.71",
    "P/E :": "7.02",
    "Giá trị sổ sách /cp (nghìn đồng):": "21.28",
    "(**) Hệ số beta:": "n/a",
    "KLGD khớp lệnh trung bình 10 phiên:": "7,030,210",
    "KLCP đang niêm yết:": "1,581,755,495",
    "KLCP đang lưu hành:": "1,581,755,495",
    "Vốn hóa thị trường (tỷ đồng):": "40,809.29",
    "Lợi nhuận trước thuế mục tiêu đạt mức": "8.700 tỷ đồng",
    "Tổng tài sản dự kiến tăng 7% lên": "350.000 tỷ đồng",
    "Nguồn vốn huy động thị trường 1 ước tăng 6% lên": "306.960 tỷ đồng",
    "Tỷ lệ an toàn vốn đạt": "12,6%",
    "Tỷ lệ nợ xấu": "tiếp tục duy trì ở mức thấp",
    "Tăng vốn điều lệ lên": "22.016 tỷ đồng"
}