{
    "Url": "http://s.cafef.vn/hose/TPC-cong-ty-co-phan-nhua-tan-dai-hung.chn",
    "CenterName": "HSX",
    "Symbol": "TPC",
    "TradeCenterID": 1,
    "ChangePrice": 0,
    "VonHoa": 146.360214,
    "ChangeVolume": 227.58620689655172,
    "EPS": 0.0456267016239895,
    "PE": 142.460440238846,
    "Beta": 0.409663277679321,
    "Price": 6.5,
    "UpdatedDate": "/Date(1686037643766)/",
    "FullName": "Công ty Cổ phần Nhựa Tân Đại Hưng",
    "ParentCategoryId": 344,
    "Cập nhật": "11:30 Thứ 4, 07/06/2023",
    "Mã công ty": "TPC",
    "Tên công ty": "Công ty Cổ phần Nhựa Tân Đại Hưng (HOSE)",
    "Giá điểm": "6.55",
    "Thay đổi": "-0.23 (-3.39%)",
    "Khối lượng": "2,300",
    "Giá tham chiếu": "6.78",
    "Giá trần": "7.25",
    "Giá sàn": "6.31",
    "Giá mở cửa": "N/A",
    "Giá cao nhất": "N/A",
    "Giá thấp nhất": "6.5",
    "Giao dịch NĐTNN": "Giao dịch NĐTNN",
    "KLGD ròng": "6.62",
    "GT Mua": "0 (Tỷ)",
    "GT Bán": "0 (Tỷ)",
    "Room còn lại": "N/A",
    "(*)   EPS cơ bản (nghìn đồng):": "0.05",
    "EPS pha loãng (nghìn đồng):": "0.05",
    "P/E :": "133.75",
    "Giá trị sổ sách /cp (nghìn đồng):": "14.69",
    "(**) Hệ số beta:": "0.41",
    "KLGD khớp lệnh trung bình 10 phiên:": "2,610",
    "KLCP đang niêm yết:": "24,430,596",
    "KLCP đang lưu hành:": "22,516,956",
    "Vốn hóa thị trường (tỷ đồng):": "152.66",
    "Doanh thu": "409 tỷ",
    "Lợi nhuận trước thuế": "N/A",
    "Lợi nhuận sau thuế": "10 tỷ",
    "Cổ tức bằng tiền mặt": "N/A",
    "Cổ tức bằng cổ phiếu": "N/A",
    "Dự kiến tăng vốn lên": "N/A",
    "Giới thiệu công ty": "Công ty Nhựa Tân Đại Hưng được thành lập từ năm 1984, khởi đầu là một cơ sở sản xuất tư nhân nhỏ chỉ với 05 công nhân, chuyên sản xuất bao bì PP tái sinh cung cấp cho các nhà máy hóa chất, phân bón tại thị trường TPHCM và khu vực lân cận. Năm 2001, Công ty TNHH Tân Đại Hưng chuyển thành Công ty cổ phần Nhựa Tân Đại Hưng, vốn điều lệ 20 tỷ đồng."
}