{
    "Url": "http://s.cafef.vn/hose/TRA-cong-ty-co-phan-traphaco.chn",
    "CenterName": "HSX",
    "Symbol": "TRA",
    "TradeCenterID": 1,
    "ChangePrice": 1.0238907849829255,
    "VonHoa": 3680.807952,
    "ChangeVolume": 337.5,
    "EPS": 6.11642825107935,
    "PE": 14.5182770654311,
    "Beta": 0.0637067437739017,
    "Price": 88.8,
    "UpdatedDate": "/Date(1686037643766)/",
    "FullName": "Công ty Cổ phần TRAPHACO",
    "ParentCategoryId": 342,
    "Cập nhật": "11:30 Thứ 4, 07/06/2023",
    "Mã công ty": "TRA",
    "Tên công ty": "Công ty Cổ phần TRAPHACO (HOSE)",
    "Giá điểm": "89.8",
    "Thay đổi": "N/A",
    "Khối lượng": "0.0",
    "Giá tham chiếu": "89.8",
    "Giá trần": "96",
    "Giá sàn": "83.6",
    "Giá mở cửa": "N/A",
    "Giá cao nhất": "N/A",
    "Giá thấp nhất": "N/A",
    "Giao dịch NĐTNN": "Giao dịch NĐTNN",
    "KLGD ròng": "89.8",
    "GT Mua": "0 (Tỷ)",
    "GT Bán": "0 (Tỷ)",
    "Room còn lại": "N/A",
    "(*)   EPS cơ bản (nghìn đồng):": "6.25",
    "EPS pha loãng (nghìn đồng):": "6.25",
    "P/E :": "14.36",
    "Giá trị sổ sách /cp (nghìn đồng):": "32.03",
    "(**) Hệ số beta:": "0.06",
    "KLGD khớp lệnh trung bình 10 phiên:": "1,090",
    "KLCP đang niêm yết:": "41,453,673",
    "KLCP đang lưu hành:": "41,450,540",
    "Vốn hóa thị trường (tỷ đồng):": "3,722.26",
    "Doanh thu": "2,600 tỷ",
    "Lợi nhuận trước thuế": "N/A",
    "Lợi nhuận sau thuế": "326 tỷ",
    "Cổ tức bằng tiền mặt": "N/A",
    "Cổ tức bằng cổ phiếu": "N/A",
    "Dự kiến tăng vốn lên": "N/A",
    "Giới thiệu công ty": "CTCP TRAPHACO tiền thân là Tổ sản xuất thuốc thuộc Ty Y tế Đường sắt được thành lập ngày 28/11/1972. Theo Quyết định số 2566/1999/QĐ-BGTVT của Bộ trưởng Bộ GTVT chuyển doanh nghiệp Nhà nước thành CTCP, ngày 01/01/2000 CTCP Dược và Thiết bị vật tư y tế TRAPHACO chính thức bắt đầu hoạt động theo hình thức công ty cổ phần với 45% vốn Nhà nước. Ngày 05/07/2001 CTCP Dược và Thiết bị vật tư Y tế TRAPHACO đổi tên thành CTCP TRAPHACO"
}