{
    "Url": "http://s.cafef.vn/hose/TRC-cong-ty-co-phan-cao-su-tay-ninh.chn",
    "CenterName": "HSX",
    "Symbol": "TRC",
    "TradeCenterID": 1,
    "ChangePrice": 0,
    "VonHoa": 844.625,
    "ChangeVolume": -100,
    "EPS": 2.32610621879673,
    "PE": 12.4671864791288,
    "Beta": 0.230482231135155,
    "Price": 29,
    "UpdatedDate": "/Date(1686037643766)/",
    "FullName": "Công ty Cổ phần Cao su Tây Ninh",
    "ParentCategoryId": 338,
    "Cập nhật": "11:30 Thứ 4, 07/06/2023",
    "Mã công ty": "TRC",
    "Tên công ty": "Công ty Cổ phần Cao su Tây Ninh (HOSE)",
    "Giá điểm": "29",
    "Thay đổi": "N/A",
    "Khối lượng": "0.0",
    "Giá tham chiếu": "29",
    "Giá trần": "31",
    "Giá sàn": "27",
    "Giá mở cửa": "N/A",
    "Giá cao nhất": "N/A",
    "Giá thấp nhất": "N/A",
    "Giao dịch NĐTNN": "Giao dịch NĐTNN",
    "KLGD ròng": "29",
    "GT Mua": "0 (Tỷ)",
    "GT Bán": "0 (Tỷ)",
    "Room còn lại": "N/A",
    "(*)   EPS cơ bản (nghìn đồng):": "2.40",
    "EPS pha loãng (nghìn đồng):": "2.33",
    "P/E :": "12.07",
    "Giá trị sổ sách /cp (nghìn đồng):": "54.52",
    "(**) Hệ số beta:": "0.23",
    "KLGD khớp lệnh trung bình 10 phiên:": "37,590",
    "KLCP đang niêm yết:": "30,000,000",
    "KLCP đang lưu hành:": "29,125,000",
    "Vốn hóa thị trường (tỷ đồng):": "844.63",
    "Doanh thu": "331.3 tỷ",
    "Lợi nhuận trước thuế": "N/A",
    "Lợi nhuận sau thuế": "63.82 tỷ",
    "Cổ tức bằng tiền mặt": "10 %",
    "Cổ tức bằng cổ phiếu": "N/A",
    "Dự kiến tăng vốn lên": "N/A",
    "Giới thiệu công ty": "CTCP Cao Su Tây Ninh tiền thân là đồn điền cao su của Pháp, tháng 4 năm 1945 được cách mạng tiếp quản lấy tên là Nông Trường Quốc doanh Cao Su Tây Ninh. Năm 1981, Nông trường được nâng cấp lên thành Công ty lấy tên là Công ty Cao Su Tây Ninh. Ngày 27/03/1987, Tổng Cục Cao Su Việt Nam ký quyết định chuyển Công ty Cao Su Tây Ninh thành Xí Nghiệp Liên Hợp Cao Su Tây Ninh và 04/03/1993 được Bộ Nông Nghiệp và Công Nghiệp Thực Phẩm ký quyết định chuyển Xí Nghiệp Liên Hợp Cao Su Tây Ninh thành Công ty Cao Su Tây Ninh."
}