{
    "Url": "http://s.cafef.vn/hose/TSC-cong-ty-co-phan-vat-tu-ky-thuat-nong-nghiep-can-tho.chn",
    "CenterName": "HSX",
    "Symbol": "TSC",
    "TradeCenterID": 1,
    "ChangePrice": 4.393305439330543,
    "VonHoa": 982.32554174,
    "ChangeVolume": 13.739869626497534,
    "EPS": -0.366841503066361,
    "PE": -13.6026048260339,
    "Beta": 0.435220595093741,
    "Price": 4.99,
    "UpdatedDate": "/Date(1686037643766)/",
    "FullName": "Công ty Cổ phần Vật tư kỹ thuật Nông nghiệp Cần Thơ",
    "ParentCategoryId": 338,
    "Cập nhật": "11:30 Thứ 4, 07/06/2023",
    "Mã công ty": "TSC",
    "Tên công ty": "Công ty Cổ phần Vật tư kỹ thuật Nông nghiệp Cần Thơ (HOSE)",
    "Giá điểm": "5.05",
    "Thay đổi": "0.03 (0.6%)",
    "Khối lượng": "1,632,100",
    "Giá tham chiếu": "5.02",
    "Giá trần": "5.37",
    "Giá sàn": "4.67",
    "Giá mở cửa": "5.05",
    "Giá cao nhất": "5.15",
    "Giá thấp nhất": "N/A",
    "Giao dịch NĐTNN": "Giao dịch NĐTNN",
    "KLGD ròng": "5.15",
    "GT Mua": "0 (Tỷ)",
    "GT Bán": "0 (Tỷ)",
    "Room còn lại": "N/A",
    "(*)   EPS cơ bản (nghìn đồng):": "n/a",
    "EPS pha loãng (nghìn đồng):": "n/a",
    "P/E :": "n/a",
    "Giá trị sổ sách /cp (nghìn đồng):": "10.47",
    "(**) Hệ số beta:": "0.44",
    "KLGD khớp lệnh trung bình 10 phiên:": "3,964,320",
    "KLCP đang niêm yết:": "196,858,925",
    "KLCP đang lưu hành:": "196,858,826",
    "Vốn hóa thị trường (tỷ đồng):": "988.23",
    "Doanh thu": "976.9 tỷ",
    "Lợi nhuận trước thuế": "-37.7 tỷ",
    "Lợi nhuận sau thuế": "-46.4 tỷ",
    "Cổ tức bằng tiền mặt": "N/A",
    "Cổ tức bằng cổ phiếu": "N/A",
    "Dự kiến tăng vốn lên": "N/A",
    "Giới thiệu công ty": "Năm 1976, Công ty Vật tư nông nghiệp Hậu Giang năm 1976 Ủy ban Nhân Dân tỉnh Hậu Giang quyết định thành lập. Trên cơ sở Công ty Vật tư nông nghiệp Hậu Giang, ngày 23/04/1986, Chủ tịch Ủy ban Nhân dân tỉnh Hậu Giang có quyết định số 12 về việc thành lập Công ty Vật tư kỹ thuật nông nghiệp Hậu Giang. Ngày 20/11/1991 thành lập Công ty Vật tư kỹ thuật nông nghiệp Cần Thơ. Công ty Cổ phần Vật tư kỹ thuật nông nghiệp Cần Thơ được thành lập theo Quyết định số 2500/QĐCT.UB ngày 25/07/2003"
}