{
    "Url": "http://s.cafef.vn/hose/TTA-cong-ty-co-phan-dau-tu-xay-dung-va-phat-trien-truong-thanh.chn",
    "CenterName": "HSX",
    "Symbol": "TTA",
    "TradeCenterID": 1,
    "ChangePrice": 0.21097046413501658,
    "VonHoa": 1495.8979015,
    "ChangeVolume": 45.58513506888268,
    "EPS": 1.11177511500343,
    "PE": 8.54489354168597,
    "Beta": 0,
    "Price": 9.5,
    "UpdatedDate": "/Date(1686037643766)/",
    "FullName": "Công ty Cổ phần Đầu tư Xây dựng và Phát triển Trường Thành",
    "ParentCategoryId": 340,
    "Cập nhật": "11:30 Thứ 4, 07/06/2023",
    "Mã công ty": "TTA",
    "Tên công ty": "Công ty Cổ phần Đầu tư Xây dựng và Phát triển Trường Thành (HOSE)",
    "Giá điểm": "9.56",
    "Thay đổi": "-0.04 (-0.42%)",
    "Khối lượng": "490,800",
    "Giá tham chiếu": "9.6",
    "Giá trần": "10.25",
    "Giá sàn": "8.93",
    "Giá mở cửa": "9.61",
    "Giá cao nhất": "9.7",
    "Giá thấp nhất": "9.52",
    "Giao dịch NĐTNN": "Giao dịch NĐTNN",
    "KLGD ròng": "9.7",
    "GT Mua": "0.04 (Tỷ)",
    "GT Bán": "0 (Tỷ)",
    "Room còn lại": "N/A",
    "(*)   EPS cơ bản (nghìn đồng):": "1.20",
    "EPS pha loãng (nghìn đồng):": "1.20",
    "P/E :": "7.96",
    "Giá trị sổ sách /cp (nghìn đồng):": "12.12",
    "(**) Hệ số beta:": "n/a",
    "KLGD khớp lệnh trung bình 10 phiên:": "866,920",
    "KLCP đang niêm yết:": "157,462,937",
    "KLCP đang lưu hành:": "157,462,937",
    "Vốn hóa thị trường (tỷ đồng):": "1,511.64",
    "Doanh thu": "680 tỷ",
    "Lợi nhuận trước thuế": "N/A",
    "Lợi nhuận sau thuế": "130 tỷ",
    "Cổ tức bằng tiền mặt": "8 %",
    "Cổ tức bằng cổ phiếu": "N/A",
    "Dự kiến tăng vốn lên": "1,700.5 tỷ",
    "Giới thiệu công ty": "Trường Thành Group định hướng và phấn đấu trở thành một trong những tập đoàn phát triển hệ sinh thái năng lượng xanh hàng đầu tại Việt Nam và trong khu vực, cam kết phát triển bền vững với trách nhiệm xã hội cao nhất, góp phần sự nghiệp phát triển của đất nước."
}