{
    "Url": "http://s.cafef.vn/hose/TTB-cong-ty-co-phan-tap-doan-tien-bo.chn",
    "CenterName": "HSX",
    "Symbol": "TTB",
    "TradeCenterID": 1,
    "ChangePrice": 17.92828685258965,
    "VonHoa": 300.46836568,
    "ChangeVolume": 52.07752632111033,
    "EPS": 0.0245672611535376,
    "PE": 120.485551136569,
    "Beta": 1.10151314822976,
    "Price": 2.96,
    "UpdatedDate": "/Date(1686037643766)/",
    "FullName": "Công ty cổ phần Tập đoàn Tiến Bộ",
    "ParentCategoryId": 345,
    "Cập nhật": "11:30 Thứ 4, 07/06/2023",
    "Mã công ty": "TTB",
    "Tên công ty": "Công ty cổ phần Tập đoàn Tiến Bộ (HOSE)",
    "Giá điểm": "2.94",
    "Thay đổi": "N/A",
    "Khối lượng": "0.0",
    "Giá tham chiếu": "2.94",
    "Giá trần": "3.14",
    "Giá sàn": "2.74",
    "Giá mở cửa": "N/A",
    "Giá cao nhất": "N/A",
    "Giá thấp nhất": "N/A",
    "Giao dịch NĐTNN": "Giao dịch NĐTNN",
    "KLGD ròng": "2.94",
    "GT Mua": "0 (Tỷ)",
    "GT Bán": "0 (Tỷ)",
    "Room còn lại": "N/A",
    "(*)   EPS cơ bản (nghìn đồng):": "0.03",
    "EPS pha loãng (nghìn đồng):": "0.05",
    "P/E :": "108.79",
    "Giá trị sổ sách /cp (nghìn đồng):": "10.43",
    "(**) Hệ số beta:": "1.10",
    "KLGD khớp lệnh trung bình 10 phiên:": "1,196,140",
    "KLCP đang niêm yết:": "51,509,583",
    "KLCP đang lưu hành:": "101,509,583",
    "Vốn hóa thị trường (tỷ đồng):": "298.44",
    "Doanh thu": "1,800 tỷ",
    "Lợi nhuận trước thuế": "N/A",
    "Lợi nhuận sau thuế": "30 - 80 tỷ",
    "Cổ tức bằng tiền mặt": "8 %",
    "Cổ tức bằng cổ phiếu": "N/A",
    "Dự kiến tăng vốn lên": "1,000 tỷ",
    "Giới thiệu công ty": "Tiền thân của Công ty cổ phần Tập đoàn Tiến Bộ là Doanh nghiệp Tư nhân Công nghiệp và Thương mại Tiến Bộ, được thành lập năm 1998. Hiện tại, Công ty đã mở rộng rất nhiều lĩnh vực và ngành nghề, các lĩnh vực chính là Xây dựng – Bất động sản ,  Hàng tiêu dùng, Giàn giáo cốp pha thép với các sản phẩm chủ lực như: Nhà ở chung cư, cầu lông tiêu chuẩu thi đấu, giàn giáo Tiến Bộ..."
}