{
    "Url": "http://s.cafef.vn/hose/TTE-cong-ty-co-phan-dau-tu-nang-luong-truong-thinh.chn",
    "CenterName": "HSX",
    "Symbol": "TTE",
    "TradeCenterID": 1,
    "ChangePrice": 1.4778325123152742,
    "VonHoa": 293.45112,
    "ChangeVolume": 300,
    "EPS": 0.451061109312611,
    "PE": 22.8350433840252,
    "Beta": 0,
    "Price": 10.3,
    "UpdatedDate": "/Date(1686037643766)/",
    "FullName": "Công ty Cổ phần Đầu tư Năng lượng Trường Thịnh",
    "ParentCategoryId": 340,
    "Cập nhật": "11:30 Thứ 4, 07/06/2023",
    "Mã công ty": "TTE",
    "Tên công ty": "Công ty Cổ phần Đầu tư Năng lượng Trường Thịnh (HOSE)",
    "Giá điểm": "10.3",
    "Thay đổi": "N/A",
    "Khối lượng": "0.0",
    "Giá tham chiếu": "10.3",
    "Giá trần": "11",
    "Giá sàn": "9.58",
    "Giá mở cửa": "N/A",
    "Giá cao nhất": "N/A",
    "Giá thấp nhất": "N/A",
    "Giao dịch NĐTNN": "Giao dịch NĐTNN",
    "KLGD ròng": "10.3",
    "GT Mua": "0 (Tỷ)",
    "GT Bán": "0 (Tỷ)",
    "Room còn lại": "N/A",
    "(*)   EPS cơ bản (nghìn đồng):": "0.48",
    "EPS pha loãng (nghìn đồng):": "0.48",
    "P/E :": "21.59",
    "Giá trị sổ sách /cp (nghìn đồng):": "10.16",
    "(**) Hệ số beta:": "n/a",
    "KLGD khớp lệnh trung bình 10 phiên:": "230",
    "KLCP đang niêm yết:": "28,490,400",
    "KLCP đang lưu hành:": "28,490,400",
    "Vốn hóa thị trường (tỷ đồng):": "293.45",
    "Doanh thu": "258.16 tỷ",
    "Lợi nhuận trước thuế": "23.8 tỷ",
    "Lợi nhuận sau thuế": "8.09 tỷ",
    "Cổ tức bằng tiền mặt": "N/A",
    "Cổ tức bằng cổ phiếu": "N/A",
    "Dự kiến tăng vốn lên": "N/A",
    "Giới thiệu công ty": "CTCP Đầu tư Năng lượng Trường Thịnh (TTE) tiền thân là Nhà máy Thủy điện Đăk Ne và được tách ra từ CTCP Tấn Phát. TTE được đăng ký lần đầu ngày 21/05/2014 với tên gọi là CTCP Thủy điện Đăkne và vốn điều lệ 25.384.000.000 đồng."
}