{
    "Url": "http://s.cafef.vn/hose/TTF-cong-ty-co-phan-tap-doan-ky-nghe-go-truong-thanh.chn",
    "CenterName": "HSX",
    "Symbol": "TTF",
    "TradeCenterID": 1,
    "ChangePrice": 8.677685950413222,
    "VonHoa": 2070.06162788,
    "ChangeVolume": -41.78589807309145,
    "EPS": -0.0110601765624641,
    "PE": -475.580111248075,
    "Beta": 1.3888629791997,
    "Price": 5.26,
    "UpdatedDate": "/Date(1686037643766)/",
    "FullName": "Công ty Cổ phần Tập đoàn Kỹ nghệ Gỗ Trường Thành",
    "ParentCategoryId": 339,
    "Cập nhật": "11:30 Thứ 4, 07/06/2023",
    "Mã công ty": "TTF",
    "Tên công ty": "Công ty Cổ phần Tập đoàn Kỹ nghệ Gỗ Trường Thành (HOSE)",
    "Giá điểm": "5.5",
    "Thay đổi": "0.11 (2.04%)",
    "Khối lượng": "5,999,600",
    "Giá tham chiếu": "5.39",
    "Giá trần": "5.76",
    "Giá sàn": "5.02",
    "Giá mở cửa": "5.43",
    "Giá cao nhất": "5.63",
    "Giá thấp nhất": "N/A",
    "Giao dịch NĐTNN": "Giao dịch NĐTNN",
    "KLGD ròng": "5.63",
    "GT Mua": "0 (Tỷ)",
    "GT Bán": "0.5 (Tỷ)",
    "Room còn lại": "N/A",
    "(*)   EPS cơ bản (nghìn đồng):": "n/a",
    "EPS pha loãng (nghìn đồng):": "n/a",
    "P/E :": "n/a",
    "Giá trị sổ sách /cp (nghìn đồng):": "1.45",
    "(**) Hệ số beta:": "1.39",
    "KLGD khớp lệnh trung bình 10 phiên:": "6,893,760",
    "KLCP đang niêm yết:": "393,548,302",
    "KLCP đang lưu hành:": "393,547,838",
    "Vốn hóa thị trường (tỷ đồng):": "2,121.22",
    "Doanh thu": "2,222 tỷ",
    "Lợi nhuận trước thuế": "N/A",
    "Lợi nhuận sau thuế": "N/A",
    "Cổ tức bằng tiền mặt": "N/A",
    "Cổ tức bằng cổ phiếu": "N/A",
    "Dự kiến tăng vốn lên": "N/A",
    "Giới thiệu công ty": "Năm 1993 thành lập Xí nghiệp tư doanh chế biến gỗ Xuất khẩu Trường Thành tại Dak Lak, nay đã chuyển thành Công ty Cổ phần Trường Thành, gọi tắt là TTDL 1. Năm 2000 thành lập Công ty TNHH Kỹ nghệ gỗ Trường Thành tại Bình Chuẩn, Thuận An, tỉnh Bình Dương. Năm 2003 chuyển đổi thành Công ty Cổ phần Kỹ nghệ Gỗ Trường Thành, đến tháng 11 năm 2007 được chuyển thành Công ty Cổ phần Tập đoàn Kỹ nghệ Gỗ Trường Thành."
}