{
    "Url": "http://s.cafef.vn/hose/TV2-cong-ty-co-phan-tu-van-xay-dung-dien-2.chn",
    "CenterName": "HSX",
    "Symbol": "TV2",
    "TradeCenterID": 1,
    "ChangePrice": 5.351170568561877,
    "VonHoa": 2127.0741975,
    "ChangeVolume": -28.297107370485374,
    "EPS": 0.685480172567609,
    "PE": 45.9531891083154,
    "Beta": -0.24923319603891,
    "Price": 31.5,
    "UpdatedDate": "/Date(1686037643766)/",
    "FullName": "Công ty Cổ phần Tư vấn Xây dựng Điện 2",
    "ParentCategoryId": 345,
    "Cập nhật": "11:30 Thứ 4, 07/06/2023",
    "Mã công ty": "TV2",
    "Tên công ty": "Công ty Cổ phần Tư vấn Xây dựng Điện 2 (HOSE)",
    "Giá điểm": "30.95",
    "Thay đổi": "-0.3 (-0.96%)",
    "Khối lượng": "86,800",
    "Giá tham chiếu": "31.25",
    "Giá trần": "33.4",
    "Giá sàn": "29.1",
    "Giá mở cửa": "31.5",
    "Giá cao nhất": "31.5",
    "Giá thấp nhất": "30.95",
    "Giao dịch NĐTNN": "Giao dịch NĐTNN",
    "KLGD ròng": "31.5",
    "GT Mua": "0.02 (Tỷ)",
    "GT Bán": "0.12 (Tỷ)",
    "Room còn lại": "N/A",
    "(*)   EPS cơ bản (nghìn đồng):": "1.06",
    "EPS pha loãng (nghìn đồng):": "1.06",
    "P/E :": "29.11",
    "Giá trị sổ sách /cp (nghìn đồng):": "29.88",
    "(**) Hệ số beta:": "-0.25",
    "KLGD khớp lệnh trung bình 10 phiên:": "238,170",
    "KLCP đang niêm yết:": "67,526,165",
    "KLCP đang lưu hành:": "67,526,165",
    "Vốn hóa thị trường (tỷ đồng):": "2,110.19",
    "Doanh thu": "1,927 tỷ",
    "Lợi nhuận trước thuế": "N/A",
    "Lợi nhuận sau thuế": "100 tỷ",
    "Cổ tức bằng tiền mặt": "N/A",
    "Cổ tức bằng cổ phiếu": "N/A",
    "Dự kiến tăng vốn lên": "N/A",
    "Giới thiệu công ty": "Công ty Cổ phần Tư vấn Xây dựng Điện 2 được thành lập ngày 01/07/1985 với tên gọi ban đầu là Công ty khảo sát thiết kế Điện 2 - một đơn vị trực thuộc Bộ năng lượng. Ngành nghề kinh doanh: tư vấn xây dựng điện; xây dựng công trình kỹ thuật dân dụng; kinh doanh: bán buôn vật liệu, thiết bị lắp đặt trong xây dựng..., kinh doanh bất động sản; sản xuất truyền tải điên..."
}