{
    "Url": "http://s.cafef.vn/hose/TVB-cong-ty-co-phan-chung-khoan-tri-viet.chn",
    "CenterName": "HSX",
    "Symbol": "TVB",
    "TradeCenterID": 1,
    "ChangePrice": 0.9803921568627592,
    "VonHoa": 577.30350005,
    "ChangeVolume": -16.048073524213503,
    "EPS": 1.12681534720086,
    "PE": 4.57040278408811,
    "Beta": 0,
    "Price": 5.15,
    "UpdatedDate": "/Date(1686037643766)/",
    "FullName": "Công ty cổ phần Chứng khoán Trí Việt",
    "ParentCategoryId": 341,
    "Cập nhật": "11:30 Thứ 4, 07/06/2023",
    "Mã công ty": "TVB",
    "Tên công ty": "Công ty cổ phần Chứng khoán Trí Việt (HOSE)",
    "Giá điểm": "5.24",
    "Thay đổi": "N/A",
    "Khối lượng": "0.0",
    "Giá tham chiếu": "5.24",
    "Giá trần": "5.6",
    "Giá sàn": "4.88",
    "Giá mở cửa": "N/A",
    "Giá cao nhất": "N/A",
    "Giá thấp nhất": "N/A",
    "Giao dịch NĐTNN": "Giao dịch NĐTNN",
    "KLGD ròng": "5.24",
    "GT Mua": "0 (Tỷ)",
    "GT Bán": "0 (Tỷ)",
    "Room còn lại": "N/A",
    "(*)   EPS cơ bản (nghìn đồng):": "1.19",
    "EPS pha loãng (nghìn đồng):": "1.32",
    "P/E :": "4.39",
    "Giá trị sổ sách /cp (nghìn đồng):": "10.74",
    "(**) Hệ số beta:": "n/a",
    "KLGD khớp lệnh trung bình 10 phiên:": "770,670",
    "KLCP đang niêm yết:": "101,395,249",
    "KLCP đang lưu hành:": "112,097,767",
    "Vốn hóa thị trường (tỷ đồng):": "587.39",
    "Doanh thu": "200 tỷ",
    "Lợi nhuận trước thuế": "N/A",
    "Lợi nhuận sau thuế": "79 tỷ",
    "Cổ tức bằng tiền mặt": "N/A",
    "Cổ tức bằng cổ phiếu": "N/A",
    "Dự kiến tăng vốn lên": "N/A",
    "Giới thiệu công ty": "TVB tiền thân là CTCP Chứng khoán Thái Bình Dương, được thành lập theo Giấy chứng nhận đăng ký kinh doanh số 0103015199 ngày 22 tháng 12 năm 2006 và Giấy phép hoạt động số 46/UBCK-GPHĐKD do UBCKNN cấp ngày 28/12/2006, thay đổi lần gần nhất ngày 24/08/2020 theo Giấy phép điều chỉnh số 54/GPĐC-UBCK.\r\nTVB hiện hoạt động với các nghiệp vụ môi giới chứng khoán, tự doanh chứng khoan, lưu lkys chứng khoán, tư vấn đầu tư, bảo lãnh phát hành chứng khoán và các hoạt động tài chính khác."
}