{
    "Url": "http://s.cafef.vn/hose/TVS-cong-ty-co-phan-chung-khoan-thien-viet.chn",
    "CenterName": "HSX",
    "Symbol": "TVS",
    "TradeCenterID": 1,
    "ChangePrice": 14.615384615384619,
    "VonHoa": 3253.4156258,
    "ChangeVolume": -57.70964833183048,
    "EPS": 1.05780772251785,
    "PE": 28.1714713984772,
    "Beta": 1.31393613846613,
    "Price": 29.8,
    "UpdatedDate": "/Date(1686037643766)/",
    "FullName": "Công ty Cổ phần Chứng khoán Thiên Việt",
    "ParentCategoryId": 341,
    "Cập nhật": "11:30 Thứ 4, 07/06/2023",
    "Mã công ty": "TVS",
    "Tên công ty": "Công ty Cổ phần Chứng khoán Thiên Việt (HOSE)",
    "Giá điểm": "31.2",
    "Thay đổi": "N/A",
    "Khối lượng": "173,100",
    "Giá tham chiếu": "29.2",
    "Giá trần": "31.2",
    "Giá sàn": "27.2",
    "Giá mở cửa": "31.05",
    "Giá cao nhất": "30.95",
    "Giá thấp nhất": "N/A",
    "Giao dịch NĐTNN": "Giao dịch NĐTNN",
    "KLGD ròng": "31.2",
    "GT Mua": "0.04 (Tỷ)",
    "GT Bán": "0.03 (Tỷ)",
    "Room còn lại": "N/A",
    "(*)   EPS cơ bản (nghìn đồng):": "1.15",
    "EPS pha loãng (nghìn đồng):": "1.18",
    "P/E :": "27.06",
    "Giá trị sổ sách /cp (nghìn đồng):": "16.40",
    "(**) Hệ số beta:": "1.31",
    "KLGD khớp lệnh trung bình 10 phiên:": "72,530",
    "KLCP đang niêm yết:": "109,175,184",
    "KLCP đang lưu hành:": "109,175,021",
    "Vốn hóa thị trường (tỷ đồng):": "3,187.91",
    "Doanh thu": "N/A",
    "Lợi nhuận trước thuế": "N/A",
    "Lợi nhuận sau thuế": "226.8 tỷ",
    "Cổ tức bằng tiền mặt": "N/A",
    "Cổ tức bằng cổ phiếu": "N/A",
    "Dự kiến tăng vốn lên": "N/A",
    "Giới thiệu công ty": "Được thành lập theo Luật Chứng khoán và những quy định có liên quan về chứng khoán, giao dịch chứng khoán tại Việt Nam. TVS có trụ sở chính tại Hà Nội và chi nhánh tại Thành phố Hồ Chí Minh. Vốn pháp định: 430 tỷ đồng.Ngày giao dịch đầu tiên tại Trung tâm giao dịch Chứng khoán Thành phố Hà Nội: 05-02-2007. Ngày giao dịch đầu tiên tại Sở giao dịch Chứng khoán Thành phố Hồ Chí Minh: 09-02-2007"
}