{
    "Url": "http://s.cafef.vn/hose/TVT-tong-cong-ty-viet-thang-ctcp.chn",
    "CenterName": "HSX",
    "Symbol": "TVT",
    "TradeCenterID": 1,
    "ChangePrice": -5.587668593448938,
    "VonHoa": 514.5,
    "ChangeVolume": 7.142857142857143,
    "EPS": 1.39663966146217,
    "PE": 17.5421052946115,
    "Beta": 0,
    "Price": 24.5,
    "UpdatedDate": "/Date(1686037643766)/",
    "FullName": "Tổng Công ty Việt Thắng - CTCP",
    "ParentCategoryId": 339,
    "Cập nhật": "11:30 Thứ 4, 07/06/2023",
    "Mã công ty": "TVT",
    "Tên công ty": "Tổng Công ty Việt Thắng - CTCP (HOSE)",
    "Giá điểm": "25",
    "Thay đổi": "N/A",
    "Khối lượng": "21,300",
    "Giá tham chiếu": "25",
    "Giá trần": "26.75",
    "Giá sàn": "23.25",
    "Giá mở cửa": "25.5",
    "Giá cao nhất": "25.65",
    "Giá thấp nhất": "N/A",
    "Giao dịch NĐTNN": "Giao dịch NĐTNN",
    "KLGD ròng": "25.65",
    "GT Mua": "0 (Tỷ)",
    "GT Bán": "0.14 (Tỷ)",
    "Room còn lại": "N/A",
    "(*)   EPS cơ bản (nghìn đồng):": "1.52",
    "EPS pha loãng (nghìn đồng):": "1.52",
    "P/E :": "16.49",
    "Giá trị sổ sách /cp (nghìn đồng):": "26.84",
    "(**) Hệ số beta:": "n/a",
    "KLGD khớp lệnh trung bình 10 phiên:": "9,500",
    "KLCP đang niêm yết:": "21,000,000",
    "KLCP đang lưu hành:": "21,000,000",
    "Vốn hóa thị trường (tỷ đồng):": "525.00",
    "Doanh thu": "1,200 tỷ",
    "Lợi nhuận trước thuế": "35 - 50 tỷ",
    "Lợi nhuận sau thuế": "N/A",
    "Cổ tức bằng tiền mặt": "10 - 15 %",
    "Cổ tức bằng cổ phiếu": "N/A",
    "Dự kiến tăng vốn lên": "N/A",
    "Giới thiệu công ty": "Tổng công ty Việt Thắng, đơn vị thành viên của Tập Đoàn dệt may Việt nam, nguyên trước năm 1975 là hãng dệt Việt Mỹ kỹ nghệ dệt sợi công ty (VIMYTEX), được xây dựng năm 1960, đưa vào hoạt động từ năm 1962 do một số nhà tư bản trong nước và nước ngoài góp vốn chuyên sản xuất : Sợi, Dệt và In Nhuộm hoàn tất."
}