{
    "Url": "http://s.cafef.vn/hose/TYA-cong-ty-co-phan-day-va-cap-dien-taya-viet-nam.chn",
    "CenterName": "HSX",
    "Symbol": "TYA",
    "TradeCenterID": 1,
    "ChangePrice": -0.4385964912280764,
    "VonHoa": 348.2246057,
    "ChangeVolume": -4.6572934973637965,
    "EPS": 0.77997127052127,
    "PE": 14.5518180335214,
    "Beta": 1.19690327394833,
    "Price": 11.35,
    "UpdatedDate": "/Date(1686037643766)/",
    "FullName": "Công ty Cổ phần Dây và Cáp điện Taya Việt Nam ",
    "ParentCategoryId": 343,
    "Cập nhật": "11:30 Thứ 4, 07/06/2023",
    "Mã công ty": "TYA",
    "Tên công ty": "Công ty Cổ phần Dây và Cáp điện Taya Việt Nam  (HOSE)",
    "Giá điểm": "11.25",
    "Thay đổi": "0.05 (0.45%)",
    "Khối lượng": "100",
    "Giá tham chiếu": "11.2",
    "Giá trần": "11.95",
    "Giá sàn": "10.45",
    "Giá mở cửa": "11.25",
    "Giá cao nhất": "11.25",
    "Giá thấp nhất": "N/A",
    "Giao dịch NĐTNN": "Giao dịch NĐTNN",
    "KLGD ròng": "11.25",
    "GT Mua": "0 (Tỷ)",
    "GT Bán": "0 (Tỷ)",
    "Room còn lại": "N/A",
    "(*)   EPS cơ bản (nghìn đồng):": "0.83",
    "EPS pha loãng (nghìn đồng):": "4.13",
    "P/E :": "13.62",
    "Giá trị sổ sách /cp (nghìn đồng):": "15.70",
    "(**) Hệ số beta:": "1.20",
    "KLGD khớp lệnh trung bình 10 phiên:": "16,080",
    "KLCP đang niêm yết:": "6,134,773",
    "KLCP đang lưu hành:": "30,680,582",
    "Vốn hóa thị trường (tỷ đồng):": "343.62",
    "Doanh thu": "1,800 tỷ",
    "Lợi nhuận trước thuế": "56.68 tỷ",
    "Lợi nhuận sau thuế": "47.32 tỷ",
    "Cổ tức bằng tiền mặt": "N/A",
    "Cổ tức bằng cổ phiếu": "N/A",
    "Dự kiến tăng vốn lên": "N/A",
    "Giới thiệu công ty": "Tập đoàn dây và cáp điện TAYA được thành lập từ năm 1955. Hơn 50 năm hoạt động và không ngừng phát triển, TAYA đã trở thành danh nghiệp lớn trong ngành công nghiệp dây cáp điện tại Đài Loan. Năm 1994, với tốc độ tăng trưởng nhanh về kinh tế cùng với chính sách mở cửa, thu hút đầu tư của Chính phủ Việt Nam, TAYA quyết định chọn phương án đầu tư tại đây. Dự án này được triển khai và đã hoàn thành việc xây dựng từ đầu năm 1955. Tháng 7/1955, được sự chấp thuận của nhà nước, Công ty TAYA (Việt Nam) đã chính thức đi vào sản xuất và tiêu thụ sản phẩm."
}