{
    "Url": "http://s.cafef.vn/hose/UIC-cong-ty-co-phan-dau-tu-phat-trien-nha-va-do-thi-idico.chn",
    "CenterName": "HSX",
    "Symbol": "UIC",
    "TradeCenterID": 1,
    "ChangePrice": 0.15576323987538054,
    "VonHoa": 257.2,
    "ChangeVolume": 66.66666666666667,
    "EPS": 5.5559087655211,
    "PE": 5.78663209869764,
    "Beta": 0.208469359201567,
    "Price": 32.15,
    "UpdatedDate": "/Date(1686037643766)/",
    "FullName": "Công ty Cổ phần Đầu tư Phát triển Nhà và Đô thị Idico",
    "ParentCategoryId": 345,
    "Cập nhật": "11:30 Thứ 4, 07/06/2023",
    "Mã công ty": "UIC",
    "Tên công ty": "Công ty Cổ phần Đầu tư Phát triển Nhà và Đô thị Idico (HOSE)",
    "Giá điểm": "32.2",
    "Thay đổi": "N/A",
    "Khối lượng": "2,200",
    "Giá tham chiếu": "32.2",
    "Giá trần": "34.45",
    "Giá sàn": "29.95",
    "Giá mở cửa": "32.25",
    "Giá cao nhất": "32.25",
    "Giá thấp nhất": "N/A",
    "Giao dịch NĐTNN": "Giao dịch NĐTNN",
    "KLGD ròng": "32.25",
    "GT Mua": "0 (Tỷ)",
    "GT Bán": "0 (Tỷ)",
    "Room còn lại": "N/A",
    "(*)   EPS cơ bản (nghìn đồng):": "5.88",
    "EPS pha loãng (nghìn đồng):": "5.88",
    "P/E :": "5.47",
    "Giá trị sổ sách /cp (nghìn đồng):": "43.75",
    "(**) Hệ số beta:": "0.21",
    "KLGD khớp lệnh trung bình 10 phiên:": "2,630",
    "KLCP đang niêm yết:": "8,000,000",
    "KLCP đang lưu hành:": "8,000,000",
    "Vốn hóa thị trường (tỷ đồng):": "257.60",
    "Doanh thu": "2,436.31 tỷ",
    "Lợi nhuận trước thuế": "50.64 tỷ",
    "Lợi nhuận sau thuế": "N/A",
    "Cổ tức bằng tiền mặt": "N/A",
    "Cổ tức bằng cổ phiếu": "N/A",
    "Dự kiến tăng vốn lên": "N/A",
    "Giới thiệu công ty": "Năm 2000, trên cơ sở tổ chức lại Xí nghiệp Xây dựng sản xuất và Kinh doanh vật liệu xây dựng, Công ty Đầu tư phát triển Nhà và Đô thị (UDICO) được thành lập theo quyết định số 1714/QĐBXD ngày 6/12/2000 của Bộ Xây dựng. Năm 2005, UDICO chuyển sang hoạt động theo hình thức công ty cổ phần theo quyết định 2028/QĐBXD ngày 21/12/2004 của Bộ Xây dựng với tên gọi là Công ty cổ phần Đầu tư phát triển Nhà và Đô thị IDICO (IDICOUDICO)."
}