{
    "Url": "http://s.cafef.vn/hose/VAF-cong-ty-co-phan-phan-lan-nung-chay-van-dien.chn",
    "CenterName": "HSX",
    "Symbol": "VAF",
    "TradeCenterID": 1,
    "ChangePrice": 15.609756097560973,
    "VonHoa": 446.3343738,
    "ChangeVolume": -100,
    "EPS": 1.03638351508457,
    "PE": 11.4339912083926,
    "Beta": 0,
    "Price": 11.85,
    "UpdatedDate": "/Date(1686037643766)/",
    "FullName": "Công ty cổ phần Phân lân nung chảy Văn Điển",
    "ParentCategoryId": 338,
    "Cập nhật": "11:30 Thứ 4, 07/06/2023",
    "Mã công ty": "VAF",
    "Tên công ty": "Công ty cổ phần Phân lân nung chảy Văn Điển (HOSE)",
    "Giá điểm": "11",
    "Thay đổi": "-0.7 (-5.98%)",
    "Khối lượng": "400",
    "Giá tham chiếu": "11.7",
    "Giá trần": "12.5",
    "Giá sàn": "10.9",
    "Giá mở cửa": "N/A",
    "Giá cao nhất": "N/A",
    "Giá thấp nhất": "11",
    "Giao dịch NĐTNN": "Giao dịch NĐTNN",
    "KLGD ròng": "12.5",
    "GT Mua": "0 (Tỷ)",
    "GT Bán": "0 (Tỷ)",
    "Room còn lại": "N/A",
    "(*)   EPS cơ bản (nghìn đồng):": "1.05",
    "EPS pha loãng (nghìn đồng):": "1.05",
    "P/E :": "10.50",
    "Giá trị sổ sách /cp (nghìn đồng):": "12.42",
    "(**) Hệ số beta:": "n/a",
    "KLGD khớp lệnh trung bình 10 phiên:": "1,710",
    "KLCP đang niêm yết:": "37,665,348",
    "KLCP đang lưu hành:": "37,665,348",
    "Vốn hóa thị trường (tỷ đồng):": "474.58",
    "Doanh thu": "1,029.3 tỷ",
    "Lợi nhuận trước thuế": "50.09 tỷ",
    "Lợi nhuận sau thuế": "N/A",
    "Cổ tức bằng tiền mặt": "6 %",
    "Cổ tức bằng cổ phiếu": "N/A",
    "Dự kiến tăng vốn lên": "N/A",
    "Giới thiệu công ty": "Công ty cổ phần Phân lân nung chảy Văn Điển (tiền thân là Công ty Phân lân nung chảy Văn Điển) được thành lập từ năm 1960. Hơn nửa thế kỷ xây dựng và phát triển Công ty đã có nhiều đóng góp to lớn cho nền kinh tế quốc dân, có những thành tích đặc biệt xuất sắc trong công cuộc xây dựng và bảo vệ Tổ quốc, được Đảng và Nhà nước tặng nhiều phần thưởng cao quý như: Đơn vị anh hùng lao động thời kỳ đổi mới, đơn vị anh hùng lực lượng vũ tranh nhân dân, 5 huân chương lao động và rất nhiều phần thưởng của Chính phủ cũng như các ngành các cấp."
}