{
    "Url": "http://s.cafef.vn/hose/VCA-cong-ty-co-phan-thep-vicasa-vnsteel.chn",
    "CenterName": "HSX",
    "Symbol": "VCA",
    "TradeCenterID": 1,
    "ChangePrice": 0.1052631578947346,
    "VonHoa": 144.43143222,
    "ChangeVolume": -58.12310797174571,
    "EPS": -0.531410363607172,
    "PE": -17.8957744358745,
    "Beta": -0.181718422116551,
    "Price": 9.51,
    "UpdatedDate": "/Date(1686037643766)/",
    "FullName": "Công ty Cổ phần Thép VICASA - VNSTEEL",
    "ParentCategoryId": 344,
    "Cập nhật": "11:30 Thứ 4, 07/06/2023",
    "Mã công ty": "VCA",
    "Tên công ty": "Công ty Cổ phần Thép VICASA - VNSTEEL (HOSE)",
    "Giá điểm": "9.7",
    "Thay đổi": "0.19 (2%)",
    "Khối lượng": "7,000",
    "Giá tham chiếu": "9.51",
    "Giá trần": "10.15",
    "Giá sàn": "8.85",
    "Giá mở cửa": "9.7",
    "Giá cao nhất": "N/A",
    "Giá thấp nhất": "N/A",
    "Giao dịch NĐTNN": "Giao dịch NĐTNN",
    "KLGD ròng": "9.7",
    "GT Mua": "0 (Tỷ)",
    "GT Bán": "0.05 (Tỷ)",
    "Room còn lại": "N/A",
    "(*)   EPS cơ bản (nghìn đồng):": "n/a",
    "EPS pha loãng (nghìn đồng):": "n/a",
    "P/E :": "n/a",
    "Giá trị sổ sách /cp (nghìn đồng):": "11.74",
    "(**) Hệ số beta:": "-0.18",
    "KLGD khớp lệnh trung bình 10 phiên:": "11,840",
    "KLCP đang niêm yết:": "15,187,322",
    "KLCP đang lưu hành:": "15,187,322",
    "Vốn hóa thị trường (tỷ đồng):": "144.43",
    "Doanh thu": "N/A",
    "Lợi nhuận trước thuế": "12 tỷ",
    "Lợi nhuận sau thuế": "N/A",
    "Cổ tức bằng tiền mặt": "N/A",
    "Cổ tức bằng cổ phiếu": "N/A",
    "Dự kiến tăng vốn lên": "N/A",
    "Giới thiệu công ty": "Công ty cổ phần Thép Biên Hòa được cấp giấy chứng nhận kinh doanh Công ty cổ phần lần đầu ngày 25/12/2007. Ngày 15/11/2010, Công ty được cấp giấy chứng nhận đăng ký chứng khoán với mã chứng khoán VCA tại Trung tâm Lưu ký chứng khoán Việt Nam. Ngành nghề kinh doanh: sản phẩm thép cán; sản phẩm phôi thép."
}