{
    "Url": "http://s.cafef.vn/hose/VCB-ngan-hang-thuong-mai-co-phan-ngoai-thuong-viet-nam.chn",
    "CenterName": "HSX",
    "Symbol": "VCB",
    "TradeCenterID": 1,
    "ChangePrice": 3.7037037037037033,
    "VonHoa": 463786.623958,
    "ChangeVolume": -22.170136495243348,
    "EPS": 4.32131275624434,
    "PE": 22.6782937334006,
    "Beta": 1.30351646301651,
    "Price": 98,
    "UpdatedDate": "/Date(1686037643766)/",
    "FullName": "Ngân hàng Thương mại cổ phần Ngoại thương Việt Nam",
    "ParentCategoryId": 341,
    "Cập nhật": "11:30 Thứ 4, 07/06/2023",
    "Giá điểm": "97.4",
    "Thay đổi": "-1.6 (-1.62%)",
    "Khối lượng": "252,400",
    "Giá tham chiếu": "99",
    "Giá trần": "105.9",
    "Giá sàn": "92.1",
    "Giá mở cửa": "N/A",
    "Giá cao nhất": "N/A",
    "Giá thấp nhất": "97.3",
    "Giao dịch NĐTNN": "Giao dịch NĐTNN",
    "KLGD ròng": "99",
    "GT Mua": "4.99 (Tỷ)",
    "GT Bán": "10.22 (Tỷ)",
    "Room còn lại": "N/A",
    "(*)   EPS cơ bản (nghìn đồng):": "5.58",
    "EPS pha loãng (nghìn đồng):": "5.58",
    "P/E :": "17.45",
    "Giá trị sổ sách /cp (nghìn đồng):": "28.64",
    "(**) Hệ số beta:": "1.30",
    "KLGD khớp lệnh trung bình 10 phiên:": "620,900",
    "KLCP đang niêm yết:": "4,732,516,571",
    "KLCP đang lưu hành:": "4,732,516,571",
    "Vốn hóa thị trường (tỷ đồng):": "468,519.14",
    "Tổng tài sản": "tăng 9%",
    "Dư nợ tín dụng": "tối đa tăng 14%",
    "Huy động vốn": "Phù hợp với tăng trưởng tín dụng LDR không cao hơn năm 2022",
    "Lợi nhuận trước thuế": "Tăng tối thiểu 15%",
    "Tỷ lệ nợ xấu": "Thấp hơn 1.5%",
    "Tỷ lệ chi trả cổ tức": "theo phê duyệt của cơ quan Nhà nước có thẩm quyền",
    "Tỷ lệ đảm bảo an toàn hoạt động": "Theo quy định hiện hành của NHNN"
}