{
    "Url": "http://s.cafef.vn/hose/VCF-cong-ty-co-phan-vinacafe-bien-hoa.chn",
    "CenterName": "HSX",
    "Symbol": "VCF",
    "TradeCenterID": 1,
    "ChangePrice": 0.9205426356589174,
    "VonHoa": 5536.4338205,
    "ChangeVolume": -100,
    "EPS": 12.4877893957838,
    "PE": 16.6802941175743,
    "Beta": 0.397350993377483,
    "Price": 208.3,
    "UpdatedDate": "/Date(1686037643766)/",
    "FullName": "Công ty Cổ phần VinaCafé Biên Hòa",
    "ParentCategoryId": 339,
    "Cập nhật": "11:30 Thứ 4, 07/06/2023",
    "Mã công ty": "VCF",
    "Tên công ty": "Công ty Cổ phần VinaCafé Biên Hòa (HOSE)",
    "Giá điểm": "200.6",
    "Thay đổi": "N/A",
    "Khối lượng": "0.0",
    "Giá tham chiếu": "200.6",
    "Giá trần": "214.6",
    "Giá sàn": "186.6",
    "Giá mở cửa": "N/A",
    "Giá cao nhất": "N/A",
    "Giá thấp nhất": "N/A",
    "Giao dịch NĐTNN": "Giao dịch NĐTNN",
    "KLGD ròng": "200.6",
    "GT Mua": "0 (Tỷ)",
    "GT Bán": "0 (Tỷ)",
    "Room còn lại": "N/A",
    "(*)   EPS cơ bản (nghìn đồng):": "13.66",
    "EPS pha loãng (nghìn đồng):": "13.66",
    "P/E :": "14.69",
    "Giá trị sổ sách /cp (nghìn đồng):": "58.52",
    "(**) Hệ số beta:": "0.40",
    "KLGD khớp lệnh trung bình 10 phiên:": "270",
    "KLCP đang niêm yết:": "26,579,135",
    "KLCP đang lưu hành:": "26,579,135",
    "Vốn hóa thị trường (tỷ đồng):": "5,331.77",
    "Doanh thu": "2,500 - 2,900 tỷ",
    "Lợi nhuận trước thuế": "N/A",
    "Lợi nhuận sau thuế": "500 - 600 tỷ",
    "Cổ tức bằng tiền mặt": "N/A",
    "Cổ tức bằng cổ phiếu": "N/A",
    "Dự kiến tăng vốn lên": "N/A",
    "Giới thiệu công ty": "Năm 1968 Ông Marcel Coronel, quốc tịch Pháp, cùng vợ là bà Trần Thị Khánh khởi công xây dựng Nhà máy Cà phê CORONEL tại Khu Kỹ nghệ Biên Hòa (nay là Khu Công nghiệp Biên Hòa 1). Năm 1975Khi Việt Nam thống nhất, gia đình Coronel trở về Pháp. Họ bàn giao Nhà máy cho Chính phủ Lâm thời Cộng hòa Miền Nam Việt Nam. Nhà máy Cà phê Coronel được đổi tên thành Nhà máy Cà phê Biên Hòa và được giao cho Tổng cục Công nghệ Thực phẩm quản lý."
}