{
    "Url": "http://s.cafef.vn/hose/VCG-tong-cong-ty-co-phan-xuat-nhap-khau-va-xay-dung-viet-nam.chn",
    "CenterName": "HSX",
    "Symbol": "VCG",
    "TradeCenterID": 1,
    "ChangePrice": 1.4150943396226447,
    "VonHoa": 10446.417377,
    "ChangeVolume": -6.9690150597195775,
    "EPS": 1.77818693441031,
    "PE": 12.0909672565612,
    "Beta": 1.02374901410919,
    "Price": 21.5,
    "UpdatedDate": "/Date(1686037643766)/",
    "FullName": "Tổng Công ty Cổ phần Xuất nhập khẩu và Xây dựng Việt Nam",
    "ParentCategoryId": 345
}