{
    "Url": "http://s.cafef.vn/hose/VCI-cong-ty-co-phan-chung-khoan-vietcap.chn",
    "CenterName": "HSX",
    "Symbol": "VCI",
    "TradeCenterID": 1,
    "ChangePrice": -1.857142857142853,
    "VonHoa": 0,
    "ChangeVolume": 0.17197299931946514,
    "EPS": 2.95805488118673,
    "PE": 11.6123606152362,
    "Beta": 0,
    "Price": 34.35,
    "UpdatedDate": "/Date(1686037643766)/",
    "FullName": "Công ty Cổ phần Chứng khoán VIETCAP",
    "ParentCategoryId": 341,
    "Cập nhật": "11:30 Thứ 4, 07/06/2023",
    "Mã công ty": "VCI",
    "Tên công ty": "Công ty Cổ phần Chứng khoán VIETCAP (HOSE)",
    "Giá điểm": "35.25",
    "Thay đổi": "0.05 (0.14%)",
    "Khối lượng": "1,766,500",
    "Giá tham chiếu": "35.2",
    "Giá trần": "37.65",
    "Giá sàn": "32.75",
    "Giá mở cửa": "35.5",
    "Giá cao nhất": "35.6",
    "Giá thấp nhất": "35",
    "Giao dịch NĐTNN": "Giao dịch NĐTNN",
    "KLGD ròng": "35.6",
    "GT Mua": "0.9 (Tỷ)",
    "GT Bán": "0 (Tỷ)",
    "Room còn lại": "N/A",
    "(*)   EPS cơ bản (nghìn đồng):": "3.00",
    "EPS pha loãng (nghìn đồng):": "3.00",
    "P/E :": "11.74",
    "Giá trị sổ sách /cp (nghìn đồng):": "n/a",
    "(**) Hệ số beta:": "n/a",
    "KLGD khớp lệnh trung bình 10 phiên:": "4,259,210",
    "KLCP đang niêm yết:": "n/a",
    "KLCP đang lưu hành:": "n/a",
    "Vốn hóa thị trường (tỷ đồng):": "n/a",
    "Doanh thu": "3,246 tỷ",
    "Lợi nhuận trước thuế": "N/A",
    "Lợi nhuận sau thuế": "1,000 tỷ",
    "Cổ tức bằng tiền mặt": "10 - 20 %",
    "Cổ tức bằng cổ phiếu": "N/A",
    "Dự kiến tăng vốn lên": "N/A",
    "Giới thiệu công ty": "Công ty Cổ phần Chứng khoán Vietcap mong muốn trở thành một đơn vị tài chính uy tín hàng đầu, tập trung mang lại các giá trị cốt lõi hướng tới mục tiêu chung của cộng đồng nhà đầu tư trong nước và quốc tế thông qua chất lượng dịch vụ tối ưu và cơ hội phát triển đầu tư bền vững, cùng đồng hành hướng tới tương lai trong tâm thế “Người dẫn đầu” và tinh thần khởi nghiệp không ngừng tìm tòi và đổi mới."
}