{
    "Url": "http://s.cafef.vn/hose/VDP-cong-ty-co-phan-duoc-pham-trung-uong-vidipha.chn",
    "CenterName": "HSX",
    "Symbol": "VDP",
    "TradeCenterID": 1,
    "ChangePrice": -1.2048192771084338,
    "VonHoa": 690.108064,
    "ChangeVolume": -83.60655737704919,
    "EPS": 4.16626249123736,
    "PE": 9.84095459329142,
    "Beta": 0,
    "Price": 41,
    "UpdatedDate": "/Date(1686037643766)/",
    "FullName": "Công ty Cổ phần Dược phẩm Trung ương VIDIPHA",
    "ParentCategoryId": 342,
    "Cập nhật": "11:30 Thứ 4, 07/06/2023",
    "Mã công ty": "VDP",
    "Tên công ty": "Công ty Cổ phần Dược phẩm Trung ương VIDIPHA (HOSE)",
    "Giá điểm": "38.5",
    "Thay đổi": "N/A",
    "Khối lượng": "0.0",
    "Giá tham chiếu": "38.5",
    "Giá trần": "41.15",
    "Giá sàn": "35.85",
    "Giá mở cửa": "N/A",
    "Giá cao nhất": "N/A",
    "Giá thấp nhất": "N/A",
    "Giao dịch NĐTNN": "Giao dịch NĐTNN",
    "KLGD ròng": "38.5",
    "GT Mua": "0 (Tỷ)",
    "GT Bán": "0 (Tỷ)",
    "Room còn lại": "N/A",
    "(*)   EPS cơ bản (nghìn đồng):": "4.33",
    "EPS pha loãng (nghìn đồng):": "5.39",
    "P/E :": "8.89",
    "Giá trị sổ sách /cp (nghìn đồng):": "37.14",
    "(**) Hệ số beta:": "n/a",
    "KLGD khớp lệnh trung bình 10 phiên:": "1,810",
    "KLCP đang niêm yết:": "13,531,904",
    "KLCP đang lưu hành:": "16,831,904",
    "Vốn hóa thị trường (tỷ đồng):": "648.03",
    "Doanh thu": "1,071.69 tỷ",
    "Lợi nhuận trước thuế": "93.31 tỷ",
    "Lợi nhuận sau thuế": "73.54 tỷ",
    "Cổ tức bằng tiền mặt": "25 %",
    "Cổ tức bằng cổ phiếu": "N/A",
    "Dự kiến tăng vốn lên": "N/A",
    "Giới thiệu công ty": "Công ty Cổ phần Dược phẩm Trung ương VIDIPHA tiền thân là Công ty Phát triển Kỹ nghệ Dược Trung ương được thành lập theo Quyết định số 468/2003/QĐ-BYT ngày 30 tháng 01 năm 2003 của Bộ Trưởng Bộ Y tế về việc chuyển Công ty Phát triển Kỹ nghệ Dược Trung ương đơn vị trực thuộc Tổng Công ty Dược Việt Nam thành Công ty cổ phần."
}