{
    "Url": "http://s.cafef.vn/hose/VDS-cong-ty-co-phan-chung-khoan-rong-viet.chn",
    "CenterName": "HSX",
    "Symbol": "VDS",
    "TradeCenterID": 1,
    "ChangePrice": 2.542372881355923,
    "VonHoa": 2541,
    "ChangeVolume": -18.493601307328255,
    "EPS": -0.0598851976475458,
    "PE": -202.053269844988,
    "Beta": 0.639645955656822,
    "Price": 12.1,
    "UpdatedDate": "/Date(1686037643766)/",
    "FullName": "Công ty Cổ phần Chứng khoán Rồng Việt",
    "ParentCategoryId": 341,
    "Cập nhật": "11:30 Thứ 4, 07/06/2023",
    "Mã công ty": "VDS",
    "Tên công ty": "Công ty Cổ phần Chứng khoán Rồng Việt (HOSE)",
    "Giá điểm": "12.4",
    "Thay đổi": "-0.1 (-0.8%)",
    "Khối lượng": "490,700",
    "Giá tham chiếu": "12.5",
    "Giá trần": "13.35",
    "Giá sàn": "11.65",
    "Giá mở cửa": "12.55",
    "Giá cao nhất": "12.65",
    "Giá thấp nhất": "12.4",
    "Giao dịch NĐTNN": "Giao dịch NĐTNN",
    "KLGD ròng": "12.65",
    "GT Mua": "0 (Tỷ)",
    "GT Bán": "0.01 (Tỷ)",
    "Room còn lại": "N/A",
    "(*)   EPS cơ bản (nghìn đồng):": "n/a",
    "EPS pha loãng (nghìn đồng):": "n/a",
    "P/E :": "n/a",
    "Giá trị sổ sách /cp (nghìn đồng):": "9.80",
    "(**) Hệ số beta:": "0.64",
    "KLGD khớp lệnh trung bình 10 phiên:": "863,010",
    "KLCP đang niêm yết:": "210,000,000",
    "KLCP đang lưu hành:": "210,000,000",
    "Vốn hóa thị trường (tỷ đồng):": "2,625.00",
    "Doanh thu": "890.07 tỷ",
    "Lợi nhuận trước thuế": "270.77 tỷ",
    "Lợi nhuận sau thuế": "216.62 tỷ",
    "Cổ tức bằng tiền mặt": "N/A",
    "Cổ tức bằng cổ phiếu": "N/A",
    "Dự kiến tăng vốn lên": "N/A",
    "Giới thiệu công ty": "Công ty Cổ phần Chứng khoán Rồng Việt (Rồng Việt) được thành lập theo Giấy phép hoạt động kinh doanh khoán Nhà nước (UBCKNN).  Ngày 26/04/2007, Rồng Việt chính thức khai trương đi vào hoạt động. Ngành nghề kinh doanh: môi giới chứng khoán, tự doanh chứng khoán; tư vấn đầu tư chứng khoán; các dịch vụ hỗ trợ nhà đầu tư..."
}