{
    "Url": "http://s.cafef.vn/hose/VFG-cong-ty-co-phan-khu-trung-viet-nam.chn",
    "CenterName": "HSX",
    "Symbol": "VFG",
    "TradeCenterID": 1,
    "ChangePrice": 1.4245014245014245,
    "VonHoa": 1484.9690584,
    "ChangeVolume": -36.440677966101696,
    "EPS": 5.53849634575479,
    "PE": 6.42773738169695,
    "Beta": 0.522805708422722,
    "Price": 35.6,
    "UpdatedDate": "/Date(1686037643766)/",
    "FullName": "Công ty Cổ phần Khử trùng Việt Nam",
    "ParentCategoryId": 338,
    "Cập nhật": "11:30 Thứ 4, 07/06/2023",
    "Mã công ty": "VFG",
    "Tên công ty": "Công ty Cổ phần Khử trùng Việt Nam (HOSE)",
    "Giá điểm": "35.7",
    "Thay đổi": "0.1 (0.28%)",
    "Khối lượng": "300",
    "Giá tham chiếu": "35.6",
    "Giá trần": "38.05",
    "Giá sàn": "33.15",
    "Giá mở cửa": "35.7",
    "Giá cao nhất": "35.7",
    "Giá thấp nhất": "N/A",
    "Giao dịch NĐTNN": "Giao dịch NĐTNN",
    "KLGD ròng": "35.7",
    "GT Mua": "0 (Tỷ)",
    "GT Bán": "0 (Tỷ)",
    "Room còn lại": "N/A",
    "(*)   EPS cơ bản (nghìn đồng):": "5.77",
    "EPS pha loãng (nghìn đồng):": "5.77",
    "P/E :": "6.19",
    "Giá trị sổ sách /cp (nghìn đồng):": "25.93",
    "(**) Hệ số beta:": "0.52",
    "KLGD khớp lệnh trung bình 10 phiên:": "1,410",
    "KLCP đang niêm yết:": "41,717,614",
    "KLCP đang lưu hành:": "41,712,614",
    "Vốn hóa thị trường (tỷ đồng):": "1,484.97",
    "Doanh thu": "3,663 tỷ",
    "Lợi nhuận trước thuế": "315 tỷ",
    "Lợi nhuận sau thuế": "250 tỷ",
    "Cổ tức bằng tiền mặt": "20 %",
    "Cổ tức bằng cổ phiếu": "N/A",
    "Dự kiến tăng vốn lên": "N/A",
    "Giới thiệu công ty": "Năm 1993 Hợp nhất các tổ chức Khử trùng thuộc Cục BVTV thành lập Công ty Khử trùng Việt Nam (VFC) trực thuộc Bộ Nông nghiệp và Công nghiệp thực phẩm với ngành kinh doanh chính khử trùng hàng hóa xuất khẩu. Năm 2001 Hoàn tất việc cổ phần hóa toàn bộ công ty, trở thành công ty cổ phần đầu tiên trong ngành khử trùng và nông dược. VFC niêm yết trên HOSE, chính thức giao dịch từ ngày 17/12/2009 với mã VFG."
}