{
    "Url": "http://s.cafef.vn/hose/VGC-tong-cong-ty-viglacera-ctcp.chn",
    "CenterName": "HSX",
    "Symbol": "VGC",
    "TradeCenterID": 1,
    "ChangePrice": 0.9974437371560226,
    "VonHoa": 18068.505,
    "ChangeVolume": -35.651475900317436,
    "EPS": 2.68847073846582,
    "PE": 14.9899343977972,
    "Beta": 0,
    "Price": 40.3,
    "UpdatedDate": "/Date(1686037643766)/",
    "FullName": "Tổng Công ty Viglacera - CTCP",
    "ParentCategoryId": 345,
    "Cập nhật": "11:30 Thứ 4, 07/06/2023",
    "Mã công ty": "VGC",
    "Tên công ty": "Tổng Công ty Viglacera - CTCP (HOSE)",
    "Giá điểm": "41.05",
    "Thay đổi": "0.05 (0.12%)",
    "Khối lượng": "860,800",
    "Giá tham chiếu": "41",
    "Giá trần": "43.85",
    "Giá sàn": "38.15",
    "Giá mở cửa": "41.5",
    "Giá cao nhất": "41.8",
    "Giá thấp nhất": "40.85",
    "Giao dịch NĐTNN": "Giao dịch NĐTNN",
    "KLGD ròng": "41.8",
    "GT Mua": "0.08 (Tỷ)",
    "GT Bán": "0.09 (Tỷ)",
    "Room còn lại": "N/A",
    "(*)   EPS cơ bản (nghìn đồng):": "2.76",
    "EPS pha loãng (nghìn đồng):": "2.76",
    "P/E :": "14.90",
    "Giá trị sổ sách /cp (nghìn đồng):": "16.63",
    "(**) Hệ số beta:": "n/a",
    "KLGD khớp lệnh trung bình 10 phiên:": "2,345,120",
    "KLCP đang niêm yết:": "448,350,000",
    "KLCP đang lưu hành:": "448,350,000",
    "Vốn hóa thị trường (tỷ đồng):": "18,382.35",
    "Doanh thu": "15,750 tỷ",
    "Lợi nhuận trước thuế": "1,210 tỷ",
    "Lợi nhuận sau thuế": "N/A",
    "Cổ tức bằng tiền mặt": "20 %",
    "Cổ tức bằng cổ phiếu": "N/A",
    "Dự kiến tăng vốn lên": "4,483.5 tỷ",
    "Giới thiệu công ty": "Tổng Công ty Viglacera - CTCP tiền thân là công ty Gạch ngói Sành sứ xây dựng , được thành lập năm 1974. Công ty chính thức hoạt động dưới hình thức CTCP theo quyết định ngày 02/12/2013 của Thủ tướng chính phủ. Ngành nghề kinh doanh: sản xuất kinh doanh và nhập khẩu vật liệu xây dựng, nguyên liệu nhiên liệu...; đầu tư kinh doanh BĐS; khai thác chế biến và kinh doanh khoáng sản..."
}