{
    "Url": "http://s.cafef.vn/hose/VHC-cong-ty-co-phan-vinh-hoan.chn",
    "CenterName": "HSX",
    "Symbol": "VHC",
    "TradeCenterID": 1,
    "ChangePrice": 4.109589041095888,
    "VonHoa": 11149.3189248,
    "ChangeVolume": -30.285300195925817,
    "EPS": 8.72779847438916,
    "PE": 6.96624700701001,
    "Beta": 0.681932655535864,
    "Price": 60.8,
    "UpdatedDate": "/Date(1686037643766)/",
    "FullName": "Công ty Cổ phần Vĩnh Hoàn",
    "ParentCategoryId": 338,
    "Cập nhật": "11:30 Thứ 4, 07/06/2023",
    "Mã công ty": "VHC",
    "Tên công ty": "Công ty Cổ phần Vĩnh Hoàn (HOSE)",
    "Giá điểm": "60.6",
    "Thay đổi": "-0.1 (-0.16%)",
    "Khối lượng": "345,600",
    "Giá tham chiếu": "60.7",
    "Giá trần": "64.9",
    "Giá sàn": "56.5",
    "Giá mở cửa": "60.9",
    "Giá cao nhất": "61.5",
    "Giá thấp nhất": "60.5",
    "Giao dịch NĐTNN": "Giao dịch NĐTNN",
    "KLGD ròng": "61.5",
    "GT Mua": "0.14 (Tỷ)",
    "GT Bán": "0.16 (Tỷ)",
    "Room còn lại": "N/A",
    "(*)   EPS cơ bản (nghìn đồng):": "8.96",
    "EPS pha loãng (nghìn đồng):": "8.96",
    "P/E :": "6.76",
    "Giá trị sổ sách /cp (nghìn đồng):": "42.00",
    "(**) Hệ số beta:": "0.68",
    "KLGD khớp lệnh trung bình 10 phiên:": "603,740",
    "KLCP đang niêm yết:": "183,376,956",
    "KLCP đang lưu hành:": "183,376,956",
    "Vốn hóa thị trường (tỷ đồng):": "11,130.98",
    "Doanh thu": "11,500 tỷ",
    "Lợi nhuận trước thuế": "N/A",
    "Lợi nhuận sau thuế": "1,000 tỷ",
    "Cổ tức bằng tiền mặt": "N/A",
    "Cổ tức bằng cổ phiếu": "N/A",
    "Dự kiến tăng vốn lên": "N/A",
    "Giới thiệu công ty": "Bà Trương Thị Lệ Khanh sáng lập Công ty TNHH Vĩnh Hoàn. Được thành lập vào ngày 27 tháng 12 năm 1997 tại thành phố Cao Lãnh, tỉnh Đồng Tháp, thuộc đồng bằng sông Cửu Long, công ty chính là lựa chọn ưu tiên của nhà nhập khẩu nước ngoài cho mặt hàng cá tra, basa fillet và hàng giá trị gia tăng từ cá tra và basa. Năm 2007: Chính thức niêm yết cổ phiếu tại Sở Giao dịch Chứng khoán TP. HCM (HOSE)."
}