{
    "Url": "http://s.cafef.vn/hose/VHM-cong-ty-co-phan-vinhomes.chn",
    "CenterName": "HSX",
    "Symbol": "VHM",
    "TradeCenterID": 1,
    "ChangePrice": -2.185792349726768,
    "VonHoa": 233829.5341056,
    "ChangeVolume": 4.843940925342062,
    "EPS": 7.99881258651467,
    "PE": 6.71349646202909,
    "Beta": 0,
    "Price": 53.7,
    "UpdatedDate": "/Date(1686037643766)/",
    "FullName": "Công ty cổ phần Vinhomes",
    "ParentCategoryId": 345,
    "Cập nhật": "11:30 Thứ 4, 07/06/2023",
    "Mã công ty": "VHM",
    "Tên công ty": "Công ty cổ phần Vinhomes (HOSE)",
    "Giá điểm": "55.1",
    "Thay đổi": "0.1 (0.18%)",
    "Khối lượng": "981,000",
    "Giá tham chiếu": "55",
    "Giá trần": "58.8",
    "Giá sàn": "51.2",
    "Giá mở cửa": "55.3",
    "Giá cao nhất": "55.7",
    "Giá thấp nhất": "54.5",
    "Giao dịch NĐTNN": "Giao dịch NĐTNN",
    "KLGD ròng": "55.7",
    "GT Mua": "35.89 (Tỷ)",
    "GT Bán": "5.6 (Tỷ)",
    "Room còn lại": "N/A",
    "(*)   EPS cơ bản (nghìn đồng):": "8.23",
    "EPS pha loãng (nghìn đồng):": "8.23",
    "P/E :": "6.69",
    "Giá trị sổ sách /cp (nghìn đồng):": "31.17",
    "(**) Hệ số beta:": "n/a",
    "KLGD khớp lệnh trung bình 10 phiên:": "1,384,460",
    "KLCP đang niêm yết:": "4,354,367,488",
    "KLCP đang lưu hành:": "4,354,367,488",
    "Vốn hóa thị trường (tỷ đồng):": "239,490.21",
    "Doanh thu": "75,000 tỷ",
    "Lợi nhuận trước thuế": "N/A",
    "Lợi nhuận sau thuế": "30,000 tỷ",
    "Cổ tức bằng tiền mặt": "N/A",
    "Cổ tức bằng cổ phiếu": "N/A",
    "Dự kiến tăng vốn lên": "N/A",
    "Giới thiệu công ty": "Công ty cổ phần Vinhomes Tiền thân là CTCP Đô thị BIDV – PP, được thành lập vào đầu năm 2008 với vốn điều lệ đăng ký ban đầu là 300 tỷ đồng và đặt trụ sở tại Tòa nhà Bắc Á, số 9 Đào Duy Anh, Phường Phương Liên, Quận Đống Đa, Hà Nội."
}