{
    "Url": "http://s.cafef.vn/hose/VIB-ngan-hang-thuong-mai-co-phan-quoc-te-viet-nam.chn",
    "CenterName": "HSX",
    "Symbol": "VIB",
    "TradeCenterID": 1,
    "ChangePrice": 8.920187793427223,
    "VonHoa": 0,
    "ChangeVolume": -56.64383854716773,
    "EPS": 3.88972737228925,
    "PE": 5.96442829522675,
    "Beta": 0,
    "Price": 23.2,
    "UpdatedDate": "/Date(1686037643766)/",
    "FullName": "Ngân hàng Thương mại cổ phần Quốc tế Việt Nam",
    "ParentCategoryId": 341,
    "Cập nhật": "11:30 Thứ 4, 07/06/2023",
    "Giá điểm": "23.5",
    "Thay đổi": "-0.1 (-0.42%)",
    "Khối lượng": "4,770,500",
    "Giá tham chiếu": "23.6",
    "Giá trần": "25.25",
    "Giá sàn": "21.95",
    "Giá mở cửa": "23.65",
    "Giá cao nhất": "N/A",
    "Giá thấp nhất": "23.3",
    "Giao dịch NĐTNN": "Giao dịch NĐTNN",
    "KLGD ròng": "23.65",
    "GT Mua": "0 (Tỷ)",
    "GT Bán": "0 (Tỷ)",
    "Room còn lại": "N/A",
    "(*)   EPS cơ bản (nghìn đồng):": "3.98",
    "EPS pha loãng (nghìn đồng):": "5.15",
    "P/E :": "5.90",
    "Giá trị sổ sách /cp (nghìn đồng):": "n/a",
    "(**) Hệ số beta:": "n/a",
    "KLGD khớp lệnh trung bình 10 phiên:": "6,902,780",
    "KLCP đang niêm yết:": "n/a",
    "KLCP đang lưu hành:": "n/a",
    "Vốn hóa thị trường (tỷ đồng):": "n/a",
    "Lợi nhuận trước thuế": "10.500 tỷ đồng",
    "Tổng tài sản": "402.500 tỷ đồng",
    "Tổng dư nợ tín dụng": "265.600 tỷ đồng",
    "Huy động vốn": "280.600 tỷ đồng",
    "Tỷ lệ nợ xấu": "<3%"
}