{
    "Url": "http://s.cafef.vn/hose/VIC-tap-doan-vingroup-cong-ty-co-phan.chn",
    "CenterName": "HSX",
    "Symbol": "VIC",
    "TradeCenterID": 1,
    "ChangePrice": -0.5725190839694603,
    "VonHoa": 198706.0427281,
    "ChangeVolume": -25.534565552233396,
    "EPS": 1.57633461015761,
    "PE": 33.0513582993593,
    "Beta": 0.730342318813544,
    "Price": 52.1,
    "UpdatedDate": "/Date(1686037643766)/",
    "FullName": "Tập đoàn Vingroup - Công ty Cổ phần",
    "ParentCategoryId": 345,
    "Cập nhật": "11:30 Thứ 4, 07/06/2023",
    "Mã công ty": "VIC",
    "Tên công ty": "Tập đoàn Vingroup - Công ty Cổ phần (HOSE)",
    "Giá điểm": "53",
    "Thay đổi": "-0.2 (-0.38%)",
    "Khối lượng": "882,400",
    "Giá tham chiếu": "53.2",
    "Giá trần": "56.9",
    "Giá sàn": "49.5",
    "Giá mở cửa": "53.3",
    "Giá cao nhất": "53.6",
    "Giá thấp nhất": "52.9",
    "Giao dịch NĐTNN": "Giao dịch NĐTNN",
    "KLGD ròng": "53.6",
    "GT Mua": "9.7 (Tỷ)",
    "GT Bán": "4.66 (Tỷ)",
    "Room còn lại": "N/A",
    "(*)   EPS cơ bản (nghìn đồng):": "1.77",
    "EPS pha loãng (nghìn đồng):": "1.77",
    "P/E :": "29.89",
    "Giá trị sổ sách /cp (nghìn đồng):": "29.04",
    "(**) Hệ số beta:": "0.73",
    "KLGD khớp lệnh trung bình 10 phiên:": "1,666,820",
    "KLCP đang niêm yết:": "3,813,935,861",
    "KLCP đang lưu hành:": "3,813,935,561",
    "Vốn hóa thị trường (tỷ đồng):": "202,901.37",
    "Doanh thu": "190,000 tỷ",
    "Lợi nhuận trước thuế": "N/A",
    "Lợi nhuận sau thuế": "2,000 tỷ",
    "Cổ tức bằng tiền mặt": "N/A",
    "Cổ tức bằng cổ phiếu": "N/A",
    "Dự kiến tăng vốn lên": "N/A",
    "Giới thiệu công ty": "Tập đoàn Vingroup - Công ty CP (gọi tắt là \"Tập đoàn Vingroup\"), tiền thân là Tập đoàn Technocom, được thành lập tại Ukraina năm 1993 bởi những người Việt Nam trẻ tuổi, hoạt động ban đầu trong lĩnh vực thực phẩm và thành công rực rỡ với thương hiệu Mivina. Những năm đầu của thế kỷ 21, Technocom luôn có mặt trong bảng xếp hạng Top 100 doanh nghiệp lớn mạnh nhất Ukraina. Từ năm 2000, Technocom - Vingroup trở về Việt Nam đầu tư với ước vọng được góp phần xây dựng đất nước"
}