{
    "Url": "http://s.cafef.vn/hose/VID-cong-ty-co-phan-dau-tu-phat-trien-thuong-mai-vien-dong.chn",
    "CenterName": "HSX",
    "Symbol": "VID",
    "TradeCenterID": 1,
    "ChangePrice": 8.614232209737828,
    "VonHoa": 236.8492002,
    "ChangeVolume": 63.10510248582643,
    "EPS": 0.36866890143613,
    "PE": 15.7322735316334,
    "Beta": 0.882660199608245,
    "Price": 5.8,
    "UpdatedDate": "/Date(1686037643766)/",
    "FullName": "Công ty Cổ phần Đầu tư Phát triển Thương mại Viễn Đông",
    "ParentCategoryId": 344,
    "Cập nhật": "11:30 Thứ 4, 07/06/2023",
    "Mã công ty": "VID",
    "Tên công ty": "Công ty Cổ phần Đầu tư Phát triển Thương mại Viễn Đông (HOSE)",
    "Giá điểm": "5.75",
    "Thay đổi": "0.08 (1.41%)",
    "Khối lượng": "1,500",
    "Giá tham chiếu": "5.67",
    "Giá trần": "6.06",
    "Giá sàn": "5.28",
    "Giá mở cửa": "5.78",
    "Giá cao nhất": "5.78",
    "Giá thấp nhất": "N/A",
    "Giao dịch NĐTNN": "Giao dịch NĐTNN",
    "KLGD ròng": "5.78",
    "GT Mua": "0 (Tỷ)",
    "GT Bán": "0 (Tỷ)",
    "Room còn lại": "N/A",
    "(*)   EPS cơ bản (nghìn đồng):": "0.42",
    "EPS pha loãng (nghìn đồng):": "0.49",
    "P/E :": "13.56",
    "Giá trị sổ sách /cp (nghìn đồng):": "11.53",
    "(**) Hệ số beta:": "0.88",
    "KLGD khớp lệnh trung bình 10 phiên:": "36,070",
    "KLCP đang niêm yết:": "35,510,789",
    "KLCP đang lưu hành:": "40,836,069",
    "Vốn hóa thị trường (tỷ đồng):": "231.54",
    "Doanh thu": "1,160 tỷ",
    "Lợi nhuận trước thuế": "55 tỷ",
    "Lợi nhuận sau thuế": "N/A",
    "Cổ tức bằng tiền mặt": "12 %",
    "Cổ tức bằng cổ phiếu": "N/A",
    "Dự kiến tăng vốn lên": "N/A",
    "Giới thiệu công ty": "Với hơn 35 năm hình thành phát triển, Vidon Corp. đã và đang đạt được những thành tựu vững chắc đặc biệt là sau giai đoạn cổ phần hóa. VID mong muốn mang lại giá trị cao nhất cho quý cổ đông và các nhà đầu tư theo định hướng phát triển bền vững, dựa trên lợi thế cạnh tranh lớn về đặc thù mặt bằng, kho bãi được đầu tư và tích lũy sau nhiều năm họat động dẫn đầu thị trường ngành giấy và in ấn cao cấp tại Việt Nam."
}