{
    "Url": "http://s.cafef.vn/hose/VIP-cong-ty-co-phan-van-tai-xang-dau-vipco.chn",
    "CenterName": "HSX",
    "Symbol": "VIP",
    "TradeCenterID": 1,
    "ChangePrice": 5.825242718446598,
    "VonHoa": 746.3332569,
    "ChangeVolume": -38.815866978575876,
    "EPS": 3.97609995595943,
    "PE": 2.74137977433463,
    "Beta": 1.35034045331592,
    "Price": 10.9,
    "UpdatedDate": "/Date(1686037643766)/",
    "FullName": "Công ty Cổ phần Vận tải Xăng dầu VIPCO",
    "ParentCategoryId": 340,
    "Cập nhật": "11:30 Thứ 4, 07/06/2023",
    "Mã công ty": "VIP",
    "Tên công ty": "Công ty Cổ phần Vận tải Xăng dầu VIPCO (HOSE)",
    "Giá điểm": "10.75",
    "Thay đổi": "-0.05 (-0.46%)",
    "Khối lượng": "276,200",
    "Giá tham chiếu": "10.8",
    "Giá trần": "11.55",
    "Giá sàn": "10.05",
    "Giá mở cửa": "10.85",
    "Giá cao nhất": "N/A",
    "Giá thấp nhất": "10.7",
    "Giao dịch NĐTNN": "Giao dịch NĐTNN",
    "KLGD ròng": "10.85",
    "GT Mua": "0.52 (Tỷ)",
    "GT Bán": "0 (Tỷ)",
    "Room còn lại": "N/A",
    "(*)   EPS cơ bản (nghìn đồng):": "4.42",
    "EPS pha loãng (nghìn đồng):": "4.42",
    "P/E :": "2.43",
    "Giá trị sổ sách /cp (nghìn đồng):": "15.35",
    "(**) Hệ số beta:": "1.35",
    "KLGD khớp lệnh trung bình 10 phiên:": "922,590",
    "KLCP đang niêm yết:": "68,470,941",
    "KLCP đang lưu hành:": "68,470,941",
    "Vốn hóa thị trường (tỷ đồng):": "739.49",
    "Doanh thu": "532.77 tỷ",
    "Lợi nhuận trước thuế": "98.02 tỷ",
    "Lợi nhuận sau thuế": "78.42 tỷ",
    "Cổ tức bằng tiền mặt": "10 %",
    "Cổ tức bằng cổ phiếu": "N/A",
    "Dự kiến tăng vốn lên": "N/A",
    "Giới thiệu công ty": "Công ty CP Vận tải Xăng dầu VIPCO tiền thân là Công ty Vận tải Xăng dầu Đường thủy I,trực thuộc Tổng công ty Xăng dầu Việt Nam. Ngày 22/07/1980, Công ty Vận tải Xăng dầu Đường thủy I được thành lập để thực hiện sứ mệnh và nhiệm vụ vận tải xăng dầu trong nước và quốc tế theo kế hoạch của Tổng công ty Xăng dầu Việt Nam."
}