{
    "Url": "http://s.cafef.vn/hose/VIX-cong-ty-co-phan-chung-khoan-vix.chn",
    "CenterName": "HSX",
    "Symbol": "VIX",
    "TradeCenterID": 1,
    "ChangePrice": 5.502645502645517,
    "VonHoa": 6674.51685802,
    "ChangeVolume": -3.100755733270138,
    "EPS": 0.860627692129211,
    "PE": 11.5845679742584,
    "Beta": 2.63061957760056,
    "Price": 9.97,
    "UpdatedDate": "/Date(1686037643766)/",
    "FullName": "Công ty cổ phần Chứng khoán VIX",
    "ParentCategoryId": 341,
    "Cập nhật": "11:30 Thứ 4, 07/06/2023",
    "Mã công ty": "VIX",
    "Tên công ty": "Công ty cổ phần Chứng khoán VIX (HOSE)",
    "Giá điểm": "10.45",
    "Thay đổi": "N/A",
    "Khối lượng": "8,747,600",
    "Giá tham chiếu": "10.45",
    "Giá trần": "11.15",
    "Giá sàn": "9.72",
    "Giá mở cửa": "10.5",
    "Giá cao nhất": "10.6",
    "Giá thấp nhất": "10.25",
    "Giao dịch NĐTNN": "Giao dịch NĐTNN",
    "KLGD ròng": "10.6",
    "GT Mua": "0.03 (Tỷ)",
    "GT Bán": "1.54 (Tỷ)",
    "Room còn lại": "N/A",
    "(*)   EPS cơ bản (nghìn đồng):": "0.99",
    "EPS pha loãng (nghìn đồng):": "0.99",
    "P/E :": "10.56",
    "Giá trị sổ sách /cp (nghìn đồng):": "11.75",
    "(**) Hệ số beta:": "2.63",
    "KLGD khớp lệnh trung bình 10 phiên:": "19,794,770",
    "KLCP đang niêm yết:": "582,139,189",
    "KLCP đang lưu hành:": "669,460,066",
    "Vốn hóa thị trường (tỷ đồng):": "6,995.86",
    "Doanh thu": "N/A",
    "Lợi nhuận trước thuế": "676 tỷ",
    "Lợi nhuận sau thuế": "540 tỷ",
    "Cổ tức bằng tiền mặt": "N/A",
    "Cổ tức bằng cổ phiếu": "N/A",
    "Dự kiến tăng vốn lên": "N/A",
    "Giới thiệu công ty": "Công ty Cổ phần Chứng khoán IB (IBSC) được Ủy Ban Chứng khoán Nhà nước chính thức cấp Giấy phép thành lập và hoạt động số 70/UBCK-GP ngày 10 tháng 12 năm 2007 với tên gọi ban đầu là Công ty Cổ phần Chứng khoán Vincom. Ngành nghề kinh doanh: môi giới chứng khoán; tự doanh chứng khoán; bảo lãnh phát hành chứng khoán; tư vấn tài chính và tư vấn đầu tư chứng khoán"
}