{
    "Url": "http://s.cafef.vn/hose/VJC-cong-ty-co-phan-hang-khong-vietjet.chn",
    "CenterName": "HSX",
    "Symbol": "VJC",
    "TradeCenterID": 1,
    "ChangePrice": -1.7258883248730994,
    "VonHoa": 50707.5758992,
    "ChangeVolume": -4.382753350158177,
    "EPS": -3.71524281778771,
    "PE": -26.0548246097252,
    "Beta": 0,
    "Price": 96.8,
    "UpdatedDate": "/Date(1686037643766)/",
    "FullName": "Công ty cổ phần Hàng không VietJet ",
    "ParentCategoryId": 343,
    "Cập nhật": "11:30 Thứ 4, 07/06/2023",
    "Mã công ty": "VJC",
    "Tên công ty": "Công ty cổ phần Hàng không VietJet  (HOSE)",
    "Giá điểm": "96.6",
    "Thay đổi": "-1.1 (-1.13%)",
    "Khối lượng": "244,500",
    "Giá tham chiếu": "97.7",
    "Giá trần": "104.5",
    "Giá sàn": "90.9",
    "Giá mở cửa": "97.9",
    "Giá cao nhất": "97.9",
    "Giá thấp nhất": "96.6",
    "Giao dịch NĐTNN": "Giao dịch NĐTNN",
    "KLGD ròng": "97.9",
    "GT Mua": "0.01 (Tỷ)",
    "GT Bán": "2.43 (Tỷ)",
    "Room còn lại": "N/A",
    "(*)   EPS cơ bản (nghìn đồng):": "n/a",
    "EPS pha loãng (nghìn đồng):": "n/a",
    "P/E :": "n/a",
    "Giá trị sổ sách /cp (nghìn đồng):": "33.42",
    "(**) Hệ số beta:": "n/a",
    "KLGD khớp lệnh trung bình 10 phiên:": "646,860",
    "KLCP đang niêm yết:": "541,611,334",
    "KLCP đang lưu hành:": "523,838,594",
    "Vốn hóa thị trường (tỷ đồng):": "51,179.03",
    "Doanh thu": "N/A",
    "Lợi nhuận trước thuế": "N/A",
    "Lợi nhuận sau thuế": "1,000 tỷ",
    "Cổ tức bằng tiền mặt": "N/A",
    "Cổ tức bằng cổ phiếu": "N/A",
    "Dự kiến tăng vốn lên": "N/A",
    "Giới thiệu công ty": "Vietjet là hãng hàng không tư nhân đầu tiên tại Việt Nam vận hành theo mô hình hàng không thế hệ mới, chi phí thấp, đi đầu trong các ứng dụng công nghệ với website bán vé hiện đại, thân thiện. Được thành lập năm 2007 và chính thức khai thác chuyến bay đầu tiên vào ngày Giáng sinh 24/12/2011, Vietjet là một trong các hãng hiếm hoi trên thế giới có lãi ngay từ năm thứ 2 hoạt động"
}