{
    "Url": "http://s.cafef.vn/hose/VMD-cong-ty-co-phan-y-duoc-pham-vimedimex.chn",
    "CenterName": "HSX",
    "Symbol": "VMD",
    "TradeCenterID": 1,
    "ChangePrice": -1.002004008016032,
    "VonHoa": 381.3746196,
    "ChangeVolume": -1.1299435028248588,
    "EPS": 2.11659529747432,
    "PE": 11.6696848138489,
    "Beta": 0.317787519820912,
    "Price": 24.7,
    "UpdatedDate": "/Date(1686037643766)/",
    "FullName": "Công ty cổ phần Y Dược phẩm Vimedimex",
    "ParentCategoryId": 342,
    "Cập nhật": "11:30 Thứ 4, 07/06/2023",
    "Mã công ty": "VMD",
    "Tên công ty": "Công ty cổ phần Y Dược phẩm Vimedimex (HOSE)",
    "Giá điểm": "23.8",
    "Thay đổi": "-1.2 (-4.8%)",
    "Khối lượng": "7,600",
    "Giá tham chiếu": "25",
    "Giá trần": "26.75",
    "Giá sàn": "23.25",
    "Giá mở cửa": "N/A",
    "Giá cao nhất": "N/A",
    "Giá thấp nhất": "24.8",
    "Giao dịch NĐTNN": "Giao dịch NĐTNN",
    "KLGD ròng": "24.8",
    "GT Mua": "0 (Tỷ)",
    "GT Bán": "0 (Tỷ)",
    "Room còn lại": "N/A",
    "(*)   EPS cơ bản (nghìn đồng):": "2.24",
    "EPS pha loãng (nghìn đồng):": "2.24",
    "P/E :": "10.62",
    "Giá trị sổ sách /cp (nghìn đồng):": "22.48",
    "(**) Hệ số beta:": "0.32",
    "KLGD khớp lệnh trung bình 10 phiên:": "9,240",
    "KLCP đang niêm yết:": "15,440,268",
    "KLCP đang lưu hành:": "15,440,268",
    "Vốn hóa thị trường (tỷ đồng):": "386.01",
    "Doanh thu": "8,800 tỷ",
    "Lợi nhuận trước thuế": "23 tỷ",
    "Lợi nhuận sau thuế": "N/A",
    "Cổ tức bằng tiền mặt": "N/A",
    "Cổ tức bằng cổ phiếu": "N/A",
    "Dự kiến tăng vốn lên": "N/A",
    "Giới thiệu công ty": "Ngày 06/11/1984, Công ty Xuất nhập khẩu Y tế được thành lập theo quyết định số 1106/BYT-QĐ của Bộ trưởng Bộ Y tế. Là Doanh nghiệp nhà nước và cũng là Công ty Xuất nhập khẩu đầu tiên của Bộ Y tế nước Cộng hòa xã hội chủ nghĩa Việt Nam, Công ty trực thuộc Liên hiệp các Xí Nghiệp Dược Việt Nam. Ngày 22/04/1993, theo Quyết định số 415/BYT – QĐ của Bộ Trưởng Bộ Y Tế, tên gọi chính thức của Công ty được đổi thành Công ty Xuất Nhập Khẩu Y Tế II TP HCM gọi tắt là VIMEDIMEX II (HCM)."
}