{
    "Url": "http://s.cafef.vn/hose/VND-cong-ty-co-phan-chung-khoan-vndirect.chn",
    "CenterName": "HSX",
    "Symbol": "VND",
    "TradeCenterID": 1,
    "ChangePrice": 3.735632183908059,
    "VonHoa": 21982.0625761,
    "ChangeVolume": 10.783168789704737,
    "EPS": 0.981778931014677,
    "PE": 18.3849942484966,
    "Beta": 1.24327403382701,
    "Price": 18.05,
    "UpdatedDate": "/Date(1686037643766)/",
    "FullName": "Công ty cổ phần Chứng khoán VNDIRECT",
    "ParentCategoryId": 341,
    "Cập nhật": "11:30 Thứ 4, 07/06/2023",
    "Mã công ty": "VND",
    "Tên công ty": "Công ty cổ phần Chứng khoán VNDIRECT (HOSE)",
    "Giá điểm": "19.1",
    "Thay đổi": "-0.2 (-1.04%)",
    "Khối lượng": "15,251,900",
    "Giá tham chiếu": "19.3",
    "Giá trần": "20.65",
    "Giá sàn": "17.95",
    "Giá mở cửa": "19.45",
    "Giá cao nhất": "19.45",
    "Giá thấp nhất": "19",
    "Giao dịch NĐTNN": "Giao dịch NĐTNN",
    "KLGD ròng": "19.45",
    "GT Mua": "10.58 (Tỷ)",
    "GT Bán": "5.49 (Tỷ)",
    "Room còn lại": "N/A",
    "(*)   EPS cơ bản (nghìn đồng):": "1.00",
    "EPS pha loãng (nghìn đồng):": "1.00",
    "P/E :": "19.06",
    "Giá trị sổ sách /cp (nghìn đồng):": "11.92",
    "(**) Hệ số beta:": "1.24",
    "KLGD khớp lệnh trung bình 10 phiên:": "36,326,170",
    "KLCP đang niêm yết:": "1,217,844,009",
    "KLCP đang lưu hành:": "1,217,842,802",
    "Vốn hóa thị trường (tỷ đồng):": "23,504.37",
    "Doanh thu": "50,925 tỷ",
    "Lợi nhuận trước thuế": "3,605 tỷ",
    "Lợi nhuận sau thuế": "2,884 tỷ",
    "Cổ tức bằng tiền mặt": "N/A",
    "Cổ tức bằng cổ phiếu": "N/A",
    "Dự kiến tăng vốn lên": "N/A",
    "Giới thiệu công ty": "Công ty cổ phần Chứng Khoán VNDIRECT được thành lập và hoạt động theo Giấy phép thành lập và hoạt động kinh doanh chứng khoán ngày 16/11/2006. Ngành nghề kinh doanh: môi giới chứng khoán; tự doanh chứng khoán; tư vấn tài chính và đầu tư chứng khoán; lưu ký chứng khoán; bảo lãnh phát hành chứng khoán."
}