{
    "Url": "http://s.cafef.vn/hose/VNE-tong-cong-ty-co-phan-xay-dung-dien-viet-nam.chn",
    "CenterName": "HSX",
    "Symbol": "VNE",
    "TradeCenterID": 1,
    "ChangePrice": -1.2244897959183703,
    "VonHoa": 991.4017993,
    "ChangeVolume": 32.983201699875714,
    "EPS": 0.276098514182745,
    "PE": 43.8249370367535,
    "Beta": 1.31023225445388,
    "Price": 12.1,
    "UpdatedDate": "/Date(1686037643766)/",
    "FullName": "Tổng công ty Cổ phần Xây dựng điện Việt Nam ",
    "ParentCategoryId": 345,
    "Cập nhật": "11:30 Thứ 4, 07/06/2023",
    "Mã công ty": "VNE",
    "Tên công ty": "Tổng công ty Cổ phần Xây dựng điện Việt Nam  (HOSE)",
    "Giá điểm": "12.5",
    "Thay đổi": "-0.1 (-0.79%)",
    "Khối lượng": "136,400",
    "Giá tham chiếu": "12.6",
    "Giá trần": "13.45",
    "Giá sàn": "11.75",
    "Giá mở cửa": "N/A",
    "Giá cao nhất": "N/A",
    "Giá thấp nhất": "12.45",
    "Giao dịch NĐTNN": "Giao dịch NĐTNN",
    "KLGD ròng": "12.6",
    "GT Mua": "0.01 (Tỷ)",
    "GT Bán": "0 (Tỷ)",
    "Room còn lại": "N/A",
    "(*)   EPS cơ bản (nghìn đồng):": "0.31",
    "EPS pha loãng (nghìn đồng):": "0.28",
    "P/E :": "40.97",
    "Giá trị sổ sách /cp (nghìn đồng):": "11.86",
    "(**) Hệ số beta:": "1.31",
    "KLGD khớp lệnh trung bình 10 phiên:": "630,420",
    "KLCP đang niêm yết:": "90,432,953",
    "KLCP đang lưu hành:": "81,934,033",
    "Vốn hóa thị trường (tỷ đồng):": "1,032.37",
    "Doanh thu": "2,920.65 tỷ",
    "Lợi nhuận trước thuế": "127.88 tỷ",
    "Lợi nhuận sau thuế": "102.3 tỷ",
    "Cổ tức bằng tiền mặt": "N/A",
    "Cổ tức bằng cổ phiếu": "N/A",
    "Dự kiến tăng vốn lên": "N/A",
    "Giới thiệu công ty": "Công ty xây lắp điện 3 được thành lập trên cơ sở hợp nhất hai Công ty là Công ty Xây lắp đường dây và Trạm 3 với Công ty Xây lắp đường dây và Trạm 5. Ngày 30/9/2002, Công ty xây lắp điện 3 được tổ chức lại thành Công ty mẹ Nhà nước trực thuộc Bộ Công nghiệp thí điểm hoạt động theo mô hình Công ty mẹ Công ty con. Từ tháng 12/2005: Công ty Xây lắp điện 3 chuyển thành Tổng Công ty cổ phần Xây dựng điện Việt Nam."
}