{
    "Url": "http://s.cafef.vn/hose/VNG-cong-ty-co-phan-du-lich-thanh-thanh-cong.chn",
    "CenterName": "HSX",
    "Symbol": "VNG",
    "TradeCenterID": 1,
    "ChangePrice": 3.370786516853921,
    "VonHoa": 894.9447936,
    "ChangeVolume": -47.2185720543145,
    "EPS": 0.0498368140843346,
    "PE": 184.602490529022,
    "Beta": -0.0209868482417685,
    "Price": 9.2,
    "UpdatedDate": "/Date(1686037643766)/",
    "FullName": "Công ty Cổ phần Du lịch Thành Thành Công",
    "ParentCategoryId": 346,
    "Cập nhật": "11:30 Thứ 4, 07/06/2023",
    "Mã công ty": "VNG",
    "Tên công ty": "Công ty Cổ phần Du lịch Thành Thành Công (HOSE)",
    "Giá điểm": "9.18",
    "Thay đổi": "0.07 (0.77%)",
    "Khối lượng": "17,700",
    "Giá tham chiếu": "9.11",
    "Giá trần": "9.74",
    "Giá sàn": "8.48",
    "Giá mở cửa": "9.3",
    "Giá cao nhất": "N/A",
    "Giá thấp nhất": "9.1",
    "Giao dịch NĐTNN": "Giao dịch NĐTNN",
    "KLGD ròng": "9.3",
    "GT Mua": "0 (Tỷ)",
    "GT Bán": "0.07 (Tỷ)",
    "Room còn lại": "N/A",
    "(*)   EPS cơ bản (nghìn đồng):": "0.05",
    "EPS pha loãng (nghìn đồng):": "0.05",
    "P/E :": "179.80",
    "Giá trị sổ sách /cp (nghìn đồng):": "11.44",
    "(**) Hệ số beta:": "-0.02",
    "KLGD khớp lệnh trung bình 10 phiên:": "38,190",
    "KLCP đang niêm yết:": "97,276,608",
    "KLCP đang lưu hành:": "97,276,608",
    "Vốn hóa thị trường (tỷ đồng):": "886.19",
    "Doanh thu": "788 tỷ",
    "Lợi nhuận trước thuế": "18 tỷ",
    "Lợi nhuận sau thuế": "N/A",
    "Cổ tức bằng tiền mặt": "N/A",
    "Cổ tức bằng cổ phiếu": "N/A",
    "Dự kiến tăng vốn lên": "N/A",
    "Giới thiệu công ty": "Công ty Cổ phần Du lịch Thành Thành Công (TTC Tourist), tiền thân là Công ty Xây dựng và Phát triển Đô thị tỉnh Bà Rịa - Vũng Tàu được thành lập từ năm 1990. Trải qua 26 năm hình thành và phát triển, TTC Tourist tự hào sở hữu nhiều thương hiệu được du khách trong và ngoài nước biết đến, bao gồm: Trung tâm Lữ hành Công ty Cổ phần Du lịch Thành Thành Công (TTC Travel) - dịch vụ lữ hành, TTC Hotel - chuỗi các khách sạn và resort 3 - 4 sao trải dài từ Nha Trang đến Cần Thơ, TTC Safari - tổ hợp khu du lịch sinh thái đạt chứng chỉ quốc tế IAAPA. Hiện tại, vốn điều lệ của Công ty là 130 tỷ đồng và từ năm 2009, Công ty chính thức niêm yết cổ phiếu trên thị trường chứng khoán với mã chứng khoán VNG."
}