{
    "Url": "http://s.cafef.vn/hose/VNL-cong-ty-co-phan-logistics-vinalink.chn",
    "CenterName": "HSX",
    "Symbol": "VNL",
    "TradeCenterID": 1,
    "ChangePrice": 0.9478672985781956,
    "VonHoa": 200.7951,
    "ChangeVolume": -93.58974358974359,
    "EPS": 4.26232227599584,
    "PE": 4.99727580900098,
    "Beta": 0.00970058763175077,
    "Price": 21.3,
    "UpdatedDate": "/Date(1686037643766)/",
    "FullName": "Công ty cổ phần Logistics Vinalink",
    "ParentCategoryId": 343,
    "Cập nhật": "11:30 Thứ 4, 07/06/2023",
    "Mã công ty": "VNL",
    "Tên công ty": "Công ty cổ phần Logistics Vinalink (HOSE)",
    "Giá điểm": "21.45",
    "Thay đổi": "0.15 (0.7%)",
    "Khối lượng": "100",
    "Giá tham chiếu": "21.3",
    "Giá trần": "22.75",
    "Giá sàn": "19.85",
    "Giá mở cửa": "21.45",
    "Giá cao nhất": "21.45",
    "Giá thấp nhất": "N/A",
    "Giao dịch NĐTNN": "Giao dịch NĐTNN",
    "KLGD ròng": "21.45",
    "GT Mua": "0 (Tỷ)",
    "GT Bán": "0 (Tỷ)",
    "Room còn lại": "N/A",
    "(*)   EPS cơ bản (nghìn đồng):": "4.44",
    "EPS pha loãng (nghìn đồng):": "4.44",
    "P/E :": "4.83",
    "Giá trị sổ sách /cp (nghìn đồng):": "26.56",
    "(**) Hệ số beta:": "0.01",
    "KLGD khớp lệnh trung bình 10 phiên:": "8,940",
    "KLCP đang niêm yết:": "9,427,000",
    "KLCP đang lưu hành:": "9,427,000",
    "Vốn hóa thị trường (tỷ đồng):": "200.80",
    "Doanh thu": "1,200 tỷ",
    "Lợi nhuận trước thuế": "51 tỷ",
    "Lợi nhuận sau thuế": "N/A",
    "Cổ tức bằng tiền mặt": "12 %",
    "Cổ tức bằng cổ phiếu": "N/A",
    "Dự kiến tăng vốn lên": "N/A",
    "Giới thiệu công ty": "Công ty Cổ phần Logistics Vinalink là tên mới được thay đổi kể từ ngày 24/5/2014 (theo Giấy chứng nhận đăng ký kinh doanh số: 0301776205 do Phòng Đăng ký kinh doanh Sở Kế hoạch đầu tư TPHCM cấp thay đổi lần thứ 10 ngày 22/5/2014) của Công ty CP Giao nhận Vận tải và Thương mại (tên gọi tắt là Vinalink). Công ty Vinalink được thành lập theo quyết định của Bộ trưởng Bộ Thương mại trên cơ sở cổ phần hóa một phần Công ty Giao nhận Kho vận Ngoại thương TP. Hồ Chí Minh (Vinatrans) và chính thức họat động theo mô hình công ty cổ phần từ ngày 01/9/1999"
}