{
    "Url": "http://s.cafef.vn/hose/VNM-cong-ty-co-phan-sua-viet-nam.chn",
    "CenterName": "HSX",
    "Symbol": "VNM",
    "TradeCenterID": 1,
    "ChangePrice": 0,
    "VonHoa": 138982.0969425,
    "ChangeVolume": -17.607475591709093,
    "EPS": 3.810869771098,
    "PE": 17.450084624865,
    "Beta": 0.607592575319467,
    "Price": 66.5,
    "UpdatedDate": "/Date(1686037643766)/",
    "FullName": "Công ty Cổ phần Sữa Việt Nam ",
    "ParentCategoryId": 339,
    "Cập nhật": "11:30 Thứ 4, 07/06/2023",
    "Mã công ty": "VNM",
    "Tên công ty": "Công ty Cổ phần Sữa Việt Nam  (HOSE)",
    "Giá điểm": "66.4",
    "Thay đổi": "N/A",
    "Khối lượng": "1,657,500",
    "Giá tham chiếu": "66.4",
    "Giá trần": "71",
    "Giá sàn": "61.8",
    "Giá mở cửa": "66.5",
    "Giá cao nhất": "66.7",
    "Giá thấp nhất": "66.3",
    "Giao dịch NĐTNN": "Giao dịch NĐTNN",
    "KLGD ròng": "66.7",
    "GT Mua": "10.21 (Tỷ)",
    "GT Bán": "64.71 (Tỷ)",
    "Room còn lại": "N/A",
    "(*)   EPS cơ bản (nghìn đồng):": "3.88",
    "EPS pha loãng (nghìn đồng):": "3.88",
    "P/E :": "17.12",
    "Giá trị sổ sách /cp (nghìn đồng):": "14.90",
    "(**) Hệ số beta:": "0.61",
    "KLGD khớp lệnh trung bình 10 phiên:": "1,977,090",
    "KLCP đang niêm yết:": "2,089,955,445",
    "KLCP đang lưu hành:": "2,089,956,345",
    "Vốn hóa thị trường (tỷ đồng):": "138,773.10",
    "Doanh thu": "63,380 tỷ",
    "Lợi nhuận trước thuế": "10,496 tỷ",
    "Lợi nhuận sau thuế": "8,622 tỷ",
    "Cổ tức bằng tiền mặt": "N/A",
    "Cổ tức bằng cổ phiếu": "N/A",
    "Dự kiến tăng vốn lên": "N/A",
    "Giới thiệu công ty": "Vinamilk được thành lập vào ngày 20/08/1976, dựa trên cơ sở tiếp quản 3 nhà máy sữa do chế độ cũ để lại:Nhà máy sữa Thống Nhất (tiền thân là nhà máy Foremost); Nhà máy sữa Trường Thọ (tiền thân là nhà máy Cosuvina); Nhà máy sữa Bột Dielac.Vào tháng 3 năm 1994, Vinamilk chính thức khánh thành Nhà máy sữa đầu tiên ở Hà Nội."
}