{
    "Url": "http://s.cafef.vn/hose/VNS-cong-ty-co-phan-anh-duong-viet-nam.chn",
    "CenterName": "HSX",
    "Symbol": "VNS",
    "TradeCenterID": 1,
    "ChangePrice": 4.04624277456647,
    "VonHoa": 1221.465456,
    "ChangeVolume": -70.69271758436945,
    "EPS": 3.15735928705496,
    "PE": 5.70096665077023,
    "Beta": 0.465441656561888,
    "Price": 18,
    "UpdatedDate": "/Date(1686037643766)/",
    "FullName": "Công ty Cổ phần Ánh Dương Việt Nam ",
    "ParentCategoryId": 343,
    "Cập nhật": "11:30 Thứ 4, 07/06/2023",
    "Mã công ty": "VNS",
    "Tên công ty": "Công ty Cổ phần Ánh Dương Việt Nam  (HOSE)",
    "Giá điểm": "18.1",
    "Thay đổi": "0.1 (0.56%)",
    "Khối lượng": "1,700",
    "Giá tham chiếu": "18",
    "Giá trần": "19.25",
    "Giá sàn": "16.75",
    "Giá mở cửa": "18.1",
    "Giá cao nhất": "18.3",
    "Giá thấp nhất": "N/A",
    "Giao dịch NĐTNN": "Giao dịch NĐTNN",
    "KLGD ròng": "18.3",
    "GT Mua": "0 (Tỷ)",
    "GT Bán": "0 (Tỷ)",
    "Room còn lại": "N/A",
    "(*)   EPS cơ bản (nghìn đồng):": "3.31",
    "EPS pha loãng (nghìn đồng):": "3.31",
    "P/E :": "5.48",
    "Giá trị sổ sách /cp (nghìn đồng):": "19.59",
    "(**) Hệ số beta:": "0.47",
    "KLGD khớp lệnh trung bình 10 phiên:": "60,160",
    "KLCP đang niêm yết:": "67,859,192",
    "KLCP đang lưu hành:": "67,859,192",
    "Vốn hóa thị trường (tỷ đồng):": "1,221.47",
    "Doanh thu": "1,345 tỷ",
    "Lợi nhuận trước thuế": "209.42 tỷ",
    "Lợi nhuận sau thuế": "209.42 tỷ",
    "Cổ tức bằng tiền mặt": "N/A",
    "Cổ tức bằng cổ phiếu": "N/A",
    "Dự kiến tăng vốn lên": "N/A",
    "Giới thiệu công ty": "Tiền thân của Công ty là Công ty TNHH Thương Mại Dịch vụ Lữ hành Tư Vấn Đầu Tư Ánh Dương Việt Nam, được thành lập vào ngày 15/6/1995, với vốn điều lệ là 300 triệu đồng. Ngày 27/01/2003, hoạt động kinh doanh Taxi được chính thức đưa vào hoạt động với thương hiệu TAXI VINASUN. Ngày 17/7/2003, Công ty chuyển đổi thành Công ty Cổ Phần Ánh Dương Việt Nam với vốn điều lệ là 8 tỷ đồng."
}