{
    "Url": "http://s.cafef.vn/hose/VOS-cong-ty-co-phan-van-tai-bien-viet-nam.chn",
    "CenterName": "HSX",
    "Symbol": "VOS",
    "TradeCenterID": 1,
    "ChangePrice": 8.547008547008547,
    "VonHoa": 1778,
    "ChangeVolume": -23.318509284010403,
    "EPS": 3.21341222698524,
    "PE": 3.95218512376014,
    "Beta": 1.22731088517862,
    "Price": 12.7,
    "UpdatedDate": "/Date(1686037643766)/",
    "FullName": "Công ty Cổ phần Vận tải biển Việt Nam",
    "ParentCategoryId": 343,
    "Cập nhật": "11:30 Thứ 4, 07/06/2023",
    "Mã công ty": "VOS",
    "Tên công ty": "Công ty Cổ phần Vận tải biển Việt Nam (HOSE)",
    "Giá điểm": "12.6",
    "Thay đổi": "-0.05 (-0.4%)",
    "Khối lượng": "883,000",
    "Giá tham chiếu": "12.65",
    "Giá trần": "13.5",
    "Giá sàn": "11.8",
    "Giá mở cửa": "12.75",
    "Giá cao nhất": "12.95",
    "Giá thấp nhất": "12.5",
    "Giao dịch NĐTNN": "Giao dịch NĐTNN",
    "KLGD ròng": "12.95",
    "GT Mua": "0 (Tỷ)",
    "GT Bán": "0.11 (Tỷ)",
    "Room còn lại": "N/A",
    "(*)   EPS cơ bản (nghìn đồng):": "3.61",
    "EPS pha loãng (nghìn đồng):": "3.61",
    "P/E :": "3.49",
    "Giá trị sổ sách /cp (nghìn đồng):": "10.55",
    "(**) Hệ số beta:": "1.23",
    "KLGD khớp lệnh trung bình 10 phiên:": "2,750,370",
    "KLCP đang niêm yết:": "140,000,000",
    "KLCP đang lưu hành:": "140,000,000",
    "Vốn hóa thị trường (tỷ đồng):": "1,771.00",
    "Doanh thu": "1,597 tỷ",
    "Lợi nhuận trước thuế": "197.7 tỷ",
    "Lợi nhuận sau thuế": "N/A",
    "Cổ tức bằng tiền mặt": "N/A",
    "Cổ tức bằng cổ phiếu": "N/A",
    "Dự kiến tăng vốn lên": "N/A",
    "Giới thiệu công ty": "Công ty Vận tải biển Việt Nam, tiền thân của Công ty Cổ phần Vận tải biển Việt Nam được thành lập ngày 1/7/1970 theo Quyết định của Bộ Giao thông Vận tải trên cơ sở hợp nhất ba đội tàu Giải Phóng, Tự Lực, Quyết Thắng và một Xưởng vật tư. Công ty Vận tải biển Việt Nam (VOSCO) được thành lập lại theo Quyết định số 29/TTG ngày 26/10/1993 của Thủ tướng Chính phủ."
}