{
    "Url": "http://s.cafef.vn/hose/VPB-ngan-hang-thuong-mai-co-phan-viet-nam-thinh-vuong.chn",
    "CenterName": "HSX",
    "Symbol": "VPB",
    "TradeCenterID": 1,
    "ChangePrice": 1.542416452442163,
    "VonHoa": 132585.77901975,
    "ChangeVolume": -30.529604178502815,
    "EPS": 1.82120627856368,
    "PE": 10.8444607469595,
    "Beta": 0,
    "Price": 19.75,
    "UpdatedDate": "/Date(1686037643766)/",
    "FullName": "Ngân hàng Thương mại Cổ phần Việt Nam Thịnh Vượng",
    "ParentCategoryId": 341,
    "Cập nhật": "11:30 Thứ 4, 07/06/2023",
    "Giá điểm": "19.8",
    "Thay đổi": "-0.05 (-0.25%)",
    "Khối lượng": "10,358,600",
    "Giá tham chiếu": "19.85",
    "Giá trần": "21.2",
    "Giá sàn": "18.5",
    "Giá mở cửa": "20",
    "Giá cao nhất": "20.1",
    "Giá thấp nhất": "19.8",
    "Giao dịch NĐTNN": "Giao dịch NĐTNN",
    "KLGD ròng": "20.1",
    "GT Mua": "7.97 (Tỷ)",
    "GT Bán": "0.66 (Tỷ)",
    "Room còn lại": "N/A",
    "(*)   EPS cơ bản (nghìn đồng):": "2.73",
    "EPS pha loãng (nghìn đồng):": "3.02",
    "P/E :": "7.25",
    "Giá trị sổ sách /cp (nghìn đồng):": "14.42",
    "(**) Hệ số beta:": "n/a",
    "KLGD khớp lệnh trung bình 10 phiên:": "10,921,230",
    "KLCP đang niêm yết:": "6,072,960,266",
    "KLCP đang lưu hành:": "6,713,204,001",
    "Vốn hóa thị trường (tỷ đồng):": "133,257.10",
    "Tổng tài sản": "877.460 tỷ đồng",
    "Tiền gửi khách hàng và giấy tờ có giá": "518.192 tỷ đồng",
    "Dư nợ cấp tín dụng": "635.972 tỷ đồng",
    "Tỷ lệ nợ xấu của Ngân hàng riêng lẻ": "<3%",
    "Lợi nhuận trước thuế": "24.003 tỷ đồng"
}