{
    "Url": "http://s.cafef.vn/hose/VPD-cong-ty-co-phan-phat-trien-dien-luc-viet-nam.chn",
    "CenterName": "HSX",
    "Symbol": "VPD",
    "TradeCenterID": 1,
    "ChangePrice": 0.19230769230769504,
    "VonHoa": 2776.65983545,
    "ChangeVolume": -39.60674157303371,
    "EPS": 2.56010622709556,
    "PE": 10.1753590238924,
    "Beta": 0,
    "Price": 26.05,
    "UpdatedDate": "/Date(1686037643766)/",
    "FullName": "Công ty cổ phần Phát triển Điện lực Việt Nam",
    "ParentCategoryId": 340,
    "Cập nhật": "11:30 Thứ 4, 07/06/2023",
    "Mã công ty": "VPD",
    "Tên công ty": "Công ty cổ phần Phát triển Điện lực Việt Nam (HOSE)",
    "Giá điểm": "26.8",
    "Thay đổi": "0.2 (0.75%)",
    "Khối lượng": "4,000",
    "Giá tham chiếu": "26.6",
    "Giá trần": "28.45",
    "Giá sàn": "24.75",
    "Giá mở cửa": "26.8",
    "Giá cao nhất": "N/A",
    "Giá thấp nhất": "N/A",
    "Giao dịch NĐTNN": "Giao dịch NĐTNN",
    "KLGD ròng": "26.8",
    "GT Mua": "0.05 (Tỷ)",
    "GT Bán": "0 (Tỷ)",
    "Room còn lại": "N/A",
    "(*)   EPS cơ bản (nghìn đồng):": "2.67",
    "EPS pha loãng (nghìn đồng):": "2.67",
    "P/E :": "10.04",
    "Giá trị sổ sách /cp (nghìn đồng):": "14.77",
    "(**) Hệ số beta:": "n/a",
    "KLGD khớp lệnh trung bình 10 phiên:": "8,990",
    "KLCP đang niêm yết:": "106,589,629",
    "KLCP đang lưu hành:": "106,589,629",
    "Vốn hóa thị trường (tỷ đồng):": "2,835.28",
    "Doanh thu": "524.63 tỷ",
    "Lợi nhuận trước thuế": "161.51 tỷ",
    "Lợi nhuận sau thuế": "N/A",
    "Cổ tức bằng tiền mặt": "14 %",
    "Cổ tức bằng cổ phiếu": "N/A",
    "Dự kiến tăng vốn lên": "N/A",
    "Giới thiệu công ty": "CTCP Phát triển Điện lực Việt Nam được Sở kế hoạch và Đầu tư thành phố HN cấp Giấy chứng nhận đăng ký kinh doanh lần đầu ngày 03/06/2002 với 5 cổ đông sáng lập. Ngành nghề kinh doanh: sản xuất, truyền tải và phân phối điện; hoạt động kiến trúc và tư vấn có liên quan; kinh doanh bất động sản..."
}