{
    "Url": "http://s.cafef.vn/hose/VPG-cong-ty-co-phan-dau-tu-thuong-mai-xuat-nhap-khau-viet-phat.chn",
    "CenterName": "HSX",
    "Symbol": "VPG",
    "TradeCenterID": 1,
    "ChangePrice": 8.588957055214715,
    "VonHoa": 1419.5105472,
    "ChangeVolume": 32.935869511410324,
    "EPS": 0.764442559977015,
    "PE": 23.1541268457531,
    "Beta": 0,
    "Price": 17.7,
    "UpdatedDate": "/Date(1686037643766)/",
    "FullName": "Công ty Cổ phần Đầu tư Thương mại Xuất nhập khẩu Việt Phát",
    "ParentCategoryId": 344,
    "Cập nhật": "11:30 Thứ 4, 07/06/2023",
    "Mã công ty": "VPG",
    "Tên công ty": "Công ty Cổ phần Đầu tư Thương mại Xuất nhập khẩu Việt Phát (HOSE)",
    "Giá điểm": "19.15",
    "Thay đổi": "0.95 (5.22%)",
    "Khối lượng": "1,807,800",
    "Giá tham chiếu": "18.2",
    "Giá trần": "19.45",
    "Giá sàn": "16.95",
    "Giá mở cửa": "18.25",
    "Giá cao nhất": "18.25",
    "Giá thấp nhất": "N/A",
    "Giao dịch NĐTNN": "Giao dịch NĐTNN",
    "KLGD ròng": "19.45",
    "GT Mua": "0 (Tỷ)",
    "GT Bán": "0.06 (Tỷ)",
    "Room còn lại": "N/A",
    "(*)   EPS cơ bản (nghìn đồng):": "0.78",
    "EPS pha loãng (nghìn đồng):": "0.87",
    "P/E :": "24.56",
    "Giá trị sổ sách /cp (nghìn đồng):": "19.24",
    "(**) Hệ số beta:": "n/a",
    "KLGD khớp lệnh trung bình 10 phiên:": "2,747,720",
    "KLCP đang niêm yết:": "72,078,648",
    "KLCP đang lưu hành:": "80,198,336",
    "Vốn hóa thị trường (tỷ đồng):": "1,459.61",
    "Doanh thu": "5,500 tỷ",
    "Lợi nhuận trước thuế": "N/A",
    "Lợi nhuận sau thuế": "110 tỷ",
    "Cổ tức bằng tiền mặt": "10 %",
    "Cổ tức bằng cổ phiếu": "N/A",
    "Dự kiến tăng vốn lên": "N/A",
    "Giới thiệu công ty": "Thành lập từ năm 2007, Khởi đầu từ một Công ty dịch vụ vận tải chuyên vận tải nội địa, Việt Phát đã nhanh chóng vươn lên trở thành một trong những Công ty dẫn đầu về sản xuất, kinh doanh các nguyên liệu khoáng sản và dịch vụ vận tải nội địa Việt Nam.Sau gần 10 năm xây dựng và phát triển, Công ty đã không ngừng đẩy mạnh phát huy lĩnh vực kinh doanh truyền thống, đồng thời mở rộng thêm nhiều mảng kinh doanh, sản xuất khác, tạo những bước đột phá để dần khẳng định vị thế của một doanh nghiệp hàng đầu Việt Nam về kinh doanh, sản xuất khoáng sản, vận tải, xây dựng và dịch vụ xuất nhập khẩu."
}