{
    "Url": "http://s.cafef.vn/hose/VPH-cong-ty-co-phan-van-phat-hung.chn",
    "CenterName": "HSX",
    "Symbol": "VPH",
    "TradeCenterID": 1,
    "ChangePrice": 4.310344827586207,
    "VonHoa": 576.91469,
    "ChangeVolume": 12.877430910951894,
    "EPS": 0.102130742991512,
    "PE": 59.2377948381597,
    "Beta": 0.589870347915306,
    "Price": 6.05,
    "UpdatedDate": "/Date(1686037643766)/",
    "FullName": "Công ty Cổ phần Vạn Phát Hưng",
    "ParentCategoryId": 345,
    "Cập nhật": "11:30 Thứ 4, 07/06/2023",
    "Mã công ty": "VPH",
    "Tên công ty": "Công ty Cổ phần Vạn Phát Hưng (HOSE)",
    "Giá điểm": "6.1",
    "Thay đổi": "0.1 (1.67%)",
    "Khối lượng": "171,600",
    "Giá tham chiếu": "6",
    "Giá trần": "6.42",
    "Giá sàn": "5.58",
    "Giá mở cửa": "6.13",
    "Giá cao nhất": "N/A",
    "Giá thấp nhất": "5.94",
    "Giao dịch NĐTNN": "Giao dịch NĐTNN",
    "KLGD ròng": "6.13",
    "GT Mua": "0 (Tỷ)",
    "GT Bán": "0.05 (Tỷ)",
    "Room còn lại": "N/A",
    "(*)   EPS cơ bản (nghìn đồng):": "0.11",
    "EPS pha loãng (nghìn đồng):": "0.11",
    "P/E :": "55.46",
    "Giá trị sổ sách /cp (nghìn đồng):": "10.64",
    "(**) Hệ số beta:": "0.59",
    "KLGD khớp lệnh trung bình 10 phiên:": "305,900",
    "KLCP đang niêm yết:": "95,357,800",
    "KLCP đang lưu hành:": "95,357,800",
    "Vốn hóa thị trường (tỷ đồng):": "572.15",
    "Doanh thu": "244.1 tỷ",
    "Lợi nhuận trước thuế": "N/A",
    "Lợi nhuận sau thuế": "69.2 tỷ",
    "Cổ tức bằng tiền mặt": "6 %",
    "Cổ tức bằng cổ phiếu": "N/A",
    "Dự kiến tăng vốn lên": "N/A",
    "Giới thiệu công ty": "Công ty Cổ phần Vạn Phát Hưng tiền thân là Công ty TNHH Vạn Phát Hưng được thành lập 09/09/1999 bởi hai sáng lập viên là ông Võ Anh Tuấn và ông Trần Văn Thành. Tháng 10/2006, Công ty TNHH Vạn Phát Hưng được chuyển đổi thành Công ty Cổ phần Vạn Phát Hưng theo giấy CNĐKKD số 4103005360 do Sở Kế hoạch và Đầu tư Thành Phố Hồ Chí Minh Cấp ngày 4/10/2006, Vốn điều lệ 135 tỷ đồng."
}