{
    "Url": "http://s.cafef.vn/hose/VPI-cong-ty-co-phan-dau-tu-van-phu-invest.chn",
    "CenterName": "HSX",
    "Symbol": "VPI",
    "TradeCenterID": 1,
    "ChangePrice": -0.929368029739777,
    "VonHoa": 0,
    "ChangeVolume": -18.817934782608695,
    "EPS": Infinity,
    "PE": 0,
    "Beta": 0,
    "Price": 53.3,
    "UpdatedDate": "/Date(1686037643766)/",
    "FullName": "Công ty Cổ phần Đầu tư Văn Phú - Invest",
    "ParentCategoryId": 345,
    "Cập nhật": "11:30 Thứ 4, 07/06/2023",
    "Mã công ty": "VPI",
    "Tên công ty": "Công ty Cổ phần Đầu tư Văn Phú - Invest (HOSE)",
    "Giá điểm": "54.2",
    "Thay đổi": "0.2 (0.37%)",
    "Khối lượng": "408,700",
    "Giá tham chiếu": "54",
    "Giá trần": "57.7",
    "Giá sàn": "50.3",
    "Giá mở cửa": "54.1",
    "Giá cao nhất": "54.3",
    "Giá thấp nhất": "53.9",
    "Giao dịch NĐTNN": "Giao dịch NĐTNN",
    "KLGD ròng": "54.3",
    "GT Mua": "0 (Tỷ)",
    "GT Bán": "0 (Tỷ)",
    "Room còn lại": "N/A",
    "(*)   EPS cơ bản (nghìn đồng):": "n/a",
    "EPS pha loãng (nghìn đồng):": "n/a",
    "P/E :": "n/a",
    "Giá trị sổ sách /cp (nghìn đồng):": "n/a",
    "(**) Hệ số beta:": "n/a",
    "KLGD khớp lệnh trung bình 10 phiên:": "772,630",
    "KLCP đang niêm yết:": "n/a",
    "KLCP đang lưu hành:": "n/a",
    "Vốn hóa thị trường (tỷ đồng):": "n/a",
    "Doanh thu": "2,200 tỷ",
    "Lợi nhuận trước thuế": "680 tỷ",
    "Lợi nhuận sau thuế": "550 tỷ",
    "Cổ tức bằng tiền mặt": "N/A",
    "Cổ tức bằng cổ phiếu": "N/A",
    "Dự kiến tăng vốn lên": "N/A",
    "Giới thiệu công ty": "Được hình thành và phát triển từ năm 2003 với tiền thân là Chi nhánh tại Hà Nội của Công ty Đầu tư Xây dựng và Kinh doanh nhà Quảng Ninh, đến nay Công ty Cổ phần Đầu tư Văn Phú - Invest đã trở thành một thương hiệu uy tín có nhiều dự án lớn trong các lĩnh vực tư vấn đầu tư, kinh doanh, xây dựng và phát triển bất động sản."
}