{
    "Url": "http://s.cafef.vn/hose/VPS-ctcp-thuoc-sat-trung-viet-nam.chn",
    "CenterName": "HSX",
    "Symbol": "VPS",
    "TradeCenterID": 1,
    "ChangePrice": 4.525386313465785,
    "VonHoa": 231.64370024,
    "ChangeVolume": -89.79591836734694,
    "EPS": 0.593999221651261,
    "PE": 15.9427818334076,
    "Beta": 0,
    "Price": 9.47,
    "UpdatedDate": "/Date(1686037643766)/",
    "FullName": "CTCP Thuốc sát trùng Việt Nam",
    "ParentCategoryId": 338,
    "Cập nhật": "11:30 Thứ 4, 07/06/2023",
    "Mã công ty": "VPS",
    "Tên công ty": "CTCP Thuốc sát trùng Việt Nam (HOSE)",
    "Giá điểm": "9.46",
    "Thay đổi": "0.23 (2.49%)",
    "Khối lượng": "1,900",
    "Giá tham chiếu": "9.23",
    "Giá trần": "9.87",
    "Giá sàn": "8.59",
    "Giá mở cửa": "9.46",
    "Giá cao nhất": "N/A",
    "Giá thấp nhất": "9.12",
    "Giao dịch NĐTNN": "Giao dịch NĐTNN",
    "KLGD ròng": "9.46",
    "GT Mua": "0 (Tỷ)",
    "GT Bán": "0 (Tỷ)",
    "Room còn lại": "N/A",
    "(*)   EPS cơ bản (nghìn đồng):": "0.62",
    "EPS pha loãng (nghìn đồng):": "0.62",
    "P/E :": "15.29",
    "Giá trị sổ sách /cp (nghìn đồng):": "12.95",
    "(**) Hệ số beta:": "n/a",
    "KLGD khớp lệnh trung bình 10 phiên:": "920",
    "KLCP đang niêm yết:": "24,460,792",
    "KLCP đang lưu hành:": "24,460,792",
    "Vốn hóa thị trường (tỷ đồng):": "225.77",
    "Doanh thu": "625.6 tỷ",
    "Lợi nhuận trước thuế": "22 tỷ",
    "Lợi nhuận sau thuế": "N/A",
    "Cổ tức bằng tiền mặt": "N/A",
    "Cổ tức bằng cổ phiếu": "N/A",
    "Dự kiến tăng vốn lên": "244.61 tỷ",
    "Giới thiệu công ty": "Công ty Cổ phần Thuốc sát trùng Việt Nam - VIPESCO là nhà sản xuất nông dược uy tín, gắn bó lâu dài cùng sự phát triển của nền nông nghiệp nước nhà với lịch sử gần 40 năm hình thành phát triển. Được thành lập vào năm 1976, Công ty Cổ phần Thuốc sát trùng Việt Nam có tên gọi ban đầu là Công ty Thuốc sát trùng miền Nam, được hình thành từ các xí nghiệp sản xuất thuốc BVTV tại miền Nam."
}