{
    "Url": "http://s.cafef.vn/hose/VRE-cong-ty-co-phan-vincom-retail.chn",
    "CenterName": "HSX",
    "Symbol": "VRE",
    "TradeCenterID": 1,
    "ChangePrice": -2.1660649819494506,
    "VonHoa": 61579.828911,
    "ChangeVolume": -21.265097091550683,
    "EPS": 1.44529151842977,
    "PE": 18.7505424714889,
    "Beta": 0,
    "Price": 27.1,
    "UpdatedDate": "/Date(1686037643766)/",
    "FullName": "Công ty Cổ phần Vincom Retail ",
    "ParentCategoryId": 345,
    "Cập nhật": "11:30 Thứ 4, 07/06/2023",
    "Mã công ty": "VRE",
    "Tên công ty": "Công ty Cổ phần Vincom Retail  (HOSE)",
    "Giá điểm": "27.25",
    "Thay đổi": "-0.1 (-0.37%)",
    "Khối lượng": "1,616,300",
    "Giá tham chiếu": "27.35",
    "Giá trần": "29.25",
    "Giá sàn": "25.45",
    "Giá mở cửa": "27.4",
    "Giá cao nhất": "27.45",
    "Giá thấp nhất": "27.2",
    "Giao dịch NĐTNN": "Giao dịch NĐTNN",
    "KLGD ròng": "27.45",
    "GT Mua": "5.02 (Tỷ)",
    "GT Bán": "10.72 (Tỷ)",
    "Room còn lại": "N/A",
    "(*)   EPS cơ bản (nghìn đồng):": "1.49",
    "EPS pha loãng (nghìn đồng):": "1.45",
    "P/E :": "18.31",
    "Giá trị sổ sách /cp (nghìn đồng):": "14.33",
    "(**) Hệ số beta:": "n/a",
    "KLGD khớp lệnh trung bình 10 phiên:": "2,984,970",
    "KLCP đang niêm yết:": "2,328,818,410",
    "KLCP đang lưu hành:": "2,272,318,410",
    "Vốn hóa thị trường (tỷ đồng):": "62,147.91",
    "Doanh thu": "10,350 tỷ",
    "Lợi nhuận trước thuế": "N/A",
    "Lợi nhuận sau thuế": "4,680 tỷ",
    "Cổ tức bằng tiền mặt": "N/A",
    "Cổ tức bằng cổ phiếu": "N/A",
    "Dự kiến tăng vốn lên": "N/A",
    "Giới thiệu công ty": "Công ty Vincom Retail được thành lập ban đầu vào ngày 11/4/2012 dưới hình thức công ty trách nhiệm hữu hạn. Trước đó, Tập đoàn Vingroup bắt đầu phát triển các TTTM thương hiệu “Vincom” từ năm 2004. Các TTTM này góp phần quan trọng trong quy hoạch phát triển tổng thể các dự án phức hợp và khu căn hộ do Tập đoàn Vingroup phát triển. Từ năm 2013, Vincom Retail được định hướng là đơn vị phát triển và vận hành hệ thống TTTM mang thương hiệu Vincom của Tập đoàn, đồng thời cũng được chuyển thành công ty cổ phần kể từ ngày 14/5/2013."
}