{
    "Url": "http://s.cafef.vn/hose/VSC-cong-ty-co-phan-tap-doan-container-viet-nam.chn",
    "CenterName": "HSX",
    "Symbol": "VSC",
    "TradeCenterID": 1,
    "ChangePrice": 2.0618556701030855,
    "VonHoa": 3601.7010909,
    "ChangeVolume": 62.406259432100484,
    "EPS": 2.05618317650899,
    "PE": 14.4442384021569,
    "Beta": 0.546777352858875,
    "Price": 29.7,
    "UpdatedDate": "/Date(1686037643766)/",
    "FullName": "Công ty cổ phần Tập đoàn Container Việt Nam",
    "ParentCategoryId": 343,
    "Cập nhật": "11:30 Thứ 4, 07/06/2023",
    "Mã công ty": "VSC",
    "Tên công ty": "Công ty cổ phần Tập đoàn Container Việt Nam (HOSE)",
    "Giá điểm": "29.4",
    "Thay đổi": "-0.3 (-1.01%)",
    "Khối lượng": "148,300",
    "Giá tham chiếu": "29.7",
    "Giá trần": "31.75",
    "Giá sàn": "27.65",
    "Giá mở cửa": "29.8",
    "Giá cao nhất": "29.8",
    "Giá thấp nhất": "29.4",
    "Giao dịch NĐTNN": "Giao dịch NĐTNN",
    "KLGD ròng": "29.8",
    "GT Mua": "0 (Tỷ)",
    "GT Bán": "0 (Tỷ)",
    "Room còn lại": "N/A",
    "(*)   EPS cơ bản (nghìn đồng):": "2.11",
    "EPS pha loãng (nghìn đồng):": "2.11",
    "P/E :": "13.90",
    "Giá trị sổ sách /cp (nghìn đồng):": "23.78",
    "(**) Hệ số beta:": "0.55",
    "KLGD khớp lệnh trung bình 10 phiên:": "567,100",
    "KLCP đang niêm yết:": "121,269,397",
    "KLCP đang lưu hành:": "121,269,397",
    "Vốn hóa thị trường (tỷ đồng):": "3,601.70",
    "Doanh thu": "2,250 tỷ",
    "Lợi nhuận trước thuế": "260 tỷ",
    "Lợi nhuận sau thuế": "N/A",
    "Cổ tức bằng tiền mặt": "10 %",
    "Cổ tức bằng cổ phiếu": "N/A",
    "Dự kiến tăng vốn lên": "N/A",
    "Giới thiệu công ty": "Tiền thân của Công ty là Công ty Container Việt Nam, chính thức thành lập ngày 27 tháng 7 năm 1985 theo quyết định số: 1310/QĐ-BGTVT của Bộ trưởng Bộ Giao thông Vận tải. Số vốn ban đầu được Nhà nước giao tại thời điểm thành lập là 7,2 triệu đồng"
}