{
    "Url": "http://s.cafef.vn/hose/VSH-cong-ty-co-phan-thuy-dien-vinh-son-song-hinh.chn",
    "CenterName": "HSX",
    "Symbol": "VSH",
    "TradeCenterID": 1,
    "ChangePrice": 0.12690355329950323,
    "VonHoa": 9319.7171547,
    "ChangeVolume": -92.03228476821192,
    "EPS": 5.25553012901125,
    "PE": 7.50637881081312,
    "Beta": 0.641731181792743,
    "Price": 39.45,
    "UpdatedDate": "/Date(1686037643766)/",
    "FullName": "Công ty Cổ phần Thủy điện Vĩnh Sơn - Sông Hinh",
    "ParentCategoryId": 340,
    "Cập nhật": "11:30 Thứ 4, 07/06/2023",
    "Mã công ty": "VSH",
    "Tên công ty": "Công ty Cổ phần Thủy điện Vĩnh Sơn - Sông Hinh (HOSE)",
    "Giá điểm": "39.65",
    "Thay đổi": "0.15 (0.38%)",
    "Khối lượng": "38,400",
    "Giá tham chiếu": "39.5",
    "Giá trần": "42.25",
    "Giá sàn": "36.75",
    "Giá mở cửa": "39.7",
    "Giá cao nhất": "N/A",
    "Giá thấp nhất": "39.4",
    "Giao dịch NĐTNN": "Giao dịch NĐTNN",
    "KLGD ròng": "39.7",
    "GT Mua": "0.76 (Tỷ)",
    "GT Bán": "0 (Tỷ)",
    "Room còn lại": "N/A",
    "(*)   EPS cơ bản (nghìn đồng):": "5.66",
    "EPS pha loãng (nghìn đồng):": "5.66",
    "P/E :": "7.01",
    "Giá trị sổ sách /cp (nghìn đồng):": "19.65",
    "(**) Hệ số beta:": "0.64",
    "KLGD khớp lệnh trung bình 10 phiên:": "68,340",
    "KLCP đang niêm yết:": "236,241,246",
    "KLCP đang lưu hành:": "236,241,246",
    "Vốn hóa thị trường (tỷ đồng):": "9,331.53",
    "Doanh thu": "2,475.45 tỷ",
    "Lợi nhuận trước thuế": "953.71 tỷ",
    "Lợi nhuận sau thuế": "856.11 tỷ",
    "Cổ tức bằng tiền mặt": "20 %",
    "Cổ tức bằng cổ phiếu": "N/A",
    "Dự kiến tăng vốn lên": "N/A",
    "Giới thiệu công ty": "Tiền thân là Nhà máy Thuỷ điện Vĩnh Sơn trực thuộc CT Điện Lực III. Khởi công xây dựng ngày 15/9/1991, đưa vào sản xuất và hoà lưới điện quốc gia ngày 04/12/1994. Năm 1999, để nâng cao hiệu quả quản lý hệ thống điện và tận dụng kinh nghiệm tích luỹ trong quản lý vận hành nhà máy điện của đội ngũ quản lý của Nhà máy Vĩnh Sơn, Tổng Công ty Điện lực Việt Nam đã giao nhiệm vụ cho Nhà máy Thuỷ điện Vĩnh Sơn quản lý và vận hành dự án Nhà máy Thuỷ điện Sông Hinh."
}