{
    "Url": "http://s.cafef.vn/hose/VTB-cong-ty-co-phan-viettronics-tan-binh.chn",
    "CenterName": "HSX",
    "Symbol": "VTB",
    "TradeCenterID": 1,
    "ChangePrice": 0.4201680672268818,
    "VonHoa": 129.114014,
    "ChangeVolume": -85.71428571428571,
    "EPS": 1.44282670506214,
    "PE": 8.2823529382105,
    "Beta": 0.680067157914374,
    "Price": 11.95,
    "UpdatedDate": "/Date(1686037643766)/",
    "FullName": "Công ty Cổ phần Viettronics Tân Bình",
    "ParentCategoryId": 339,
    "Cập nhật": "11:30 Thứ 4, 07/06/2023",
    "Mã công ty": "VTB",
    "Tên công ty": "Công ty Cổ phần Viettronics Tân Bình (HOSE)",
    "Giá điểm": "12",
    "Thay đổi": "N/A",
    "Khối lượng": "400",
    "Giá tham chiếu": "12",
    "Giá trần": "12.8",
    "Giá sàn": "11.2",
    "Giá mở cửa": "N/A",
    "Giá cao nhất": "N/A",
    "Giá thấp nhất": "N/A",
    "Giao dịch NĐTNN": "Giao dịch NĐTNN",
    "KLGD ròng": "12",
    "GT Mua": "0 (Tỷ)",
    "GT Bán": "0 (Tỷ)",
    "Room còn lại": "N/A",
    "(*)   EPS cơ bản (nghìn đồng):": "1.57",
    "EPS pha loãng (nghìn đồng):": "1.42",
    "P/E :": "7.64",
    "Giá trị sổ sách /cp (nghìn đồng):": "17.26",
    "(**) Hệ số beta:": "0.68",
    "KLGD khớp lệnh trung bình 10 phiên:": "690",
    "KLCP đang niêm yết:": "11,982,050",
    "KLCP đang lưu hành:": "10,804,520",
    "Vốn hóa thị trường (tỷ đồng):": "129.65",
    "Doanh thu": "165 tỷ",
    "Lợi nhuận trước thuế": "14.5 tỷ",
    "Lợi nhuận sau thuế": "N/A",
    "Cổ tức bằng tiền mặt": "10 %",
    "Cổ tức bằng cổ phiếu": "N/A",
    "Dự kiến tăng vốn lên": "N/A",
    "Giới thiệu công ty": "Tiền thân của Công ty là một xưởng sản xuất nhỏ của Công ty Sony thành lập năm 1973, và qua các giai đoạn phát triển từ xưởng sản xuất cơ điện Tân Bình (năm 1975), Nhà máy chế tạo tụ xoay Tân Bình (năm 1981), Xí nghiệp Vietronics Tân Bình (1983), đến năm 1991 đổi tên thành Công ty Điện tử Tân Bình với hình thức sở hữu là doanh nghiệp nhà nước"
}