{
    "Url": "http://s.cafef.vn/hose/VTO-cong-ty-co-phan-van-tai-xang-dau-vitaco.chn",
    "CenterName": "HSX",
    "Symbol": "VTO",
    "TradeCenterID": 1,
    "ChangePrice": 1.8563969833549157,
    "VonHoa": 729.18266058,
    "ChangeVolume": -8.582190667172512,
    "EPS": 0.821228346844257,
    "PE": 11.1174925160389,
    "Beta": 1.04439884339147,
    "Price": 9.13,
    "UpdatedDate": "/Date(1686037643766)/",
    "FullName": "Công ty Cổ phần Vận tải Xăng dầu VITACO",
    "ParentCategoryId": 340,
    "Cập nhật": "11:30 Thứ 4, 07/06/2023",
    "Mã công ty": "VTO",
    "Tên công ty": "Công ty Cổ phần Vận tải Xăng dầu VITACO (HOSE)",
    "Giá điểm": "8.95",
    "Thay đổi": "-0.05 (-0.56%)",
    "Khối lượng": "560,700",
    "Giá tham chiếu": "9",
    "Giá trần": "9.63",
    "Giá sàn": "8.37",
    "Giá mở cửa": "9.03",
    "Giá cao nhất": "N/A",
    "Giá thấp nhất": "8.94",
    "Giao dịch NĐTNN": "Giao dịch NĐTNN",
    "KLGD ròng": "9.03",
    "GT Mua": "0 (Tỷ)",
    "GT Bán": "0.05 (Tỷ)",
    "Room còn lại": "N/A",
    "(*)   EPS cơ bản (nghìn đồng):": "0.89",
    "EPS pha loãng (nghìn đồng):": "0.89",
    "P/E :": "10.01",
    "Giá trị sổ sách /cp (nghìn đồng):": "13.55",
    "(**) Hệ số beta:": "1.04",
    "KLGD khớp lệnh trung bình 10 phiên:": "724,650",
    "KLCP đang niêm yết:": "79,866,666",
    "KLCP đang lưu hành:": "79,866,666",
    "Vốn hóa thị trường (tỷ đồng):": "718.80",
    "Doanh thu": "1,172.64 tỷ",
    "Lợi nhuận trước thuế": "90.29 tỷ",
    "Lợi nhuận sau thuế": "69.7 tỷ",
    "Cổ tức bằng tiền mặt": "8 %",
    "Cổ tức bằng cổ phiếu": "N/A",
    "Dự kiến tăng vốn lên": "N/A",
    "Giới thiệu công ty": "Công ty Cổ phần Vận tải Xăng dầu VITACO là một doanh nghiệp Nhà Nước được thành lập theo Quyết định số 2585/QĐ/BTM ngày 27/10/2005 của Bộ trưởng Bộ Thương Mại (nay là Bộ Công thương) trên cơ sở chuyển đổi từ Doanh nghiệp Nhà nước - Công ty Vận tải Xăng dầu VITACO thành Công ty Cổ phần Vận tải Xăng dầu VITACO. Công ty chính thức hoạt động từ ngày 01/02/2006.  Tổng số vốn điều lệ đến ngày 31/12/2015 là 798.666.660.000đ, trong đó Tổng Công ty Vận tải Thủy Petrolimex nắm giữ 51.92% VĐL"
}