{
    "Url": "http://s.cafef.vn/hose/YBM-cong-ty-co-phan-khoang-san-cong-nghiep-yen-bai.chn",
    "CenterName": "HSX",
    "Symbol": "YBM",
    "TradeCenterID": 1,
    "ChangePrice": 3.489932885906037,
    "VonHoa": 114.36407223,
    "ChangeVolume": -54.40251572327044,
    "EPS": 0.741151213363072,
    "PE": 10.4027354485664,
    "Beta": 0,
    "Price": 7.71,
    "UpdatedDate": "/Date(1686037643766)/",
    "FullName": "Công ty Cổ phần Khoáng sản Công nghiệp Yên Bái",
    "ParentCategoryId": 344,
    "Cập nhật": "11:30 Thứ 4, 07/06/2023",
    "Mã công ty": "YBM",
    "Tên công ty": "Công ty Cổ phần Khoáng sản Công nghiệp Yên Bái (HOSE)",
    "Giá điểm": "7.7",
    "Thay đổi": "N/A",
    "Khối lượng": "700",
    "Giá tham chiếu": "7.7",
    "Giá trần": "8.23",
    "Giá sàn": "7.17",
    "Giá mở cửa": "N/A",
    "Giá cao nhất": "N/A",
    "Giá thấp nhất": "7.6",
    "Giao dịch NĐTNN": "Giao dịch NĐTNN",
    "KLGD ròng": "7.7",
    "GT Mua": "0 (Tỷ)",
    "GT Bán": "0 (Tỷ)",
    "Room còn lại": "N/A",
    "(*)   EPS cơ bản (nghìn đồng):": "0.83",
    "EPS pha loãng (nghìn đồng):": "0.86",
    "P/E :": "9.30",
    "Giá trị sổ sách /cp (nghìn đồng):": "11.51",
    "(**) Hệ số beta:": "n/a",
    "KLGD khớp lệnh trung bình 10 phiên:": "11,470",
    "KLCP đang niêm yết:": "14,299,880",
    "KLCP đang lưu hành:": "14,833,213",
    "Vốn hóa thị trường (tỷ đồng):": "114.22",
    "Doanh thu": "500 tỷ",
    "Lợi nhuận trước thuế": "19 tỷ",
    "Lợi nhuận sau thuế": "15.2 tỷ",
    "Cổ tức bằng tiền mặt": "N/A",
    "Cổ tức bằng cổ phiếu": "N/A",
    "Dự kiến tăng vốn lên": "N/A",
    "Giới thiệu công ty": "Công ty Cổ Phần Khoáng Sản Công Nghiệp Yên Bái (gọi tắt là “YBM” ) Với tầm nhìn dài hạn và quan điểm phát triển bền vững  đã tập trung vào đầu tư hàng đầu trong lĩnh vực khai thác, sản xuất và chế biến bột đá trắng siêu mịn canxi cácbonát. YBM đã trở thành thương hiệu số 1 của Việt Nam về bột đá trắng siêu mịn canxi cácbonát."
}