{
    "Url": "http://s.cafef.vn/hose/YEG-cong-ty-co-phan-tap-doan-yeah1.chn",
    "CenterName": "HSX",
    "Symbol": "YEG",
    "TradeCenterID": 1,
    "ChangePrice": 7.08333333333333,
    "VonHoa": 275.039712,
    "ChangeVolume": -34.09294012511171,
    "EPS": 0.395304042574468,
    "PE": 22.7672855086084,
    "Beta": 0,
    "Price": 12.85,
    "UpdatedDate": "/Date(1686037643766)/",
    "FullName": "Công ty Cổ phần Tập đoàn Yeah1",
    "ParentCategoryId": 346,
    "Cập nhật": "11:30 Thứ 4, 07/06/2023",
    "Mã công ty": "YEG",
    "Tên công ty": "Công ty Cổ phần Tập đoàn Yeah1 (HOSE)",
    "Giá điểm": "13.8",
    "Thay đổi": "N/A",
    "Khối lượng": "160,500",
    "Giá tham chiếu": "12.9",
    "Giá trần": "13.8",
    "Giá sàn": "12",
    "Giá mở cửa": "13.05",
    "Giá cao nhất": "N/A",
    "Giá thấp nhất": "12.8",
    "Giao dịch NĐTNN": "Giao dịch NĐTNN",
    "KLGD ròng": "13.8",
    "GT Mua": "0 (Tỷ)",
    "GT Bán": "0.05 (Tỷ)",
    "Room còn lại": "N/A",
    "(*)   EPS cơ bản (nghìn đồng):": "0.47",
    "EPS pha loãng (nghìn đồng):": "0.46",
    "P/E :": "29.36",
    "Giá trị sổ sách /cp (nghìn đồng):": "28.83",
    "(**) Hệ số beta:": "n/a",
    "KLGD khớp lệnh trung bình 10 phiên:": "65,280",
    "KLCP đang niêm yết:": "31,279,968",
    "KLCP đang lưu hành:": "30,559,968",
    "Vốn hóa thị trường (tỷ đồng):": "275.04",
    "Doanh thu": "588 tỷ",
    "Lợi nhuận trước thuế": "N/A",
    "Lợi nhuận sau thuế": "N/A",
    "Cổ tức bằng tiền mặt": "N/A",
    "Cổ tức bằng cổ phiếu": "N/A",
    "Dự kiến tăng vốn lên": "N/A",
    "Giới thiệu công ty": "Thành lập vào năm 2006, Công ty Cổ phần Tập đoàn Yeah1 (YEG) khởi đầu là trang thông tin điện tử www.yeah1.com chuyên cung cấp thông tin giải trí cho giới trẻ, do ông Nguyễn Ảnh Nhượng Tống cùng cộng sự sáng lập. Doanh thu ban đầu của Công ty chỉ vỏn vẹn 150 USDcùng xấp xỉ 40 ngàn lượt xem."
}