{
    "doanh nghiệp": "DIG",
    "Cập nhật": "11:09 Thứ 4, 07/06/2023",
    "Mã công ty": "DIG",
    "Tên công ty": "Tổng Công ty Cổ phần Đầu tư Phát triển Xây dựng (HOSE)",
    "Giá điểm": "21.7",
    "Thay đổi": "0.35 (1.64%)",
    "Khối lượng": "14,245,300",
    "Giá tham chiếu": "21.35",
    "Giá trần": "22.8",
    "Giá sàn": "19.9",
    "Giá mở cửa": "21.95",
    "Giá cao nhất": "N/A",
    "Giá thấp nhất": "21.25",
    "Giao dịch NĐTNN": "Giao dịch NĐTNN",
    "KLGD ròng": "21.95",
    "GT Mua": "0.96 (Tỷ)",
    "GT Bán": "0.09 (Tỷ)",
    "Room còn lại": "N/A",
    "(*)   EPS cơ bản (nghìn đồng):": "0.27",
    "EPS pha loãng (nghìn đồng):": "0.27",
    "P/E :": "80.99",
    "Giá trị sổ sách /cp (nghìn đồng):": "11.99",
    "(**) Hệ số beta:": "1.21",
    "KLGD khớp lệnh trung bình 10 phiên:": "21,957,060",
    "KLCP đang niêm yết:": "609,851,995",
    "KLCP đang lưu hành:": "609,851,995",
    "Vốn hóa thị trường (tỷ đồng):": "13,020.34",
    "Doanh thu": "5,000 tỷ",
    "Lợi nhuận trước thuế": "1,900 tỷ",
    "Lợi nhuận sau thuế": "N/A",
    "Cổ tức bằng tiền mặt": "N/A",
    "Cổ tức bằng cổ phiếu": "N/A",
    "Dự kiến tăng vốn lên": "N/A",
    "Giới thiệu công ty": "Tổng Công ty cổ phần Đầu tư Phát triển Xây dựng (tiền thân là Nhà nghỉ Xây dựng) được Bộ Xây dựng thành lập ngày 26 tháng 5 năm 1990. Với chức năng phục vụ nhu cầu nghỉ ngơi, điều dưỡng cho cán bộ công nhân ngành Xây dựng, đồng thời kết hợp kinh doanh du lịch - nghỉ mát cho du khách  trong và ngoài nước. Ông Nguyễn Thiện Tuấn được Bộ Xây dựng bổ nhiệm làm Giám đốc Nhà nghỉ Xây dựng, có trụ sở tại số 2 Thùy Vân – TP Vũng Tàu ( Nay là 169 Thùy Vân Vũng tàu)."
}