{
    "Url": "http://s.cafef.vn/hastc/PLC-tong-cong-ty-hoa-dau-petrolimexctcp.chn",
    "CenterName": "HNX",
    "Symbol": "PLC",
    "TradeCenterID": 2,
    "ChangePrice": -1.0638297872340388,
    "VonHoa": 3005.6694552,
    "ChangeVolume": 14.219994871296059,
    "EPS": 1.37889579897761,
    "PE": 26.9781081555127,
    "Beta": 1.16107264919814,
    "Price": 37.2,
    "UpdatedDate": "/Date(1686037643765)/",
    "FullName": "Tổng Công ty Hóa dầu Petrolimex-CTCP",
    "ParentCategoryId": 344,
    "Cập nhật": "11:51 Thứ 4, 07/06/2023",
    "Mã công ty": "PLC",
    "Tên công ty": "Tổng Công ty Hóa dầu Petrolimex-CTCP (HNX)",
    "Giá điểm": "37.7",
    "Thay đổi": "N/A",
    "Khối lượng": "232,358",
    "Giá tham chiếu": "37.7",
    "Giá trần": "41.4",
    "Giá sàn": "34",
    "Giá mở cửa": "38",
    "Giá cao nhất": "38.6",
    "Giá thấp nhất": "N/A",
    "Giao dịch NĐTNN": "Giao dịch NĐTNN",
    "KLGD ròng": "38.6",
    "GT Mua": "0.01 (Tỷ)",
    "GT Bán": "0 (Tỷ)",
    "Room còn lại": "N/A",
    "(*)   EPS cơ bản (nghìn đồng):": "1.46",
    "EPS pha loãng (nghìn đồng):": "1.46",
    "P/E :": "25.81",
    "Giá trị sổ sách /cp (nghìn đồng):": "16.32",
    "(**) Hệ số beta:": "1.16",
    "KLGD khớp lệnh trung bình 10 phiên:": "515,784",
    "KLCP đang niêm yết:": "80,798,839",
    "KLCP đang lưu hành:": "80,797,566",
    "Vốn hóa thị trường (tỷ đồng):": "3,046.07",
    "Doanh thu": "8,903.53 tỷ",
    "Lợi nhuận trước thuế": "200 tỷ",
    "Lợi nhuận sau thuế": "160 tỷ",
    "Cổ tức bằng tiền mặt": "12 %",
    "Cổ tức bằng cổ phiếu": "N/A",
    "Dự kiến tăng vốn lên": "N/A",
    "Giới thiệu công ty": "Tổng Công ty Hóa dầu Petrolimex tiền thân là Công ty Dầu nhờn được thành lập ngày 09/06/1994. Đến ngày 13/10/1998, Công ty Dầu nhờn được đổi tên thành Công ty Hóa dầu trực thuộc Tổng Công ty XD Việt Nam. Lĩnh vực kinh doanh: kinh doanh xuất nhập khẩu Dầu mỡ nhờn, nhựa đường, hóa chất và các mặt hàng thuộc lĩnh vực sản phẩm dầu mỏ khí đốt; kinh doanh xuất nhập khẩu vật tư thiết bị chuyên ngành hóa dầu; kinh doanh bất động sản..."
}