{
    "Url": "http://s.cafef.vn/hastc/PPY-cong-ty-co-phan-xang-dau-dau-khi-phu-yen.chn",
    "CenterName": "HNX",
    "Symbol": "PPY",
    "TradeCenterID": 2,
    "ChangePrice": 3.2258064516128915,
    "VonHoa": 89.7021504,
    "ChangeVolume": -0.6233303650934996,
    "EPS": 2.4770790241324,
    "PE": 3.87553239378886,
    "Beta": 0,
    "Price": 9.6,
    "UpdatedDate": "/Date(1686037643765)/",
    "FullName": "Công ty cổ phần Xăng dầu Dầu khí Phú Yên",
    "ParentCategoryId": 340,
    "Cập nhật": "11:51 Thứ 4, 07/06/2023",
    "Mã công ty": "PPY",
    "Tên công ty": "Công ty cổ phần Xăng dầu Dầu khí Phú Yên (HNX)",
    "Giá điểm": "9.5",
    "Thay đổi": "-0.1 (-1.04%)",
    "Khối lượng": "552",
    "Giá tham chiếu": "9.6",
    "Giá trần": "10.5",
    "Giá sàn": "8.7",
    "Giá mở cửa": "N/A",
    "Giá cao nhất": "N/A",
    "Giá thấp nhất": "9.5",
    "Giao dịch NĐTNN": "Giao dịch NĐTNN",
    "KLGD ròng": "9.6",
    "GT Mua": "0 (Tỷ)",
    "GT Bán": "0 (Tỷ)",
    "Room còn lại": "N/A",
    "(*)   EPS cơ bản (nghìn đồng):": "2.73",
    "EPS pha loãng (nghìn đồng):": "2.73",
    "P/E :": "3.48",
    "Giá trị sổ sách /cp (nghìn đồng):": "14.79",
    "(**) Hệ số beta:": "n/a",
    "KLGD khớp lệnh trung bình 10 phiên:": "962",
    "KLCP đang niêm yết:": "9,343,974",
    "KLCP đang lưu hành:": "9,343,974",
    "Vốn hóa thị trường (tỷ đồng):": "89.70",
    "Doanh thu": "3,240 tỷ",
    "Lợi nhuận trước thuế": "11.4 tỷ",
    "Lợi nhuận sau thuế": "N/A",
    "Cổ tức bằng tiền mặt": "N/A",
    "Cổ tức bằng cổ phiếu": "N/A",
    "Dự kiến tăng vốn lên": "N/A",
    "Giới thiệu công ty": "Thực hiện lộ trình cổ phần hóa doanh nghiệp nhà nước, Công ty Cổ phần Vật tư tổng hợp Phú Yên – tiền thân của Công ty TNHH một thành viên Vật tư tổng hợp Phú Yên – chính thức đi vào hoạt động theo Điều lệ tổ chức và hoạt động của doanh nghiệp được Đại hội đồng cổ đông thành lập thông qua ngày 21/12/2009. Lĩnh vực kinh doanh: bán buôn, bán lẻ xăng dầu tại Phú Yên, Bình Định, Khánh Hòa, Gia Lai và Đắc Lắc."
}