{
    "Url": "http://s.cafef.vn/hastc/PSC-cong-ty-co-phan-van-tai-va-dich-vu-petrolimex-sai-gon.chn",
    "CenterName": "HNX",
    "Symbol": "PSC",
    "TradeCenterID": 2,
    "ChangePrice": 0.8264462809917326,
    "VonHoa": 87.84,
    "ChangeVolume": -16.666666666666668,
    "EPS": 0.669859845959139,
    "PE": 18.2127650636103,
    "Beta": 0.671019192007712,
    "Price": 12.2,
    "UpdatedDate": "/Date(1686037643765)/",
    "FullName": "Công ty cổ phần Vận tải và Dịch vụ Petrolimex Sài Gòn",
    "ParentCategoryId": 340,
    "Cập nhật": "11:52 Thứ 4, 07/06/2023",
    "Mã công ty": "PSC",
    "Tên công ty": "Công ty cổ phần Vận tải và Dịch vụ Petrolimex Sài Gòn (HNX)",
    "Giá điểm": "12.2",
    "Thay đổi": "N/A",
    "Khối lượng": "0.0",
    "Giá tham chiếu": "12.2",
    "Giá trần": "13.4",
    "Giá sàn": "11",
    "Giá mở cửa": "N/A",
    "Giá cao nhất": "N/A",
    "Giá thấp nhất": "N/A",
    "Giao dịch NĐTNN": "Giao dịch NĐTNN",
    "KLGD ròng": "12.2",
    "GT Mua": "0 (Tỷ)",
    "GT Bán": "0 (Tỷ)",
    "Room còn lại": "N/A",
    "(*)   EPS cơ bản (nghìn đồng):": "0.70",
    "EPS pha loãng (nghìn đồng):": "0.70",
    "P/E :": "17.46",
    "Giá trị sổ sách /cp (nghìn đồng):": "16.01",
    "(**) Hệ số beta:": "0.67",
    "KLGD khớp lệnh trung bình 10 phiên:": "300",
    "KLCP đang niêm yết:": "7,200,000",
    "KLCP đang lưu hành:": "7,200,000",
    "Vốn hóa thị trường (tỷ đồng):": "87.84",
    "Doanh thu": "711.71 tỷ",
    "Lợi nhuận trước thuế": "11.4 tỷ",
    "Lợi nhuận sau thuế": "N/A",
    "Cổ tức bằng tiền mặt": "8 %",
    "Cổ tức bằng cổ phiếu": "N/A",
    "Dự kiến tăng vốn lên": "N/A",
    "Giới thiệu công ty": "Tiền thân của Công ty cổ phần vận tải và dịch vụ Petrolimex Sài Gòn là xí nghiệp trực thuộc Công ty xăng dầu KV II, thuộc Tổng công ty xăng dầu Việt Nam, được chính thức cổ phần hóa ngày 03/10/2000. Ngày 29/12/2006, Cổ phiếu của công ty chính thức được niêm yết tại Sở giao dịch chứng khoán HN với mã PSC. Ngành nghề kinh doanh: kinh doanh vận tải bằng đường bộ; tổng đại lý bán buôn bán lẻ xăng dầu và các sản phẩm hóa dầu; sản xuất khí đốt..."
}