{
    "Url": "http://s.cafef.vn/hastc/PSI-cong-ty-co-phan-chung-khoan-dau-khi.chn",
    "CenterName": "HNX",
    "Symbol": "PSI",
    "TradeCenterID": 2,
    "ChangePrice": 0,
    "VonHoa": 472.74627,
    "ChangeVolume": 39.19744749814302,
    "EPS": 0.802420488566458,
    "PE": 9.84521222048246,
    "Beta": 0.0650249759004469,
    "Price": 7.9,
    "UpdatedDate": "/Date(1686037643765)/",
    "FullName": "Công ty cổ phần Chứng khoán Dầu khí",
    "ParentCategoryId": 341,
    "Cập nhật": "11:52 Thứ 4, 07/06/2023",
    "Mã công ty": "PSI",
    "Tên công ty": "Công ty cổ phần Chứng khoán Dầu khí (HNX)",
    "Giá điểm": "8.1",
    "Thay đổi": "N/A",
    "Khối lượng": "42,625",
    "Giá tham chiếu": "8.1",
    "Giá trần": "8.9",
    "Giá sàn": "7.3",
    "Giá mở cửa": "N/A",
    "Giá cao nhất": "N/A",
    "Giá thấp nhất": "8",
    "Giao dịch NĐTNN": "Giao dịch NĐTNN",
    "KLGD ròng": "8.1",
    "GT Mua": "0 (Tỷ)",
    "GT Bán": "0 (Tỷ)",
    "Room còn lại": "N/A",
    "(*)   EPS cơ bản (nghìn đồng):": "0.85",
    "EPS pha loãng (nghìn đồng):": "0.85",
    "P/E :": "9.51",
    "Giá trị sổ sách /cp (nghìn đồng):": "10.93",
    "(**) Hệ số beta:": "0.07",
    "KLGD khớp lệnh trung bình 10 phiên:": "159,200",
    "KLCP đang niêm yết:": "59,841,300",
    "KLCP đang lưu hành:": "59,841,300",
    "Vốn hóa thị trường (tỷ đồng):": "484.71",
    "Doanh thu": "260 tỷ",
    "Lợi nhuận trước thuế": "N/A",
    "Lợi nhuận sau thuế": "20 tỷ",
    "Cổ tức bằng tiền mặt": "N/A",
    "Cổ tức bằng cổ phiếu": "N/A",
    "Dự kiến tăng vốn lên": "N/A",
    "Giới thiệu công ty": "Công ty Cổ phần Chứng khoán Dầu khí, tên giao dịch trong tiếng Anh là Petrovietnam Securities Incorporated và tên viết tắt là PSI được thành lập và ngày 19/12/2006 với cổ đông sáng lập lớn nhất là Tập đoàn Dầu khí Quốc gia Việt nam."
}