{
    "Url": "http://s.cafef.vn/hastc/PTI-tong-cong-ty-co-phan-bao-hiem-buu-dien.chn",
    "CenterName": "HNX",
    "Symbol": "PTI",
    "TradeCenterID": 2,
    "ChangePrice": -0.9375000000000022,
    "VonHoa": 2548.5439753,
    "ChangeVolume": -97.39095221566586,
    "EPS": 0.536490782689658,
    "PE": 59.0876880327269,
    "Beta": -0.183398184176394,
    "Price": 31.7,
    "UpdatedDate": "/Date(1686037643765)/",
    "FullName": "Tổng Công ty Cổ phần Bảo hiểm Bưu điện ",
    "ParentCategoryId": 341,
    "Cập nhật": "11:52 Thứ 4, 07/06/2023",
    "Mã công ty": "PTI",
    "Tên công ty": "Tổng Công ty Cổ phần Bảo hiểm Bưu điện  (HNX)",
    "Giá điểm": "37",
    "Thay đổi": "3.1 (9.14%)",
    "Khối lượng": "13,670",
    "Giá tham chiếu": "33.9",
    "Giá trần": "37.2",
    "Giá sàn": "30.6",
    "Giá mở cửa": "34",
    "Giá cao nhất": "34",
    "Giá thấp nhất": "N/A",
    "Giao dịch NĐTNN": "Giao dịch NĐTNN",
    "KLGD ròng": "37.2",
    "GT Mua": "0 (Tỷ)",
    "GT Bán": "0 (Tỷ)",
    "Room còn lại": "N/A",
    "(*)   EPS cơ bản (nghìn đồng):": "0.55",
    "EPS pha loãng (nghìn đồng):": "0.55",
    "P/E :": "66.88",
    "Giá trị sổ sách /cp (nghìn đồng):": "22.92",
    "(**) Hệ số beta:": "-0.18",
    "KLGD khớp lệnh trung bình 10 phiên:": "9,108",
    "KLCP đang niêm yết:": "80,395,709",
    "KLCP đang lưu hành:": "80,395,709",
    "Vốn hóa thị trường (tỷ đồng):": "2,725.41",
    "Doanh thu": "6,350 tỷ",
    "Lợi nhuận trước thuế": "260 tỷ",
    "Lợi nhuận sau thuế": "208.5 tỷ",
    "Cổ tức bằng tiền mặt": "N/A",
    "Cổ tức bằng cổ phiếu": "N/A",
    "Dự kiến tăng vốn lên": "N/A",
    "Giới thiệu công ty": "PTI đã và đang tiếp tục hoàn thiện mình và nỗ lực không ngừng để vươn lên những tầm cao mới.  PTI đặt mục tiêu phấn đấu đạt vị trí số 3 trong top các doanh nghiệp bảo hiểm phi nhân thọ, liên tục đổi mới để có lợi thế cạnh tranh nhằm củng cố vị trí số 1 về bán lẻ. Đồng thời, thông qua các hoạt động kinh doanh và xã hội, PTI sẽ trở thành một doanh nghiệp có trách nhiệm với cộng đồng, đóng góp thiết thực vào những chương trình phát triển cộng đồng."
}