{
    "Url": "http://s.cafef.vn/hastc/PVC-tong-cong-ty-hoa-chat-va-dich-vu-dau-khi-ctcp.chn",
    "CenterName": "HNX",
    "Symbol": "PVC",
    "TradeCenterID": 2,
    "ChangePrice": -2.7027027027027026,
    "VonHoa": 900,
    "ChangeVolume": 38.9515690563045,
    "EPS": 0.315141934883406,
    "PE": 57.1171209146111,
    "Beta": 1.57076505126632,
    "Price": 18,
    "UpdatedDate": "/Date(1686037643765)/",
    "FullName": "Tổng Công ty Hóa chất và Dịch vụ Dầu khí - CTCP",
    "ParentCategoryId": 344,
    "Cập nhật": "11:52 Thứ 4, 07/06/2023",
    "Mã công ty": "PVC",
    "Tên công ty": "Tổng Công ty Hóa chất và Dịch vụ Dầu khí - CTCP (HNX)",
    "Giá điểm": "17.9",
    "Thay đổi": "N/A",
    "Khối lượng": "857,444",
    "Giá tham chiếu": "17.9",
    "Giá trần": "19.6",
    "Giá sàn": "16.2",
    "Giá mở cửa": "18.3",
    "Giá cao nhất": "N/A",
    "Giá thấp nhất": "N/A",
    "Giao dịch NĐTNN": "Giao dịch NĐTNN",
    "KLGD ròng": "18.3",
    "GT Mua": "0 (Tỷ)",
    "GT Bán": "0 (Tỷ)",
    "Room còn lại": "N/A",
    "(*)   EPS cơ bản (nghìn đồng):": "0.32",
    "EPS pha loãng (nghìn đồng):": "0.32",
    "P/E :": "55.85",
    "Giá trị sổ sách /cp (nghìn đồng):": "14.31",
    "(**) Hệ số beta:": "1.57",
    "KLGD khớp lệnh trung bình 10 phiên:": "1,981,087",
    "KLCP đang niêm yết:": "50,000,000",
    "KLCP đang lưu hành:": "50,000,000",
    "Vốn hóa thị trường (tỷ đồng):": "895.00",
    "Doanh thu": "2,400 tỷ",
    "Lợi nhuận trước thuế": "39 tỷ",
    "Lợi nhuận sau thuế": "27 tỷ",
    "Cổ tức bằng tiền mặt": "2.5 %",
    "Cổ tức bằng cổ phiếu": "N/A",
    "Dự kiến tăng vốn lên": "N/A",
    "Giới thiệu công ty": "Nằm trong mục tiêu xây dựng ngành công nghiệp dầu khí đồng bộ, hoàn chỉnh, ngày 8/3/1990, Công ty Dung dịch khoan và Hóa phẩm Dầu khí (DMC) tiền thân của Tổng công ty Hóa chất và Dịch vụ Dầu khí (PVChem) được thành lập với mục tiêu sản xuất dung dịch khoan/hóa phẩm dầu khí trong nước, thay thế hàng nhập khẩu.\r\nHiện nay, ngoài lĩnh vực chủ đạo, cốt lõi là dịch vụ hóa kỹ thuật/dịch vụ dung dịch khoan, PVChem đã phát triển đồng đều trên cả ba lĩnh vực Dịch vụ - Kinh doanh - Sản xuất; cung cấp dịch vụ, sản phẩm từ khâu đầu - tìm kiếm, thăm dò, khai thác đến khâu sau - lọc, hoá dầu và các ngành công nghiệp khác với mạng lưới khách hàng trong nước và quốc tế."
}