{
    "Url": "http://s.cafef.vn/hastc/PVG-cong-ty-co-phan-kinh-doanh-lpg-viet-nam.chn",
    "CenterName": "HNX",
    "Symbol": "PVG",
    "TradeCenterID": 2,
    "ChangePrice": 2.2222222222222143,
    "VonHoa": 335.8,
    "ChangeVolume": -4.601996658460412,
    "EPS": 0.454498684565282,
    "PE": 20.2420827879834,
    "Beta": 0.717640872841995,
    "Price": 9.2,
    "UpdatedDate": "/Date(1686037643765)/",
    "FullName": "Công ty Cổ phần Kinh doanh LPG Việt Nam",
    "ParentCategoryId": 340,
    "Cập nhật": "11:52 Thứ 4, 07/06/2023",
    "Mã công ty": "PVG",
    "Tên công ty": "Công ty Cổ phần Kinh doanh LPG Việt Nam (HNX)",
    "Giá điểm": "9",
    "Thay đổi": "N/A",
    "Khối lượng": "100,835",
    "Giá tham chiếu": "9",
    "Giá trần": "9.9",
    "Giá sàn": "8.1",
    "Giá mở cửa": "9.1",
    "Giá cao nhất": "9.3",
    "Giá thấp nhất": "N/A",
    "Giao dịch NĐTNN": "Giao dịch NĐTNN",
    "KLGD ròng": "9.3",
    "GT Mua": "0.09 (Tỷ)",
    "GT Bán": "0.24 (Tỷ)",
    "Room còn lại": "N/A",
    "(*)   EPS cơ bản (nghìn đồng):": "0.47",
    "EPS pha loãng (nghìn đồng):": "0.47",
    "P/E :": "19.32",
    "Giá trị sổ sách /cp (nghìn đồng):": "13.52",
    "(**) Hệ số beta:": "0.72",
    "KLGD khớp lệnh trung bình 10 phiên:": "204,129",
    "KLCP đang niêm yết:": "36,500,000",
    "KLCP đang lưu hành:": "36,500,000",
    "Vốn hóa thị trường (tỷ đồng):": "328.50",
    "Doanh thu": "3,962.1 tỷ",
    "Lợi nhuận trước thuế": "22.6 tỷ",
    "Lợi nhuận sau thuế": "18.1 tỷ",
    "Cổ tức bằng tiền mặt": "3.5 %",
    "Cổ tức bằng cổ phiếu": "N/A",
    "Dự kiến tăng vốn lên": "N/A",
    "Giới thiệu công ty": "Là thành viên của Tập Đoàn Đầu Khí Quốc gia Việt Nam, PVGAS NORTH tự hào được thừa kế và phát triển các giá trị cốt lõi trong triết lý Kinh doanh và văn hóa doanh nghiệp của Tập Đoàn. Công ty khẳng định vị thế dẫn đầu trong lĩnh vực kinh doanh các sản phẩm khí, đem lại hạnh phúc tới mọi nhà, thâm nhập và hỗ trợ mọi ngành công nghiệp, bảo vệ môi trường, phát triển bền vững và vươn mình ra biển lớn"
}