{
    "Url": "http://s.cafef.vn/hastc/PVI-cong-ty-co-phan-pvi.chn",
    "CenterName": "HNX",
    "Symbol": "PVI",
    "TradeCenterID": 2,
    "ChangePrice": -0.20366598778004363,
    "VonHoa": 11477.851483,
    "ChangeVolume": -32.389871078822495,
    "EPS": 3.67560319215228,
    "PE": 13.3311452402204,
    "Beta": 0.583647357812637,
    "Price": 49,
    "UpdatedDate": "/Date(1686037643765)/",
    "FullName": "Công ty Cổ phần PVI",
    "ParentCategoryId": 346,
    "Cập nhật": "11:52 Thứ 4, 07/06/2023",
    "Mã công ty": "PVI",
    "Tên công ty": "Công ty Cổ phần PVI (HNX)",
    "Giá điểm": "48.5",
    "Thay đổi": "-0.5 (-1.02%)",
    "Khối lượng": "7,502",
    "Giá tham chiếu": "49",
    "Giá trần": "53.9",
    "Giá sàn": "44.1",
    "Giá mở cửa": "N/A",
    "Giá cao nhất": "N/A",
    "Giá thấp nhất": "48.6",
    "Giao dịch NĐTNN": "Giao dịch NĐTNN",
    "KLGD ròng": "48.6",
    "GT Mua": "0 (Tỷ)",
    "GT Bán": "0.36 (Tỷ)",
    "Room còn lại": "N/A",
    "(*)   EPS cơ bản (nghìn đồng):": "3.94",
    "EPS pha loãng (nghìn đồng):": "3.94",
    "P/E :": "12.30",
    "Giá trị sổ sách /cp (nghìn đồng):": "31.76",
    "(**) Hệ số beta:": "0.58",
    "KLGD khớp lệnh trung bình 10 phiên:": "19,660",
    "KLCP đang niêm yết:": "234,241,867",
    "KLCP đang lưu hành:": "234,241,867",
    "Vốn hóa thị trường (tỷ đồng):": "11,477.85",
    "Doanh thu": "13,554 tỷ",
    "Lợi nhuận trước thuế": "991 tỷ",
    "Lợi nhuận sau thuế": "793 tỷ",
    "Cổ tức bằng tiền mặt": "28.5 %",
    "Cổ tức bằng cổ phiếu": "N/A",
    "Dự kiến tăng vốn lên": "N/A",
    "Giới thiệu công ty": "Thành lập năm 1996, Tổng công ty Cổ phần Bảo hiểm Dầu khí Việt Nam (PVI) phát triển từ một công ty bảo hiểm nội bộ thuộc Tổng công ty Dầu khí Việt Nam (nay là Tập đoàn Dầu khí Quốc gia Việt Nam - PVN) trở thành nhà bảo hiểm công nghiệp số một Việt Nam, dẫn đầu trong các lĩnh vực trọng yếu của thị trường bảo hiểm như Năng lượng (chiếm thị phần tuyệt đối), Hàng hải, Tài sản – Kỹ thuật... và quan trọng hơn, PVI đang sẵn sàng hướng tới trở thành một Định chế Tài chính – Bảo hiểm quốc tế."
}