{
    "Url": "http://s.cafef.vn/hastc/PVS-tong-cong-ty-co-phan-dich-vu-ky-thuat-dau-khi-viet-nam.chn",
    "CenterName": "HNX",
    "Symbol": "PVS",
    "TradeCenterID": 2,
    "ChangePrice": 1.6339869281045754,
    "VonHoa": 14864.751619,
    "ChangeVolume": 17.13120761372035,
    "EPS": 1.45516876624339,
    "PE": 21.3720914861901,
    "Beta": 1.75751467881868,
    "Price": 31.1,
    "UpdatedDate": "/Date(1686037643765)/",
    "FullName": "Tổng Công ty Cổ phần Dịch vụ Kỹ thuật Dầu khí Việt Nam",
    "ParentCategoryId": 340,
    "Cập nhật": "11:52 Thứ 4, 07/06/2023",
    "Mã công ty": "PVS",
    "Tên công ty": "Tổng Công ty Cổ phần Dịch vụ Kỹ thuật Dầu khí Việt Nam (HNX)",
    "Giá điểm": "31",
    "Thay đổi": "N/A",
    "Khối lượng": "4,111,724",
    "Giá tham chiếu": "31",
    "Giá trần": "34.1",
    "Giá sàn": "27.9",
    "Giá mở cửa": "31.2",
    "Giá cao nhất": "31.6",
    "Giá thấp nhất": "30.9",
    "Giao dịch NĐTNN": "Giao dịch NĐTNN",
    "KLGD ròng": "31.6",
    "GT Mua": "0.17 (Tỷ)",
    "GT Bán": "0.51 (Tỷ)",
    "Room còn lại": "N/A",
    "(*)   EPS cơ bản (nghìn đồng):": "1.51",
    "EPS pha loãng (nghìn đồng):": "1.51",
    "P/E :": "20.54",
    "Giá trị sổ sách /cp (nghìn đồng):": "25.48",
    "(**) Hệ số beta:": "1.76",
    "KLGD khớp lệnh trung bình 10 phiên:": "7,424,186",
    "KLCP đang niêm yết:": "477,966,290",
    "KLCP đang lưu hành:": "477,966,290",
    "Vốn hóa thị trường (tỷ đồng):": "14,816.95",
    "Doanh thu": "13,200 tỷ",
    "Lợi nhuận trước thuế": "780 tỷ",
    "Lợi nhuận sau thuế": "560 tỷ",
    "Cổ tức bằng tiền mặt": "7 %",
    "Cổ tức bằng cổ phiếu": "N/A",
    "Dự kiến tăng vốn lên": "N/A",
    "Giới thiệu công ty": "Ngày 09/2/1993, Công ty Dịch vụ Kỹ thuật Dầu khí được thành lập trên cơ sở sáp nhập 2 đơn vị trực thuộc Tổng Công ty Dầu khí Việt Nam là: Công ty Địa vật lý và Công ty Dịch vụ dầu khí. Ngành nghề kinh doanh: dịch vụ đại lý tàu biển và môi giới hàng hải, dịch vụ cung ứng tàu biển; dịch vụ phục vụ hoạt động khảo sát địa vật lý, địa chất công trình; dịch vụ quản lý khai thác các tàu chứa dầu..."
}