{
    "Url": "http://s.cafef.vn/hastc/QST-cong-ty-co-phan-sach-va-thiet-bi-truong-hoc-quang-ninh.chn",
    "CenterName": "HNX",
    "Symbol": "QST",
    "TradeCenterID": 2,
    "ChangePrice": 0,
    "VonHoa": 23.976,
    "ChangeVolume": 0,
    "EPS": 3.51033369352037,
    "PE": 2.10806169614571,
    "Beta": -0.159232319691526,
    "Price": 7.4,
    "UpdatedDate": "/Date(1686037643765)/",
    "FullName": "Công ty Cổ phần Sách và Thiết bị trường học Quảng Ninh",
    "ParentCategoryId": 346,
    "Cập nhật": "11:52 Thứ 4, 07/06/2023",
    "Mã công ty": "QST",
    "Tên công ty": "Công ty Cổ phần Sách và Thiết bị trường học Quảng Ninh (HNX)",
    "Giá điểm": "7.4",
    "Thay đổi": "N/A",
    "Khối lượng": "0.0",
    "Giá tham chiếu": "7.4",
    "Giá trần": "8.1",
    "Giá sàn": "6.7",
    "Giá mở cửa": "N/A",
    "Giá cao nhất": "N/A",
    "Giá thấp nhất": "N/A",
    "Giao dịch NĐTNN": "Giao dịch NĐTNN",
    "KLGD ròng": "7.4",
    "GT Mua": "0 (Tỷ)",
    "GT Bán": "0 (Tỷ)",
    "Room còn lại": "N/A",
    "(*)   EPS cơ bản (nghìn đồng):": "4.36",
    "EPS pha loãng (nghìn đồng):": "4.36",
    "P/E :": "1.70",
    "Giá trị sổ sách /cp (nghìn đồng):": "12.08",
    "(**) Hệ số beta:": "-0.16",
    "KLGD khớp lệnh trung bình 10 phiên:": "n/a",
    "KLCP đang niêm yết:": "3,240,000",
    "KLCP đang lưu hành:": "3,240,000",
    "Vốn hóa thị trường (tỷ đồng):": "23.98",
    "Doanh thu": "168 tỷ",
    "Lợi nhuận trước thuế": "N/A",
    "Lợi nhuận sau thuế": "9 tỷ",
    "Cổ tức bằng tiền mặt": "16 %",
    "Cổ tức bằng cổ phiếu": "N/A",
    "Dự kiến tăng vốn lên": "N/A",
    "Giới thiệu công ty": "Công ty Sách và Thiết bị trường học Quảng Ninh được UBND tỉnh Quảng Ninh thành lập từ 04/11/1983. Sau hơn 20 năm phát triển, Công ty hoạt động với mục tiêu: giữ vững và mở rộng quy mô phát triển lên Tổng công ty theo hướng kinh doanh đa ngành; theo đuổi mục tiêu chất lượng cao đối với công tác giáo dục trường Văn Lang; giữ vững thị phần bán buôn thông qua hệ thống các phòng GD&ĐT, các trường, mở rộng mạng lưới các siêu thị..."
}