{
    "Url": "http://s.cafef.vn/hastc/QTC-cong-ty-co-phan-cong-trinh-giao-thong-van-tai-quang-nam.chn",
    "CenterName": "HNX",
    "Symbol": "QTC",
    "TradeCenterID": 2,
    "ChangePrice": -6.153846153846159,
    "VonHoa": 32.94,
    "ChangeVolume": -100,
    "EPS": 0.715036949058519,
    "PE": 17.0620553470189,
    "Beta": 0.011743054946981,
    "Price": 12.2,
    "UpdatedDate": "/Date(1686037643765)/",
    "FullName": "Công ty Cổ phần Công trình Giao thông Vận tải Quảng Nam",
    "ParentCategoryId": 345,
    "Cập nhật": "11:52 Thứ 4, 07/06/2023",
    "Mã công ty": "QTC",
    "Tên công ty": "Công ty Cổ phần Công trình Giao thông Vận tải Quảng Nam (HNX)",
    "Giá điểm": "12.9",
    "Thay đổi": "-0.1 (-0.77%)",
    "Khối lượng": "200",
    "Giá tham chiếu": "13",
    "Giá trần": "14.3",
    "Giá sàn": "11.7",
    "Giá mở cửa": "N/A",
    "Giá cao nhất": "N/A",
    "Giá thấp nhất": "12.9",
    "Giao dịch NĐTNN": "Giao dịch NĐTNN",
    "KLGD ròng": "12.9",
    "GT Mua": "0 (Tỷ)",
    "GT Bán": "0 (Tỷ)",
    "Room còn lại": "N/A",
    "(*)   EPS cơ bản (nghìn đồng):": "0.79",
    "EPS pha loãng (nghìn đồng):": "0.79",
    "P/E :": "16.27",
    "Giá trị sổ sách /cp (nghìn đồng):": "16.11",
    "(**) Hệ số beta:": "0.01",
    "KLGD khớp lệnh trung bình 10 phiên:": "2,020",
    "KLCP đang niêm yết:": "2,700,000",
    "KLCP đang lưu hành:": "2,700,000",
    "Vốn hóa thị trường (tỷ đồng):": "35.10",
    "Doanh thu": "90 tỷ",
    "Lợi nhuận trước thuế": "4.6 tỷ",
    "Lợi nhuận sau thuế": "N/A",
    "Cổ tức bằng tiền mặt": "13 %",
    "Cổ tức bằng cổ phiếu": "N/A",
    "Dự kiến tăng vốn lên": "N/A",
    "Giới thiệu công ty": "Tiền thân của Công ty Cổ phần Công trình GTVT Quảng Nam là Công trường 1/5 và Công trường 2/9, được hình thành từ những năm 1972 và 1973, để phục vụ chiến đấu. Hiện tại, ngành nghề kinh doanh của Công ty: quản lý khai thác duy tu các công trình giao thông đường bộ; xây dựng công trình đường bộ, dân dụng, công trình thủy lợi, thủy điện; kinh doanh môi giới bất động sản..."
}