{
    "Url": "http://s.cafef.vn/hastc/RCL-cong-ty-co-phan-dia-oc-cho-lon.chn",
    "CenterName": "HNX",
    "Symbol": "RCL",
    "TradeCenterID": 2,
    "ChangePrice": 3.1496062992126013,
    "VonHoa": 181.5491534,
    "ChangeVolume": 72.24409448818898,
    "EPS": 0.43136880887091,
    "PE": 30.3684451230693,
    "Beta": 0.340548593462449,
    "Price": 13.1,
    "UpdatedDate": "/Date(1686037643765)/",
    "FullName": "Công ty Cổ phần Địa ốc Chợ Lớn",
    "ParentCategoryId": 345,
    "Cập nhật": "11:52 Thứ 4, 07/06/2023",
    "Mã công ty": "RCL",
    "Tên công ty": "Công ty Cổ phần Địa ốc Chợ Lớn (HNX)",
    "Giá điểm": "13",
    "Thay đổi": "-0.1 (-0.76%)",
    "Khối lượng": "1,030",
    "Giá tham chiếu": "13.1",
    "Giá trần": "14.4",
    "Giá sàn": "11.8",
    "Giá mở cửa": "N/A",
    "Giá cao nhất": "N/A",
    "Giá thấp nhất": "13",
    "Giao dịch NĐTNN": "Giao dịch NĐTNN",
    "KLGD ròng": "13",
    "GT Mua": "0 (Tỷ)",
    "GT Bán": "0 (Tỷ)",
    "Room còn lại": "N/A",
    "(*)   EPS cơ bản (nghìn đồng):": "0.47",
    "EPS pha loãng (nghìn đồng):": "0.47",
    "P/E :": "27.40",
    "Giá trị sổ sách /cp (nghìn đồng):": "20.83",
    "(**) Hệ số beta:": "0.34",
    "KLGD khớp lệnh trung bình 10 phiên:": "2,166",
    "KLCP đang niêm yết:": "13,858,714",
    "KLCP đang lưu hành:": "13,858,714",
    "Vốn hóa thị trường (tỷ đồng):": "181.55",
    "Doanh thu": "60 tỷ",
    "Lợi nhuận trước thuế": "8 tỷ",
    "Lợi nhuận sau thuế": "N/A",
    "Cổ tức bằng tiền mặt": "3 %",
    "Cổ tức bằng cổ phiếu": "N/A",
    "Dự kiến tăng vốn lên": "N/A",
    "Giới thiệu công ty": "Công ty Cổ phần Địa ốc Chợ Lớn (Cho Lon RES) được thành lập từ việc cổ phần hóa Doanh nghiệp Nhà nước là Công ty Xây dựng và Dịch vụ nhà Quận 8 theo Quyết định số 5828/QĐ-UB ngày 31/12/2003 của Ủy ban Nhân dân Thành phố Hồ Chí Minh. Trong hơn 20 năm qua, công ty đã được Nhà nước tặng Huân chương lao động hạng ba, Huân chương lao động hạng nhì, nhiều bằng khen của Chính phủ và Ủy ban Nhân dân Thành phố Hồ Chí Minh..."
}