{
    "Url": "http://s.cafef.vn/hastc/SAF-cong-ty-co-phan-luong-thuc-thuc-pham-safoco.chn",
    "CenterName": "HNX",
    "Symbol": "SAF",
    "TradeCenterID": 2,
    "ChangePrice": 0,
    "VonHoa": 614.37609,
    "ChangeVolume": -100,
    "EPS": 4.06451418480557,
    "PE": 12.5476250496687,
    "Beta": -0.360311488319188,
    "Price": 51,
    "UpdatedDate": "/Date(1686037643765)/",
    "FullName": "Công ty Cổ phần Lương thực Thực phẩm Safoco",
    "ParentCategoryId": 339,
    "Cập nhật": "11:52 Thứ 4, 07/06/2023",
    "Mã công ty": "SAF",
    "Tên công ty": "Công ty Cổ phần Lương thực Thực phẩm Safoco (HNX)",
    "Giá điểm": "51",
    "Thay đổi": "N/A",
    "Khối lượng": "2,325",
    "Giá tham chiếu": "51",
    "Giá trần": "56.1",
    "Giá sàn": "45.9",
    "Giá mở cửa": "N/A",
    "Giá cao nhất": "N/A",
    "Giá thấp nhất": "N/A",
    "Giao dịch NĐTNN": "Giao dịch NĐTNN",
    "KLGD ròng": "51",
    "GT Mua": "0.12 (Tỷ)",
    "GT Bán": "0 (Tỷ)",
    "Room còn lại": "N/A",
    "(*)   EPS cơ bản (nghìn đồng):": "4.29",
    "EPS pha loãng (nghìn đồng):": "4.29",
    "P/E :": "11.89",
    "Giá trị sổ sách /cp (nghìn đồng):": "13.63",
    "(**) Hệ số beta:": "-0.36",
    "KLGD khớp lệnh trung bình 10 phiên:": "346",
    "KLCP đang niêm yết:": "12,046,590",
    "KLCP đang lưu hành:": "12,046,590",
    "Vốn hóa thị trường (tỷ đồng):": "614.38",
    "Doanh thu": "820 tỷ",
    "Lợi nhuận trước thuế": "66 tỷ",
    "Lợi nhuận sau thuế": "N/A",
    "Cổ tức bằng tiền mặt": "N/A",
    "Cổ tức bằng cổ phiếu": "N/A",
    "Dự kiến tăng vốn lên": "N/A",
    "Giới thiệu công ty": "Công ty Cổ phần Lương thực Thực phẩm SAFOCO tiền thân là Cửa hàng Lương thực Thực phẩm số 4 được thành lập năm 1995, là đơn vị kinh tế hạch toán phụ thuộc và chịu sự quản lý trực tiếp của Công ty Lương thực TP.Hồ Chí Minh. Ngành nghề kinh doanh: sản xuất mì, mì sợ, bún, nui, bánh tráng, các loại từ tinh bột, bột mì; mua bán các mặt hành lương-thực phẩm, công nghệ phẩm, nông thủy hải sản...; mua bán vật liệu xây dựng, kinh doanh nhà hàng, dịch vụ ăn uống."
}