{
    "Url": "http://s.cafef.vn/hastc/SCG-cong-ty-co-phan-tap-doan-xay-dung-scg.chn",
    "CenterName": "HNX",
    "Symbol": "SCG",
    "TradeCenterID": 2,
    "ChangePrice": 1.3975155279502973,
    "VonHoa": 0,
    "ChangeVolume": 13.480578827113481,
    "EPS": 0.169791529553767,
    "PE": 384.58926762493,
    "Beta": 0,
    "Price": 65.3,
    "UpdatedDate": "/Date(1686037643765)/",
    "FullName": "Công ty cổ phần Tập đoàn Xây dựng SCG",
    "ParentCategoryId": 345,
    "Cập nhật": "11:52 Thứ 4, 07/06/2023",
    "Mã công ty": "SCG",
    "Tên công ty": "Công ty cổ phần Tập đoàn Xây dựng SCG (HNX)",
    "Giá điểm": "64.9",
    "Thay đổi": "-0.4 (-0.61%)",
    "Khối lượng": "48,000",
    "Giá tham chiếu": "65.3",
    "Giá trần": "71.8",
    "Giá sàn": "58.8",
    "Giá mở cửa": "65.5",
    "Giá cao nhất": "N/A",
    "Giá thấp nhất": "65",
    "Giao dịch NĐTNN": "Giao dịch NĐTNN",
    "KLGD ròng": "65.5",
    "GT Mua": "0 (Tỷ)",
    "GT Bán": "0 (Tỷ)",
    "Room còn lại": "N/A",
    "(*)   EPS cơ bản (nghìn đồng):": "0.26",
    "EPS pha loãng (nghìn đồng):": "0.26",
    "P/E :": "245.28",
    "Giá trị sổ sách /cp (nghìn đồng):": "n/a",
    "(**) Hệ số beta:": "n/a",
    "KLGD khớp lệnh trung bình 10 phiên:": "104,624",
    "KLCP đang niêm yết:": "n/a",
    "KLCP đang lưu hành:": "n/a",
    "Vốn hóa thị trường (tỷ đồng):": "n/a",
    "Doanh thu": "4,200 tỷ",
    "Lợi nhuận trước thuế": "N/A",
    "Lợi nhuận sau thuế": "189 tỷ",
    "Cổ tức bằng tiền mặt": "N/A",
    "Cổ tức bằng cổ phiếu": "N/A",
    "Dự kiến tăng vốn lên": "N/A",
    "Giới thiệu công ty": "SCG được thành lập vào ngày 17/04/2019 theo giấy chứng nhận đăng ký doanh nghiệp số 0108704763, đăng ký lần đầu ngày 17/04/2019 với 5 cổ đông sáng lập, vốn điều lệ ban đầu là 100 tỷ đồng với hoạt động kinh doanh chính trong lĩnh vực thi công xây dựng. Sau hơn 1 năm hoạt động, SCG đã tăng vốn từ 100 tỷ đồng lên 500 tỷ đồng, nâng cao năng lực tài chính của Công ty trong hoạt động thi công xây dựng trong bối cảnh thi công đồng loạt nhiều dự án được khách hàng tin tưởng giao thầu."
}