{
    "Url": "http://s.cafef.vn/hastc/SCI-cong-ty-co-phan-sci-ec.chn",
    "CenterName": "HNX",
    "Symbol": "SCI",
    "TradeCenterID": 2,
    "ChangePrice": -3.0769230769230793,
    "VonHoa": 320.1640722,
    "ChangeVolume": 25.90383898620947,
    "EPS": 1.2266416507703,
    "PE": 10.2719486103276,
    "Beta": -0.00745047455865083,
    "Price": 12.6,
    "UpdatedDate": "/Date(1686037643765)/",
    "FullName": "Công ty Cổ phần SCI E&C",
    "ParentCategoryId": 345,
    "Cập nhật": "11:52 Thứ 4, 07/06/2023",
    "Mã công ty": "SCI",
    "Tên công ty": "Công ty Cổ phần SCI E&C (HNX)",
    "Giá điểm": "12.7",
    "Thay đổi": "0.1 (0.79%)",
    "Khối lượng": "53,601",
    "Giá tham chiếu": "12.6",
    "Giá trần": "13.8",
    "Giá sàn": "11.4",
    "Giá mở cửa": "12.8",
    "Giá cao nhất": "N/A",
    "Giá thấp nhất": "N/A",
    "Giao dịch NĐTNN": "Giao dịch NĐTNN",
    "KLGD ròng": "12.8",
    "GT Mua": "0 (Tỷ)",
    "GT Bán": "0 (Tỷ)",
    "Room còn lại": "N/A",
    "(*)   EPS cơ bản (nghìn đồng):": "1.40",
    "EPS pha loãng (nghìn đồng):": "1.40",
    "P/E :": "9.08",
    "Giá trị sổ sách /cp (nghìn đồng):": "18.63",
    "(**) Hệ số beta:": "-0.01",
    "KLGD khớp lệnh trung bình 10 phiên:": "154,617",
    "KLCP đang niêm yết:": "25,409,847",
    "KLCP đang lưu hành:": "25,409,847",
    "Vốn hóa thị trường (tỷ đồng):": "320.16",
    "Doanh thu": "2,361.1 tỷ",
    "Lợi nhuận trước thuế": "37.8 tỷ",
    "Lợi nhuận sau thuế": "N/A",
    "Cổ tức bằng tiền mặt": "N/A",
    "Cổ tức bằng cổ phiếu": "N/A",
    "Dự kiến tăng vốn lên": "N/A",
    "Giới thiệu công ty": "Công ty Cổ phần SCI E&C là đơn vị chuyên thi công xây lắp các công trình thủy điện, nhiệt điện, điện mặt trời, hạ tầng kỹ thuật công nghiệp, giao thông, công trình trên sông trên biển..."
}