{
    "Url": "http://s.cafef.vn/hastc/SD4-cong-ty-co-phan-song-da-4.chn",
    "CenterName": "HNX",
    "Symbol": "SD4",
    "TradeCenterID": 2,
    "ChangePrice": 0,
    "VonHoa": 27.81,
    "ChangeVolume": 0,
    "EPS": -1.05757768975748,
    "PE": -2.55300393167254,
    "Beta": 0.307335027604943,
    "Price": 2.7,
    "UpdatedDate": "/Date(1686037643765)/",
    "FullName": "Công ty Cổ phần Sông Đà 4",
    "ParentCategoryId": 345,
    "Cập nhật": "10:17 Thứ 4, 07/06/2023",
    "Mã công ty": "SD4",
    "Tên công ty": "Công ty Cổ phần Sông Đà 4 (HNX)",
    "Giá điểm": "2.7",
    "Thay đổi": "N/A",
    "Khối lượng": "0.0",
    "Giá tham chiếu": "2.7",
    "Giá trần": "2.9",
    "Giá sàn": "2.5",
    "Giá mở cửa": "N/A",
    "Giá cao nhất": "N/A",
    "Giá thấp nhất": "N/A",
    "Giao dịch NĐTNN": "Giao dịch NĐTNN",
    "KLGD ròng": "2.7",
    "GT Mua": "0 (Tỷ)",
    "GT Bán": "0 (Tỷ)",
    "Room còn lại": "N/A",
    "(*)   EPS cơ bản (nghìn đồng):": "n/a",
    "EPS pha loãng (nghìn đồng):": "n/a",
    "P/E :": "n/a",
    "Giá trị sổ sách /cp (nghìn đồng):": "17.60",
    "(**) Hệ số beta:": "0.31",
    "KLGD khớp lệnh trung bình 10 phiên:": "n/a",
    "KLCP đang niêm yết:": "10,300,000",
    "KLCP đang lưu hành:": "10,300,000",
    "Vốn hóa thị trường (tỷ đồng):": "27.81",
    "Doanh thu": "688 tỷ",
    "Lợi nhuận trước thuế": "3 tỷ",
    "Lợi nhuận sau thuế": "2.4 tỷ",
    "Cổ tức bằng tiền mặt": "N/A",
    "Cổ tức bằng cổ phiếu": "N/A",
    "Dự kiến tăng vốn lên": "N/A",
    "Giới thiệu công ty": "Công ty cổ phần Sông Đà 4 tiền thân là Công ty xây dựng thủy điện Miền Trung là đơn vị thành viên thuộc Tổng Công ty Sông Đà, được thành lập theo Quyết định số 447/Q Đ- BXD ngày 18/5/1989 của Bộ trưởng Bộ Xây dựng. Lĩnh vực kinh doanh: xây dựng các công trình thủy lợi, thủy điện, giao thông đường bộ, công trình công nghiệp dân dụng; thi công xây lắp đường dây và trạm biến áp; đầu tư xây dựng khu công nghiệp và đô thị;..."
}