{
    "Url": "http://s.cafef.vn/hastc/SD6-cong-ty-co-phan-song-da-6.chn",
    "CenterName": "HNX",
    "Symbol": "SD6",
    "TradeCenterID": 2,
    "ChangePrice": 33.33333333333336,
    "VonHoa": 152.9950884,
    "ChangeVolume": -90.61228138889362,
    "EPS": -0.359014557260001,
    "PE": -12.2557704444655,
    "Beta": 0.684427306984489,
    "Price": 4.4,
    "UpdatedDate": "/Date(1686037643765)/",
    "FullName": "Công ty Cổ phần Sông Đà 6",
    "ParentCategoryId": 345,
    "Cập nhật": "11:52 Thứ 4, 07/06/2023",
    "Mã công ty": "SD6",
    "Tên công ty": "Công ty Cổ phần Sông Đà 6 (HNX)",
    "Giá điểm": "4.5",
    "Thay đổi": "0.1 (2.27%)",
    "Khối lượng": "142,000",
    "Giá tham chiếu": "4.4",
    "Giá trần": "4.8",
    "Giá sàn": "4",
    "Giá mở cửa": "N/A",
    "Giá cao nhất": "N/A",
    "Giá thấp nhất": "N/A",
    "Giao dịch NĐTNN": "Giao dịch NĐTNN",
    "KLGD ròng": "4.8",
    "GT Mua": "0 (Tỷ)",
    "GT Bán": "0 (Tỷ)",
    "Room còn lại": "N/A",
    "(*)   EPS cơ bản (nghìn đồng):": "n/a",
    "EPS pha loãng (nghìn đồng):": "n/a",
    "P/E :": "n/a",
    "Giá trị sổ sách /cp (nghìn đồng):": "12.61",
    "(**) Hệ số beta:": "0.68",
    "KLGD khớp lệnh trung bình 10 phiên:": "166,088",
    "KLCP đang niêm yết:": "34,771,611",
    "KLCP đang lưu hành:": "34,771,611",
    "Vốn hóa thị trường (tỷ đồng):": "153.00",
    "Doanh thu": "678.4 tỷ",
    "Lợi nhuận trước thuế": "12 tỷ",
    "Lợi nhuận sau thuế": "9.6 tỷ",
    "Cổ tức bằng tiền mặt": "2 %",
    "Cổ tức bằng cổ phiếu": "N/A",
    "Dự kiến tăng vốn lên": "N/A",
    "Giới thiệu công ty": "Công ty Cổ phần Sông Đà 6 là đơn vị thành viên của Tổng công ty Sông Đà - Bộ Xây dựng, tiền thân là Công ty Xây dựng Thuỷ công được thành lập ngày 12/4/1983. Ngành nghề kinh doanh: khai thác đá, cát, sỏi, đất sét; sản xuất điện; xuất nhập khẩu vật tư, nguyên liệu, thiết bị cơ khí; sản xuất kinh doanh vật tư, vật liệu xây dựng, cấu kiện bê tông; xây dựng công trình thủy điện, dân dụng, công nghiệp, giao thông thủy lợi..."
}