{
    "Url": "http://s.cafef.vn/hastc/SD9-cong-ty-co-phan-song-da-9.chn",
    "CenterName": "HNX",
    "Symbol": "SD9",
    "TradeCenterID": 2,
    "ChangePrice": 23.376623376623375,
    "VonHoa": 325.223,
    "ChangeVolume": -94.10946734134188,
    "EPS": 0.0393449334965823,
    "PE": 241.454214195716,
    "Beta": 0.544211725527999,
    "Price": 9.5,
    "UpdatedDate": "/Date(1686037643765)/",
    "FullName": "Công ty Cổ phần Sông Đà 9",
    "ParentCategoryId": 345,
    "Cập nhật": "11:52 Thứ 4, 07/06/2023",
    "Mã công ty": "SD9",
    "Tên công ty": "Công ty Cổ phần Sông Đà 9 (HNX)",
    "Giá điểm": "9.4",
    "Thay đổi": "0.2 (2.17%)",
    "Khối lượng": "128,794",
    "Giá tham chiếu": "9.2",
    "Giá trần": "10.1",
    "Giá sàn": "8.3",
    "Giá mở cửa": "9.6",
    "Giá cao nhất": "N/A",
    "Giá thấp nhất": "N/A",
    "Giao dịch NĐTNN": "Giao dịch NĐTNN",
    "KLGD ròng": "9.6",
    "GT Mua": "0 (Tỷ)",
    "GT Bán": "0 (Tỷ)",
    "Room còn lại": "N/A",
    "(*)   EPS cơ bản (nghìn đồng):": "0.04",
    "EPS pha loãng (nghìn đồng):": "0.04",
    "P/E :": "213.33",
    "Giá trị sổ sách /cp (nghìn đồng):": "19.48",
    "(**) Hệ số beta:": "0.54",
    "KLGD khớp lệnh trung bình 10 phiên:": "150,862",
    "KLCP đang niêm yết:": "34,234,000",
    "KLCP đang lưu hành:": "34,234,000",
    "Vốn hóa thị trường (tỷ đồng):": "314.95",
    "Doanh thu": "489 tỷ",
    "Lợi nhuận trước thuế": "12.5 tỷ",
    "Lợi nhuận sau thuế": "N/A",
    "Cổ tức bằng tiền mặt": "2.5 %",
    "Cổ tức bằng cổ phiếu": "N/A",
    "Dự kiến tăng vốn lên": "N/A",
    "Giới thiệu công ty": "Công ty Cổ phần Sông Đà 9 là đơn vị thành viên của Tổng công ty Sông Đà, được thành lập ngày 20/03/1993. Cổ phiếu của Coog ty được niêm yết tại Sở giao dịch chứng khoán Hn từ ngày 26/12/2006 với mã SD9. Ngành nghề kinh doanh: xây dựng công trình đường sắt và đường bộ; bán buôn vật liệu, thiết bị lắp đặt khác trong xây dựng; vận tải hàng hóa bằng đường bộ; kinh doanh bất động sản..."
}