{
    "Url": "http://s.cafef.vn/hastc/SDA-cong-ty-co-phan-simco-song-da.chn",
    "CenterName": "HNX",
    "Symbol": "SDA",
    "TradeCenterID": 2,
    "ChangePrice": 13.749999999999996,
    "VonHoa": 238.4760378,
    "ChangeVolume": -24.841377317142573,
    "EPS": 0.509855488269208,
    "PE": 17.8481946539234,
    "Beta": 0.518797651389011,
    "Price": 9.1,
    "UpdatedDate": "/Date(1686037643765)/",
    "FullName": "Công ty Cổ phần Simco Sông Đà",
    "ParentCategoryId": 346,
    "Cập nhật": "11:52 Thứ 4, 07/06/2023",
    "Mã công ty": "SDA",
    "Tên công ty": "Công ty Cổ phần Simco Sông Đà (HNX)",
    "Giá điểm": "9.8",
    "Thay đổi": "0.2 (2.08%)",
    "Khối lượng": "291,525",
    "Giá tham chiếu": "9.6",
    "Giá trần": "10.5",
    "Giá sàn": "8.7",
    "Giá mở cửa": "10",
    "Giá cao nhất": "N/A",
    "Giá thấp nhất": "9.4",
    "Giao dịch NĐTNN": "Giao dịch NĐTNN",
    "KLGD ròng": "10",
    "GT Mua": "0 (Tỷ)",
    "GT Bán": "0 (Tỷ)",
    "Room còn lại": "N/A",
    "(*)   EPS cơ bản (nghìn đồng):": "0.68",
    "EPS pha loãng (nghìn đồng):": "0.68",
    "P/E :": "14.42",
    "Giá trị sổ sách /cp (nghìn đồng):": "8.27",
    "(**) Hệ số beta:": "0.52",
    "KLGD khớp lệnh trung bình 10 phiên:": "518,919",
    "KLCP đang niêm yết:": "26,206,158",
    "KLCP đang lưu hành:": "26,206,158",
    "Vốn hóa thị trường (tỷ đồng):": "251.58",
    "Doanh thu": "380 tỷ",
    "Lợi nhuận trước thuế": "N/A",
    "Lợi nhuận sau thuế": "39.5 tỷ",
    "Cổ tức bằng tiền mặt": "N/A",
    "Cổ tức bằng cổ phiếu": "N/A",
    "Dự kiến tăng vốn lên": "N/A",
    "Giới thiệu công ty": "Công ty cổ phần SIMCO Sông Đà tiền thân là Trung tâm Hợp tác lao động nước ngoài Sông Đà được thành lập vào ngày 01/11/1997 trực thuộc Tổng công ty Sông Đà. Sau gần 20 năm xây dựng và phát triển, SIMCO Sông Đà khẳng định được thương hiệu và vị thế của mình với các đối tác trong và ngoài nước trên các lĩnh vực: Đào tạo và xuất khẩu lao động, Đầu tư và Thi công xây lắp các công trình dân dụng, công nghiệp, Khai thác và chế biến khoáng sản."
}