{
    "Url": "http://s.cafef.vn/hastc/SDC-cong-ty-co-phan-tu-van-song-da.chn",
    "CenterName": "HNX",
    "Symbol": "SDC",
    "TradeCenterID": 2,
    "ChangePrice": -9.999999999999998,
    "VonHoa": 18.789912,
    "ChangeVolume": -100,
    "EPS": 0.609342346292117,
    "PE": 11.8160177834553,
    "Beta": -0.211318114230736,
    "Price": 7.2,
    "UpdatedDate": "/Date(1686037643765)/",
    "FullName": "Công ty Cổ phần Tư vấn Sông Đà",
    "ParentCategoryId": 345,
    "Cập nhật": "11:52 Thứ 4, 07/06/2023",
    "Mã công ty": "SDC",
    "Tên công ty": "Công ty Cổ phần Tư vấn Sông Đà (HNX)",
    "Giá điểm": "7.2",
    "Thay đổi": "N/A",
    "Khối lượng": "0.0",
    "Giá tham chiếu": "7.2",
    "Giá trần": "7.9",
    "Giá sàn": "6.5",
    "Giá mở cửa": "N/A",
    "Giá cao nhất": "N/A",
    "Giá thấp nhất": "N/A",
    "Giao dịch NĐTNN": "Giao dịch NĐTNN",
    "KLGD ròng": "7.2",
    "GT Mua": "0 (Tỷ)",
    "GT Bán": "0 (Tỷ)",
    "Room còn lại": "N/A",
    "(*)   EPS cơ bản (nghìn đồng):": "0.65",
    "EPS pha loãng (nghìn đồng):": "0.65",
    "P/E :": "11.04",
    "Giá trị sổ sách /cp (nghìn đồng):": "19.99",
    "(**) Hệ số beta:": "-0.21",
    "KLGD khớp lệnh trung bình 10 phiên:": "114",
    "KLCP đang niêm yết:": "2,609,710",
    "KLCP đang lưu hành:": "2,609,710",
    "Vốn hóa thị trường (tỷ đồng):": "18.79",
    "Doanh thu": "50.14 tỷ",
    "Lợi nhuận trước thuế": "2.5 tỷ",
    "Lợi nhuận sau thuế": "2 tỷ",
    "Cổ tức bằng tiền mặt": "5 %",
    "Cổ tức bằng cổ phiếu": "N/A",
    "Dự kiến tăng vốn lên": "N/A",
    "Giới thiệu công ty": "Công ty Cổ phần Tư vấn Sông Đà tiền thân là Xí nghiệp Thiết kế Sông Đà, được thành lập năm 1975. Trong suốt quá trình hoạt động, Công ty đã nhiều lần thay đổi tên để đáp ứng tình hình nhiệm vụ mới. Nghành nghề kinh doanh: khảo sát địa hình địa chất công trình, lập dự án đầu tư, thẩm định dự án; đầu tư xây dựng các công trình dân dụng công nghiệp; tư vấn lập hồ sơ mời thầu..."
}