{
    "Url": "http://s.cafef.vn/hastc/SDU-cong-ty-co-phan-dau-tu-xay-dung-va-phat-trien-do-thi-song-da.chn",
    "CenterName": "HNX",
    "Symbol": "SDU",
    "TradeCenterID": 2,
    "ChangePrice": 0,
    "VonHoa": 560,
    "ChangeVolume": 0,
    "EPS": 0.052314235522155,
    "PE": 535.227165618086,
    "Beta": 0.349787455539169,
    "Price": 28,
    "UpdatedDate": "/Date(1686037643766)/",
    "FullName": "Công ty Cổ phần Đầu tư Xây dựng và Phát triển Đô thị Sông Đà",
    "ParentCategoryId": 345,
    "Cập nhật": "11:52 Thứ 4, 07/06/2023",
    "Mã công ty": "SDU",
    "Tên công ty": "Công ty Cổ phần Đầu tư Xây dựng và Phát triển Đô thị Sông Đà (HNX)",
    "Giá điểm": "25.2",
    "Thay đổi": "N/A",
    "Khối lượng": "2,600",
    "Giá tham chiếu": "28",
    "Giá trần": "30.8",
    "Giá sàn": "25.2",
    "Giá mở cửa": "N/A",
    "Giá cao nhất": "N/A",
    "Giá thấp nhất": "N/A",
    "Giao dịch NĐTNN": "Giao dịch NĐTNN",
    "KLGD ròng": "25.2",
    "GT Mua": "0 (Tỷ)",
    "GT Bán": "0 (Tỷ)",
    "Room còn lại": "N/A",
    "(*)   EPS cơ bản (nghìn đồng):": "0.09",
    "EPS pha loãng (nghìn đồng):": "0.09",
    "P/E :": "288.11",
    "Giá trị sổ sách /cp (nghìn đồng):": "17.60",
    "(**) Hệ số beta:": "0.35",
    "KLGD khớp lệnh trung bình 10 phiên:": "n/a",
    "KLCP đang niêm yết:": "20,000,000",
    "KLCP đang lưu hành:": "20,000,000",
    "Vốn hóa thị trường (tỷ đồng):": "560.00",
    "Doanh thu": "310 tỷ",
    "Lợi nhuận trước thuế": "2 tỷ",
    "Lợi nhuận sau thuế": "1.7 tỷ",
    "Cổ tức bằng tiền mặt": "N/A",
    "Cổ tức bằng cổ phiếu": "N/A",
    "Dự kiến tăng vốn lên": "N/A",
    "Giới thiệu công ty": "Công ty Cổ phần ĐTXD & PT Đô thị Sông Đà, đơn vị thành viên của Tổng công ty Sông Đà, là một doanh nghiệp được thành lập theo Quyết định số 26/TCT-HĐQT ngày 13/2/2007 của Hội đồng quản trị Tổng công ty Sông Đà. Với mục tiêu phát triển: đa dạng hóa ngành nghề, sản phẩm trên cơ sở phát triển chính ngành đầu tư bất động sản và tài chính, Công ty Cổ phần Đầu tư xây dựng và phát triển Đô thị Sông Đà nỗ lực phấn đấu phát huy mọi nguồn lực để tạo ra sự tăng trưởng và phát triển bền vững cho Công ty."
}