{
    "Url": "http://s.cafef.vn/hastc/SEB-cong-ty-co-phan-dau-tu-va-phat-trien-dien-mien-trung.chn",
    "CenterName": "HNX",
    "Symbol": "SEB",
    "TradeCenterID": 2,
    "ChangePrice": 0,
    "VonHoa": 1375.998667,
    "ChangeVolume": 328.57142857142856,
    "EPS": 5.691846819693,
    "PE": 7.55466571082447,
    "Beta": 0.0398738059766892,
    "Price": 43,
    "UpdatedDate": "/Date(1686037643766)/",
    "FullName": "Công ty Cổ phần Đầu tư và Phát triển Điện miền Trung",
    "ParentCategoryId": 340,
    "Cập nhật": "11:52 Thứ 4, 07/06/2023",
    "Mã công ty": "SEB",
    "Tên công ty": "Công ty Cổ phần Đầu tư và Phát triển Điện miền Trung (HNX)",
    "Giá điểm": "43",
    "Thay đổi": "N/A",
    "Khối lượng": "0.0",
    "Giá tham chiếu": "43",
    "Giá trần": "47.3",
    "Giá sàn": "38.7",
    "Giá mở cửa": "N/A",
    "Giá cao nhất": "N/A",
    "Giá thấp nhất": "N/A",
    "Giao dịch NĐTNN": "Giao dịch NĐTNN",
    "KLGD ròng": "43",
    "GT Mua": "0 (Tỷ)",
    "GT Bán": "0 (Tỷ)",
    "Room còn lại": "N/A",
    "(*)   EPS cơ bản (nghìn đồng):": "5.87",
    "EPS pha loãng (nghìn đồng):": "5.87",
    "P/E :": "7.33",
    "Giá trị sổ sách /cp (nghìn đồng):": "14.72",
    "(**) Hệ số beta:": "0.04",
    "KLGD khớp lệnh trung bình 10 phiên:": "70",
    "KLCP đang niêm yết:": "31,999,969",
    "KLCP đang lưu hành:": "31,999,969",
    "Vốn hóa thị trường (tỷ đồng):": "1,376.00",
    "Doanh thu": "191.05 tỷ",
    "Lợi nhuận trước thuế": "142.98 tỷ",
    "Lợi nhuận sau thuế": "120.76 tỷ",
    "Cổ tức bằng tiền mặt": "N/A",
    "Cổ tức bằng cổ phiếu": "N/A",
    "Dự kiến tăng vốn lên": "N/A",
    "Giới thiệu công ty": "Ngày 18/03/2003 Công ty Cổ phần Đầu tư và Phát triển Điện Miền Trung được thành lập với sự góp vốn của 3 cổ đông: Tổng Công ty Sông Đà (45%), Công ty Điện lực 3 (40%) và Công ty Sản xuất Kinh doanh Xuất Nhập khẩu Bình Minh (15%). Ngành nghề kinh doanh: sản xuất và kinh doanh điện; xây dựng các công trình dân dụng, công nghiệp, giao thông...; kinh doanh bất động sản; khai thác chế biến khoáng sản..."
}