{
    "Url": "http://s.cafef.vn/hastc/SHS-cong-ty-co-phan-chung-khoan-sai-gon-ha-noi.chn",
    "CenterName": "HNX",
    "Symbol": "SHS",
    "TradeCenterID": 2,
    "ChangePrice": 1.6949152542372818,
    "VonHoa": 9757.880976,
    "ChangeVolume": -24.912767117828725,
    "EPS": 0.678374433220592,
    "PE": 17.6893459015397,
    "Beta": 0.997633862062922,
    "Price": 12,
    "UpdatedDate": "/Date(1686037643766)/",
    "FullName": "Công ty Cổ phần Chứng Khoán Sài Gòn Hà Nội",
    "ParentCategoryId": 341,
    "Cập nhật": "11:52 Thứ 4, 07/06/2023",
    "Mã công ty": "SHS",
    "Tên công ty": "Công ty Cổ phần Chứng Khoán Sài Gòn Hà Nội (HNX)",
    "Giá điểm": "12.6",
    "Thay đổi": "-0.1 (-0.79%)",
    "Khối lượng": "8,132,734",
    "Giá tham chiếu": "12.7",
    "Giá trần": "13.9",
    "Giá sàn": "11.5",
    "Giá mở cửa": "12.8",
    "Giá cao nhất": "12.9",
    "Giá thấp nhất": "12.5",
    "Giao dịch NĐTNN": "Giao dịch NĐTNN",
    "KLGD ròng": "12.9",
    "GT Mua": "0.32 (Tỷ)",
    "GT Bán": "0 (Tỷ)",
    "Room còn lại": "N/A",
    "(*)   EPS cơ bản (nghìn đồng):": "0.85",
    "EPS pha loãng (nghìn đồng):": "0.85",
    "P/E :": "14.86",
    "Giá trị sổ sách /cp (nghìn đồng):": "11.62",
    "(**) Hệ số beta:": "1.00",
    "KLGD khớp lệnh trung bình 10 phiên:": "21,112,350",
    "KLCP đang niêm yết:": "813,156,748",
    "KLCP đang lưu hành:": "813,156,748",
    "Vốn hóa thị trường (tỷ đồng):": "10,327.09",
    "Doanh thu": "1,942.2 tỷ",
    "Lợi nhuận trước thuế": "1,103.4 tỷ",
    "Lợi nhuận sau thuế": "N/A",
    "Cổ tức bằng tiền mặt": "N/A",
    "Cổ tức bằng cổ phiếu": "N/A",
    "Dự kiến tăng vốn lên": "N/A",
    "Giới thiệu công ty": "Công ty cổ phần chứng khoán Sài Gòn – Hà Nội (SHS) là một trong các công ty chứng khoán uy tín, có nhiều sản phẩm dịch vụ hỗ trợ khách hàng tối đa trong giao dịch mua bán cũng như các sản phẩm tài chính đa dạng. SHS sở hữu hệ thống phần mềm giao dịch chứng khoán trực tuyến SHPro (Home Trading System) hàng đầu thế giới với nhiều tính năng ưu việt."
}