{
    "Url": "http://s.cafef.vn/hastc/SLS-cong-ty-co-phan-mia-duong-son-la.chn",
    "CenterName": "HNX",
    "Symbol": "SLS",
    "TradeCenterID": 2,
    "ChangePrice": 0.06188118811880837,
    "VonHoa": 1583.3575065,
    "ChangeVolume": -8.998005982053838,
    "EPS": 29.4895091730651,
    "PE": 5.48330591231719,
    "Beta": -0.113804971319312,
    "Price": 161.7,
    "UpdatedDate": "/Date(1686037643766)/",
    "FullName": "Công ty cổ phần Mía đường Sơn La",
    "ParentCategoryId": 338,
    "Cập nhật": "11:52 Thứ 4, 07/06/2023",
    "Mã công ty": "SLS",
    "Tên công ty": "Công ty cổ phần Mía đường Sơn La (HNX)",
    "Giá điểm": "161.8",
    "Thay đổi": "0.7 (0.43%)",
    "Khối lượng": "700",
    "Giá tham chiếu": "161.1",
    "Giá trần": "177.2",
    "Giá sàn": "145",
    "Giá mở cửa": "162",
    "Giá cao nhất": "162",
    "Giá thấp nhất": "N/A",
    "Giao dịch NĐTNN": "Giao dịch NĐTNN",
    "KLGD ròng": "162",
    "GT Mua": "0 (Tỷ)",
    "GT Bán": "0 (Tỷ)",
    "Room còn lại": "N/A",
    "(*)   EPS cơ bản (nghìn đồng):": "31.68",
    "EPS pha loãng (nghìn đồng):": "31.68",
    "P/E :": "5.11",
    "Giá trị sổ sách /cp (nghìn đồng):": "75.66",
    "(**) Hệ số beta:": "-0.11",
    "KLGD khớp lệnh trung bình 10 phiên:": "9,578",
    "KLCP đang niêm yết:": "9,791,945",
    "KLCP đang lưu hành:": "9,791,945",
    "Vốn hóa thị trường (tỷ đồng):": "1,577.48",
    "Doanh thu": "1,110.73 tỷ",
    "Lợi nhuận trước thuế": "75.3 tỷ",
    "Lợi nhuận sau thuế": "75.3 tỷ",
    "Cổ tức bằng tiền mặt": "30 %",
    "Cổ tức bằng cổ phiếu": "N/A",
    "Dự kiến tăng vốn lên": "N/A",
    "Giới thiệu công ty": "Công ty Cổ phần Mía đường Sơn La tiền thân là Nhà máy đường Sơn La trực thuộc Nông trường quốc doanh Tô Hiệu Sơn La quản lý, được khởi công xây dựng ngày 16/9/1995. Ngành nghề kinh doanh: chế biến và kinh doanh các sản phẩm sau đường; sản xuất cồn,nha,nước uống có cồn và không cồn; sản xuất cung ứng giống cây, con; chế biến kinh doanh sản phẩm cao su..."
}