{
    "Url": "http://s.cafef.vn/hastc/SMN-cong-ty-co-phan-sach-va-thiet-bi-giao-duc-mien-nam.chn",
    "CenterName": "HNX",
    "Symbol": "SMN",
    "TradeCenterID": 2,
    "ChangePrice": -0.7518796992481309,
    "VonHoa": 58.146,
    "ChangeVolume": -100,
    "EPS": 1.78198669365721,
    "PE": 7.40746271955004,
    "Beta": 0,
    "Price": 13.2,
    "UpdatedDate": "/Date(1686037643766)/",
    "FullName": "Công ty Cổ phần Sách và Thiết bị Giáo dục Miền Nam",
    "ParentCategoryId": 346,
    "Cập nhật": "11:52 Thứ 4, 07/06/2023",
    "Mã công ty": "SMN",
    "Tên công ty": "Công ty Cổ phần Sách và Thiết bị Giáo dục Miền Nam (HNX)",
    "Giá điểm": "13.2",
    "Thay đổi": "N/A",
    "Khối lượng": "0.0",
    "Giá tham chiếu": "13.2",
    "Giá trần": "14.5",
    "Giá sàn": "11.9",
    "Giá mở cửa": "N/A",
    "Giá cao nhất": "N/A",
    "Giá thấp nhất": "N/A",
    "Giao dịch NĐTNN": "Giao dịch NĐTNN",
    "KLGD ròng": "13.2",
    "GT Mua": "0 (Tỷ)",
    "GT Bán": "0 (Tỷ)",
    "Room còn lại": "N/A",
    "(*)   EPS cơ bản (nghìn đồng):": "1.93",
    "EPS pha loãng (nghìn đồng):": "1.93",
    "P/E :": "6.83",
    "Giá trị sổ sách /cp (nghìn đồng):": "17.24",
    "(**) Hệ số beta:": "n/a",
    "KLGD khớp lệnh trung bình 10 phiên:": "740",
    "KLCP đang niêm yết:": "4,405,000",
    "KLCP đang lưu hành:": "4,405,000",
    "Vốn hóa thị trường (tỷ đồng):": "58.15",
    "Doanh thu": "468 tỷ",
    "Lợi nhuận trước thuế": "11 tỷ",
    "Lợi nhuận sau thuế": "N/A",
    "Cổ tức bằng tiền mặt": "11 %",
    "Cổ tức bằng cổ phiếu": "N/A",
    "Dự kiến tăng vốn lên": "N/A",
    "Giới thiệu công ty": "Công ty cổ phần Sách và Thiết bị giáo dục Miền Nam được thành lập theo Quyết định số 313/QĐ-NXBGDVN, ngày 16/3/2010, của Tổng Giám đốc NXBGDVN. Công ty hoạt động tương đương như Tổng đại lí phát hành sách giáo khoa và các sản phẩm giáo dục phục vụ học sinh, giáo viên và nhân dân trong khu vực 17 tỉnh, thành phố phía Nam; Sản xuất, kinh doanh thiết bị giáo dục, văn phòng phẩm và các loại sản phẩm giáo dục khác,…"
}