{
    "Url": "http://s.cafef.vn/hastc/SMT-cong-ty-co-phan-sametel.chn",
    "CenterName": "HNX",
    "Symbol": "SMT",
    "TradeCenterID": 2,
    "ChangePrice": 1.265822784810122,
    "VonHoa": 43.739456,
    "ChangeVolume": -45.11525795828759,
    "EPS": -0.190423074950324,
    "PE": -42.0117152403246,
    "Beta": -0.376654105687495,
    "Price": 8,
    "UpdatedDate": "/Date(1686037643766)/",
    "FullName": "Công ty cổ phần SAMETEL",
    "ParentCategoryId": 347,
    "Cập nhật": "11:52 Thứ 4, 07/06/2023",
    "Mã công ty": "SMT",
    "Tên công ty": "Công ty cổ phần SAMETEL (HNX)",
    "Giá điểm": "8",
    "Thay đổi": "0.2 (2.56%)",
    "Khối lượng": "1,905",
    "Giá tham chiếu": "7.8",
    "Giá trần": "8.5",
    "Giá sàn": "7.1",
    "Giá mở cửa": "8",
    "Giá cao nhất": "N/A",
    "Giá thấp nhất": "N/A",
    "Giao dịch NĐTNN": "Giao dịch NĐTNN",
    "KLGD ròng": "8",
    "GT Mua": "0 (Tỷ)",
    "GT Bán": "0 (Tỷ)",
    "Room còn lại": "N/A",
    "(*)   EPS cơ bản (nghìn đồng):": "n/a",
    "EPS pha loãng (nghìn đồng):": "n/a",
    "P/E :": "n/a",
    "Giá trị sổ sách /cp (nghìn đồng):": "10.83",
    "(**) Hệ số beta:": "-0.38",
    "KLGD khớp lệnh trung bình 10 phiên:": "4,238",
    "KLCP đang niêm yết:": "5,467,432",
    "KLCP đang lưu hành:": "5,467,432",
    "Vốn hóa thị trường (tỷ đồng):": "42.65",
    "Doanh thu": "350 tỷ",
    "Lợi nhuận trước thuế": "8 tỷ",
    "Lợi nhuận sau thuế": "N/A",
    "Cổ tức bằng tiền mặt": "N/A",
    "Cổ tức bằng cổ phiếu": "N/A",
    "Dự kiến tăng vốn lên": "N/A",
    "Giới thiệu công ty": "Công ty Cổ phần Vật liệu Điện và Viễn thông Sam Cường (Sametel) được thành lập theo giấy phép đăng ký kinh doanh số 4703000342 do Sở Kế hoạch và Đầu tư tỉnh Đồng Nai cấp ngày 20 tháng 10 năm 2006. Tiền thân của Sametel là một bộ phận sản xuất của công ty SACOM (HOSE:SAM) được tách ra thành công ty độc lập để phát triển nhánh kinh doanh về vật liệu điện và viễn thông. Sametel vẫn đã thiết lập được mạng lưới khách hàng và đối tác vững chắc – trong đó có những tên tuối lớn như VNPT, FPT, Viettel, SPT, CMC, EVN, SACOM, Ngành Công An."
}