{
    "Url": "http://s.cafef.vn/hastc/SPI-cong-ty-co-phan-spiral-galaxy.chn",
    "CenterName": "HNX",
    "Symbol": "SPI",
    "TradeCenterID": 2,
    "ChangePrice": 3.333333333333336,
    "VonHoa": 38.6745,
    "ChangeVolume": -32.30184106405034,
    "EPS": -0.438136623134106,
    "PE": -5.24950410113516,
    "Beta": 0.322232933134695,
    "Price": 3.1,
    "UpdatedDate": "/Date(1686037643766)/",
    "FullName": "Công ty cổ phần Spiral Galaxy",
    "ParentCategoryId": 343,
    "Cập nhật": "11:52 Thứ 4, 07/06/2023",
    "Mã công ty": "SPI",
    "Tên công ty": "Công ty cổ phần Spiral Galaxy (HNX)",
    "Giá điểm": "3.5",
    "Thay đổi": "0.2 (6.06%)",
    "Khối lượng": "37,501",
    "Giá tham chiếu": "3.3",
    "Giá trần": "3.6",
    "Giá sàn": "3",
    "Giá mở cửa": "3.4",
    "Giá cao nhất": "N/A",
    "Giá thấp nhất": "N/A",
    "Giao dịch NĐTNN": "Giao dịch NĐTNN",
    "KLGD ròng": "3.6",
    "GT Mua": "0 (Tỷ)",
    "GT Bán": "0 (Tỷ)",
    "Room còn lại": "N/A",
    "(*)   EPS cơ bản (nghìn đồng):": "n/a",
    "EPS pha loãng (nghìn đồng):": "n/a",
    "P/E :": "n/a",
    "Giá trị sổ sách /cp (nghìn đồng):": "9.03",
    "(**) Hệ số beta:": "0.32",
    "KLGD khớp lệnh trung bình 10 phiên:": "25,960",
    "KLCP đang niêm yết:": "16,815,000",
    "KLCP đang lưu hành:": "16,815,000",
    "Vốn hóa thị trường (tỷ đồng):": "38.67",
    "Doanh thu": "250 tỷ",
    "Lợi nhuận trước thuế": "N/A",
    "Lợi nhuận sau thuế": "10 tỷ",
    "Cổ tức bằng tiền mặt": "N/A",
    "Cổ tức bằng cổ phiếu": "N/A",
    "Dự kiến tăng vốn lên": "N/A",
    "Giới thiệu công ty": "Công ty cổ phần Đá Spilít được thành lập vào ngày 13/04/2009. Công ty hoạt động trong lĩnh vực khai thác quặng kim loại màu, khai thác các loại khoáng sản, dịch vụ khoan nổ mìn, khai thác đá, sản xuất đá xẻ và hoàn thiện đá xẻ."
}