{
    "Url": "http://s.cafef.vn/hastc/STP-cong-ty-co-phan-cong-nghiep-thuong-mai-song-da.chn",
    "CenterName": "HNX",
    "Symbol": "STP",
    "TradeCenterID": 2,
    "ChangePrice": 2.898550724637671,
    "VonHoa": 56.9566473,
    "ChangeVolume": 42.14046822742475,
    "EPS": 0.576230553823773,
    "PE": 12.321457015574,
    "Beta": 0.0538953641223381,
    "Price": 7.1,
    "UpdatedDate": "/Date(1686037643766)/",
    "FullName": "Công ty Cổ phần Công nghiệp Thương mại Sông Đà",
    "ParentCategoryId": 344,
    "Cập nhật": "11:52 Thứ 4, 07/06/2023",
    "Mã công ty": "STP",
    "Tên công ty": "Công ty Cổ phần Công nghiệp Thương mại Sông Đà (HNX)",
    "Giá điểm": "7.2",
    "Thay đổi": "N/A",
    "Khối lượng": "3,006",
    "Giá tham chiếu": "7.2",
    "Giá trần": "7.9",
    "Giá sàn": "6.5",
    "Giá mở cửa": "N/A",
    "Giá cao nhất": "N/A",
    "Giá thấp nhất": "N/A",
    "Giao dịch NĐTNN": "Giao dịch NĐTNN",
    "KLGD ròng": "7.2",
    "GT Mua": "0 (Tỷ)",
    "GT Bán": "0 (Tỷ)",
    "Room còn lại": "N/A",
    "(*)   EPS cơ bản (nghìn đồng):": "0.65",
    "EPS pha loãng (nghìn đồng):": "0.65",
    "P/E :": "11.07",
    "Giá trị sổ sách /cp (nghìn đồng):": "17.14",
    "(**) Hệ số beta:": "0.05",
    "KLGD khớp lệnh trung bình 10 phiên:": "4,702",
    "KLCP đang niêm yết:": "8,045,744",
    "KLCP đang lưu hành:": "8,022,063",
    "Vốn hóa thị trường (tỷ đồng):": "57.76",
    "Doanh thu": "203.8 tỷ",
    "Lợi nhuận trước thuế": "10 tỷ",
    "Lợi nhuận sau thuế": "N/A",
    "Cổ tức bằng tiền mặt": "7 - 10 %",
    "Cổ tức bằng cổ phiếu": "N/A",
    "Dự kiến tăng vốn lên": "N/A",
    "Giới thiệu công ty": "Công ty cổ phần Công Nghiệp Thương Mại Sông Đà là đơn vị thành viên của Tập đoàn công nghiệp xây dựng Việt Nam - một trong những Tập đoàn hàng đầu trong cả nước về lĩnh vực xây dựng, đặc biệt là xây dựng các công trình thuỷ điện. Lĩnh vực kinh doanh: sản xuất kinh doanh bao bì các loại; kinh doanh vật tư vận tải vật liệu xây dựng; xuất nhập khẩu máy móc thiết bị; xây dựng công trình dân dụng..."
}