{
    "Url": "http://s.cafef.vn/hastc/SZB-cong-ty-co-phan-sonadezi-long-binh.chn",
    "CenterName": "HNX",
    "Symbol": "SZB",
    "TradeCenterID": 2,
    "ChangePrice": 0.34129692832763775,
    "VonHoa": 882,
    "ChangeVolume": -39.3498301795245,
    "EPS": 3.46254534740158,
    "PE": 8.49086352675866,
    "Beta": 0,
    "Price": 29.4,
    "UpdatedDate": "/Date(1686037643766)/",
    "FullName": "Công ty cổ phần Sonadezi Long Bình",
    "ParentCategoryId": 343,
    "Cập nhật": "11:52 Thứ 4, 07/06/2023",
    "Mã công ty": "SZB",
    "Tên công ty": "Công ty cổ phần Sonadezi Long Bình (HNX)",
    "Giá điểm": "30",
    "Thay đổi": "1 (3.45%)",
    "Khối lượng": "3,139",
    "Giá tham chiếu": "29",
    "Giá trần": "31.9",
    "Giá sàn": "26.1",
    "Giá mở cửa": "29.2",
    "Giá cao nhất": "30",
    "Giá thấp nhất": "N/A",
    "Giao dịch NĐTNN": "Giao dịch NĐTNN",
    "KLGD ròng": "30",
    "GT Mua": "0 (Tỷ)",
    "GT Bán": "0 (Tỷ)",
    "Room còn lại": "N/A",
    "(*)   EPS cơ bản (nghìn đồng):": "3.62",
    "EPS pha loãng (nghìn đồng):": "3.62",
    "P/E :": "8.30",
    "Giá trị sổ sách /cp (nghìn đồng):": "19.59",
    "(**) Hệ số beta:": "n/a",
    "KLGD khớp lệnh trung bình 10 phiên:": "6,663",
    "KLCP đang niêm yết:": "30,000,000",
    "KLCP đang lưu hành:": "30,000,000",
    "Vốn hóa thị trường (tỷ đồng):": "870.00",
    "Doanh thu": "389.58 tỷ",
    "Lợi nhuận trước thuế": "137.39 tỷ",
    "Lợi nhuận sau thuế": "111.53 tỷ",
    "Cổ tức bằng tiền mặt": "25 %",
    "Cổ tức bằng cổ phiếu": "N/A",
    "Dự kiến tăng vốn lên": "N/A",
    "Giới thiệu công ty": "Sonadezi Long Bình là thương hiệu uy tín trong lĩnh vực bất động sản khu công nghiệp tại Đồng Nai. Với niềm tự hào đó, hành trình của chúng tôi là sự tiếp nối những bền bỉ và nỗ lực kiến tạo các khu công nghiệp hiện đại. Qua đó, tạo nên môi trường đầu tư bền vững cho các doanh nghiệp trong và ngoài nước khi lựa chọn Đồng Nai làm điểm đến để đầu tư và phát triển."
}