{
    "Url": "http://s.cafef.vn/hastc/TA9-cong-ty-co-phan-xay-lap-thanh-an-96.chn",
    "CenterName": "HNX",
    "Symbol": "TA9",
    "TradeCenterID": 2,
    "ChangePrice": 0,
    "VonHoa": 145.3115079,
    "ChangeVolume": 400,
    "EPS": 1.53774830490011,
    "PE": 7.60852732707777,
    "Beta": 0,
    "Price": 11.7,
    "UpdatedDate": "/Date(1686037643766)/",
    "FullName": "Công ty Cổ phần Xây lắp Thành An 96",
    "ParentCategoryId": 345,
    "Cập nhật": "11:52 Thứ 4, 07/06/2023",
    "Mã công ty": "TA9",
    "Tên công ty": "Công ty Cổ phần Xây lắp Thành An 96 (HNX)",
    "Giá điểm": "11.6",
    "Thay đổi": "0.3 (2.65%)",
    "Khối lượng": "100",
    "Giá tham chiếu": "11.3",
    "Giá trần": "12.4",
    "Giá sàn": "10.2",
    "Giá mở cửa": "11.6",
    "Giá cao nhất": "11.6",
    "Giá thấp nhất": "N/A",
    "Giao dịch NĐTNN": "Giao dịch NĐTNN",
    "KLGD ròng": "11.6",
    "GT Mua": "0 (Tỷ)",
    "GT Bán": "0 (Tỷ)",
    "Room còn lại": "N/A",
    "(*)   EPS cơ bản (nghìn đồng):": "1.64",
    "EPS pha loãng (nghìn đồng):": "1.64",
    "P/E :": "7.05",
    "Giá trị sổ sách /cp (nghìn đồng):": "11.83",
    "(**) Hệ số beta:": "n/a",
    "KLGD khớp lệnh trung bình 10 phiên:": "332",
    "KLCP đang niêm yết:": "12,419,787",
    "KLCP đang lưu hành:": "12,419,787",
    "Vốn hóa thị trường (tỷ đồng):": "140.34",
    "Doanh thu": "1,670 tỷ",
    "Lợi nhuận trước thuế": "25.05 tỷ",
    "Lợi nhuận sau thuế": "20.04 tỷ",
    "Cổ tức bằng tiền mặt": "N/A",
    "Cổ tức bằng cổ phiếu": "N/A",
    "Dự kiến tăng vốn lên": "N/A",
    "Giới thiệu công ty": "Công ty CPXL Thành An 96 tiền thân là Xí nghiệp 96 trực thuộc Tổng công ty Thành An (Binh đoàn 11), đóng quân trên địa bàn quận Hải Châu, thành phố Đà Nẵng. Công ty hoạt động với phương châm nâng cao chất lượng công trình là yếu tố hàng đầu để tồn tại và phát triển. Các công trình thi công đều đảm bảo chất lượng, tiến độ, an toàn và được chủ đầu tư đánh giá cao là yếu tố thành công của Thành An 96"
}