{
    "Url": "http://s.cafef.vn/hastc/TC6-cong-ty-co-phan-than-coc-sau-vinacomin.chn",
    "CenterName": "HNX",
    "Symbol": "TC6",
    "TradeCenterID": 2,
    "ChangePrice": 4.301075268817189,
    "VonHoa": 315.2122185,
    "ChangeVolume": -28.827290877000088,
    "EPS": -0.00405263594977415,
    "PE": -2393.50391207495,
    "Beta": 0.752782402944527,
    "Price": 9.7,
    "UpdatedDate": "/Date(1686037643766)/",
    "FullName": "Công ty cổ phần Than Cọc Sáu - Vinacomin",
    "ParentCategoryId": 340,
    "Cập nhật": "11:53 Thứ 4, 07/06/2023",
    "Mã công ty": "TC6",
    "Tên công ty": "Công ty cổ phần Than Cọc Sáu - Vinacomin (HNX)",
    "Giá điểm": "9.6",
    "Thay đổi": "N/A",
    "Khối lượng": "232,300",
    "Giá tham chiếu": "9.6",
    "Giá trần": "10.5",
    "Giá sàn": "8.7",
    "Giá mở cửa": "9.8",
    "Giá cao nhất": "N/A",
    "Giá thấp nhất": "9.5",
    "Giao dịch NĐTNN": "Giao dịch NĐTNN",
    "KLGD ròng": "9.8",
    "GT Mua": "0 (Tỷ)",
    "GT Bán": "0 (Tỷ)",
    "Room còn lại": "N/A",
    "(*)   EPS cơ bản (nghìn đồng):": "n/a",
    "EPS pha loãng (nghìn đồng):": "n/a",
    "P/E :": "n/a",
    "Giá trị sổ sách /cp (nghìn đồng):": "-0.54",
    "(**) Hệ số beta:": "0.75",
    "KLGD khớp lệnh trung bình 10 phiên:": "564,501",
    "KLCP đang niêm yết:": "32,496,105",
    "KLCP đang lưu hành:": "32,496,105",
    "Vốn hóa thị trường (tỷ đồng):": "311.96",
    "Doanh thu": "2,722.63 tỷ",
    "Lợi nhuận trước thuế": "40.39 tỷ",
    "Lợi nhuận sau thuế": "N/A",
    "Cổ tức bằng tiền mặt": "3 %",
    "Cổ tức bằng cổ phiếu": "N/A",
    "Dự kiến tăng vốn lên": "N/A",
    "Giới thiệu công ty": "Công ty Cổ phần Than Cọc Sáu – Vinacomin (Tiền thân là Mỏ than Cọc Sáu) là thành viên trực thuộc Tập đoàn Công nghiệp Than – Khoáng sản Việt Nam. Mỏ được thành lập vào ngày 1/8/1960, qua 55 năm xây dựng và phát triển, Công ty Cổ phần Than Cọc Sáu – Vinacomin đã tự khẳng định được vị thế của mình và đang vững bước phát triển đi lên hoà nhập chung với công cuộc Công nghiệp hoá - Hiện đại hoá đất nước."
}