{
    "Url": "http://s.cafef.vn/hastc/TDT-cong-ty-co-phan-dau-tu-va-phat-trien-tdt.chn",
    "CenterName": "HNX",
    "Symbol": "TDT",
    "TradeCenterID": 2,
    "ChangePrice": -1.2987012987013056,
    "VonHoa": 181.6136584,
    "ChangeVolume": -61.78787513143606,
    "EPS": 0.666793999858377,
    "PE": 11.3978230182248,
    "Beta": 0,
    "Price": 7.6,
    "UpdatedDate": "/Date(1686037643766)/",
    "FullName": "Công ty cổ phần Đầu tư và Phát triển TDT",
    "ParentCategoryId": 339,
    "Cập nhật": "11:53 Thứ 4, 07/06/2023",
    "Mã công ty": "TDT",
    "Tên công ty": "Công ty cổ phần Đầu tư và Phát triển TDT (HNX)",
    "Giá điểm": "7.6",
    "Thay đổi": "-0.2 (-2.56%)",
    "Khối lượng": "18,012",
    "Giá tham chiếu": "7.8",
    "Giá trần": "8.5",
    "Giá sàn": "7.1",
    "Giá mở cửa": "N/A",
    "Giá cao nhất": "N/A",
    "Giá thấp nhất": "7.5",
    "Giao dịch NĐTNN": "Giao dịch NĐTNN",
    "KLGD ròng": "7.8",
    "GT Mua": "0 (Tỷ)",
    "GT Bán": "0 (Tỷ)",
    "Room còn lại": "N/A",
    "(*)   EPS cơ bản (nghìn đồng):": "0.75",
    "EPS pha loãng (nghìn đồng):": "0.88",
    "P/E :": "10.18",
    "Giá trị sổ sách /cp (nghìn đồng):": "10.81",
    "(**) Hệ số beta:": "n/a",
    "KLGD khớp lệnh trung bình 10 phiên:": "49,842",
    "KLCP đang niêm yết:": "20,289,777",
    "KLCP đang lưu hành:": "23,896,534",
    "Vốn hóa thị trường (tỷ đồng):": "186.39",
    "Doanh thu": "540.44 tỷ",
    "Lợi nhuận trước thuế": "31.72 tỷ",
    "Lợi nhuận sau thuế": "N/A",
    "Cổ tức bằng tiền mặt": "N/A",
    "Cổ tức bằng cổ phiếu": "N/A",
    "Dự kiến tăng vốn lên": "N/A",
    "Giới thiệu công ty": "Công ty cổ phần Đầu tư và phát triển TDT được thành lập và hoạt động theo giấy chứng nhận ĐKKD số 4600941221 do Sở Kế hoạch và Đầu tư tỉnh Thái Nguyên cấp đăng ký lần đầu ngày 22/03/2011 với vốn điều lệ ban đầu là 8 tỷ đồng, đăng ký thay đổi lần thứ 8 ngày 01/12/2017 với vốn điều lệ là 80.150.400.000 đồng"
}