{
    "Url": "http://s.cafef.vn/hastc/TET-cong-ty-co-phan-vai-soi-may-mac-mien-bac.chn",
    "CenterName": "HNX",
    "Symbol": "TET",
    "TradeCenterID": 2,
    "ChangePrice": 0,
    "VonHoa": 167.666436,
    "ChangeVolume": 0,
    "EPS": 1.6460341908314,
    "PE": 17.86111136923,
    "Beta": -0.104811147138726,
    "Price": 29.4,
    "UpdatedDate": "/Date(1686037643766)/",
    "FullName": "Công ty Cổ phần Vải sợi May mặc Miền Bắc",
    "ParentCategoryId": 344,
    "Cập nhật": "11:53 Thứ 4, 07/06/2023",
    "Mã công ty": "TET",
    "Tên công ty": "Công ty Cổ phần Vải sợi May mặc Miền Bắc (HNX)",
    "Giá điểm": "29.4",
    "Thay đổi": "N/A",
    "Khối lượng": "0.0",
    "Giá tham chiếu": "29.4",
    "Giá trần": "32.3",
    "Giá sàn": "26.5",
    "Giá mở cửa": "N/A",
    "Giá cao nhất": "N/A",
    "Giá thấp nhất": "N/A",
    "Giao dịch NĐTNN": "Giao dịch NĐTNN",
    "KLGD ròng": "29.4",
    "GT Mua": "0 (Tỷ)",
    "GT Bán": "0 (Tỷ)",
    "Room còn lại": "N/A",
    "(*)   EPS cơ bản (nghìn đồng):": "1.68",
    "EPS pha loãng (nghìn đồng):": "1.68",
    "P/E :": "17.50",
    "Giá trị sổ sách /cp (nghìn đồng):": "19.27",
    "(**) Hệ số beta:": "-0.10",
    "KLGD khớp lệnh trung bình 10 phiên:": "n/a",
    "KLCP đang niêm yết:": "5,702,940",
    "KLCP đang lưu hành:": "5,702,940",
    "Vốn hóa thị trường (tỷ đồng):": "167.67",
    "Doanh thu": "26 tỷ",
    "Lợi nhuận trước thuế": "N/A",
    "Lợi nhuận sau thuế": "N/A",
    "Cổ tức bằng tiền mặt": "N/A",
    "Cổ tức bằng cổ phiếu": "N/A",
    "Dự kiến tăng vốn lên": "N/A",
    "Giới thiệu công ty": "Công ty cổ phần vải sợi may mặc miền Bắc (TEXTACO) tiền thân là Tổng công ty vải sợi may mặc thuộc Bộ Thương Mại thành lập ngày 27/05/1957. Qua nhiều lần thay đổi, đến ngày 22/02/1995 được chuyển thành Công ty vải sợi may mặc miền Bắc. Ngành nghề kinh doanh: sản xuất kinh doanh xuất nhập khẩu hàng dệt may, bông vải sợi, thuốc nhuộm, hàng da...;kinh doanh dịch vụ kho nhà xưởng; buôn bán hàng tiêu dùng"
}