{
    "Url": "http://s.cafef.vn/hastc/TFC-cong-ty-co-phan-trang.chn",
    "CenterName": "HNX",
    "Symbol": "TFC",
    "TradeCenterID": 2,
    "ChangePrice": 11.475409836065577,
    "VonHoa": 114.4439592,
    "ChangeVolume": 269.64285714285717,
    "EPS": 1.3741357451743,
    "PE": 4.94856496083468,
    "Beta": 0,
    "Price": 6.8,
    "UpdatedDate": "/Date(1686037643766)/",
    "FullName": "Công ty Cổ phần Trang",
    "ParentCategoryId": 339,
    "Cập nhật": "11:53 Thứ 4, 07/06/2023",
    "Mã công ty": "TFC",
    "Tên công ty": "Công ty Cổ phần Trang (HNX)",
    "Giá điểm": "6.6",
    "Thay đổi": "-0.2 (-2.94%)",
    "Khối lượng": "400",
    "Giá tham chiếu": "6.8",
    "Giá trần": "7.4",
    "Giá sàn": "6.2",
    "Giá mở cửa": "N/A",
    "Giá cao nhất": "N/A",
    "Giá thấp nhất": "6.3",
    "Giao dịch NĐTNN": "Giao dịch NĐTNN",
    "KLGD ròng": "6.6",
    "GT Mua": "0 (Tỷ)",
    "GT Bán": "0 (Tỷ)",
    "Room còn lại": "N/A",
    "(*)   EPS cơ bản (nghìn đồng):": "1.51",
    "EPS pha loãng (nghìn đồng):": "1.51",
    "P/E :": "4.37",
    "Giá trị sổ sách /cp (nghìn đồng):": "11.55",
    "(**) Hệ số beta:": "n/a",
    "KLGD khớp lệnh trung bình 10 phiên:": "812",
    "KLCP đang niêm yết:": "16,829,994",
    "KLCP đang lưu hành:": "16,829,994",
    "Vốn hóa thị trường (tỷ đồng):": "114.44",
    "Doanh thu": "822 tỷ",
    "Lợi nhuận trước thuế": "24.65 tỷ",
    "Lợi nhuận sau thuế": "N/A",
    "Cổ tức bằng tiền mặt": "0.5 %",
    "Cổ tức bằng cổ phiếu": "N/A",
    "Dự kiến tăng vốn lên": "N/A",
    "Giới thiệu công ty": "Công ty cổ phần Trang (TrangCorp) được thành lập vào tháng 07/2004 với nhà máy sản xuất tại khu công nghiệp Hiệp Phước, thành phố HCM. Ngày 13/11/2015, cổ phiếu của Công ty được niêm yết trên HNX với mã cổ phiếu: TFC.  Ngành nghề kinh doanh: sản xuất chế biến, bảo quản thủy sản và các sản phẩm từ thủy sản; sản xuất chế biến thực phẩm, cà phê và trà."
}