{
    "Url": "http://s.cafef.vn/hastc/THT-cong-ty-co-phan-than-ha-tu-vinacomin.chn",
    "CenterName": "HNX",
    "Symbol": "THT",
    "TradeCenterID": 2,
    "ChangePrice": 4.104951333051217,
    "VonHoa": 302.1993396,
    "ChangeVolume": -17.514170818407653,
    "EPS": 2.82707239887309,
    "PE": 4.35079059344323,
    "Beta": 0.976544376664662,
    "Price": 12.3,
    "UpdatedDate": "/Date(1686037643766)/",
    "FullName": "Công ty cổ phần Than Hà Tu - Vinacomin",
    "ParentCategoryId": 340,
    "Cập nhật": "11:53 Thứ 4, 07/06/2023",
    "Mã công ty": "THT",
    "Tên công ty": "Công ty cổ phần Than Hà Tu - Vinacomin (HNX)",
    "Giá điểm": "12.1",
    "Thay đổi": "0.1 (0.83%)",
    "Khối lượng": "33,260",
    "Giá tham chiếu": "12",
    "Giá trần": "13.2",
    "Giá sàn": "10.8",
    "Giá mở cửa": "12.1",
    "Giá cao nhất": "N/A",
    "Giá thấp nhất": "11.8",
    "Giao dịch NĐTNN": "Giao dịch NĐTNN",
    "KLGD ròng": "12.1",
    "GT Mua": "0 (Tỷ)",
    "GT Bán": "0 (Tỷ)",
    "Room còn lại": "N/A",
    "(*)   EPS cơ bản (nghìn đồng):": "2.99",
    "EPS pha loãng (nghìn đồng):": "2.99",
    "P/E :": "4.05",
    "Giá trị sổ sách /cp (nghìn đồng):": "12.41",
    "(**) Hệ số beta:": "0.98",
    "KLGD khớp lệnh trung bình 10 phiên:": "105,050",
    "KLCP đang niêm yết:": "24,569,052",
    "KLCP đang lưu hành:": "24,569,052",
    "Vốn hóa thị trường (tỷ đồng):": "294.83",
    "Doanh thu": "4,448 tỷ",
    "Lợi nhuận trước thuế": "77.88 tỷ",
    "Lợi nhuận sau thuế": "N/A",
    "Cổ tức bằng tiền mặt": "10 %",
    "Cổ tức bằng cổ phiếu": "N/A",
    "Dự kiến tăng vốn lên": "N/A",
    "Giới thiệu công ty": "Công ty than Hà Tu ( Nay là Công ty cổ phần than Hà Tu) được giao tiếp quản năm 1955, được chính thức thành lập từ 01/08/1960, trở thành đơn vị thành viên Tổng Công ty than Việt Nam kể từ 06/05/1996. Ngành nghề kinh doanh: khai thác chế biến kinh doanh than và các loại khoáng sản; xây dựng các công trình mỏ, công nghiệp, dân dụng; chế tạo sửa chữa gia công thiết bị mỏ; vận tải đường thủy đường bộ đường sắt..."
}