{
    "Url": "http://s.cafef.vn/hastc/TIG-cong-ty-co-phan-tap-doan-dau-tu-thang-long.chn",
    "CenterName": "HNX",
    "Symbol": "TIG",
    "TradeCenterID": 2,
    "ChangePrice": -3.5087719298245648,
    "VonHoa": 1936.071335,
    "ChangeVolume": 2.856184626015286,
    "EPS": 1.09910529324568,
    "PE": 10.0081403188559,
    "Beta": 1.43992638681974,
    "Price": 11,
    "UpdatedDate": "/Date(1686037643766)/",
    "FullName": "Công ty Cổ phần Tập đoàn Đầu tư Thăng Long",
    "ParentCategoryId": 341,
    "Cập nhật": "11:53 Thứ 4, 07/06/2023",
    "Mã công ty": "TIG",
    "Tên công ty": "Công ty Cổ phần Tập đoàn Đầu tư Thăng Long (HNX)",
    "Giá điểm": "11.4",
    "Thay đổi": "0.3 (2.7%)",
    "Khối lượng": "1,297,925",
    "Giá tham chiếu": "11.1",
    "Giá trần": "12.2",
    "Giá sàn": "10",
    "Giá mở cửa": "11.2",
    "Giá cao nhất": "11.6",
    "Giá thấp nhất": "N/A",
    "Giao dịch NĐTNN": "Giao dịch NĐTNN",
    "KLGD ròng": "11.6",
    "GT Mua": "0.02 (Tỷ)",
    "GT Bán": "0.01 (Tỷ)",
    "Room còn lại": "N/A",
    "(*)   EPS cơ bản (nghìn đồng):": "1.21",
    "EPS pha loãng (nghìn đồng):": "1.21",
    "P/E :": "9.43",
    "Giá trị sổ sách /cp (nghìn đồng):": "11.54",
    "(**) Hệ số beta:": "1.44",
    "KLGD khớp lệnh trung bình 10 phiên:": "1,325,308",
    "KLCP đang niêm yết:": "176,006,485",
    "KLCP đang lưu hành:": "176,006,485",
    "Vốn hóa thị trường (tỷ đồng):": "1,953.67",
    "Doanh thu": "1,253.96 tỷ",
    "Lợi nhuận trước thuế": "280.2 tỷ",
    "Lợi nhuận sau thuế": "N/A",
    "Cổ tức bằng tiền mặt": "N/A",
    "Cổ tức bằng cổ phiếu": "N/A",
    "Dự kiến tăng vốn lên": "N/A",
    "Giới thiệu công ty": "Công ty Cổ phần Tập đoàn Đầu tư Thăng Long (ThangLong Invest Group - TIG) được thành lập ngày 8/8/2001, tiền thân là Công ty CP Văn hóa Thông tin Thăng Long. Ngày 8/10/2010, ThangLong Invest Group  chính thức niêm yết cổ phiếu tại Sở  Giao dịch Chứng khoán Hà Nội ( HNX) với mã chứng  khoán TIG. Bất động sản, đầu tư tài chính, chứng khoán, đầu tư xây dựng, truyền thông là những lĩnh vực chính của TIG."
}