{
    "Url": "http://s.cafef.vn/hastc/TJC-cong-ty-co-phan-dich-vu-van-tai-va-thuong-mai.chn",
    "CenterName": "HNX",
    "Symbol": "TJC",
    "TradeCenterID": 2,
    "ChangePrice": -0.6060606060606146,
    "VonHoa": 141.04,
    "ChangeVolume": 25,
    "EPS": 4.65389681657108,
    "PE": 3.52392857993858,
    "Beta": 1.13451932345982,
    "Price": 16.4,
    "UpdatedDate": "/Date(1686037643766)/",
    "FullName": "Công ty cổ phần Dịch vụ Vận tải và Thương mại",
    "ParentCategoryId": 343,
    "Cập nhật": "11:53 Thứ 4, 07/06/2023",
    "Mã công ty": "TJC",
    "Tên công ty": "Công ty cổ phần Dịch vụ Vận tải và Thương mại (HNX)",
    "Giá điểm": "16.4",
    "Thay đổi": "N/A",
    "Khối lượng": "0.0",
    "Giá tham chiếu": "16.4",
    "Giá trần": "18",
    "Giá sàn": "14.8",
    "Giá mở cửa": "N/A",
    "Giá cao nhất": "N/A",
    "Giá thấp nhất": "N/A",
    "Giao dịch NĐTNN": "Giao dịch NĐTNN",
    "KLGD ròng": "16.4",
    "GT Mua": "0 (Tỷ)",
    "GT Bán": "0 (Tỷ)",
    "Room còn lại": "N/A",
    "(*)   EPS cơ bản (nghìn đồng):": "5.04",
    "EPS pha loãng (nghìn đồng):": "5.04",
    "P/E :": "3.25",
    "Giá trị sổ sách /cp (nghìn đồng):": "13.67",
    "(**) Hệ số beta:": "1.13",
    "KLGD khớp lệnh trung bình 10 phiên:": "526",
    "KLCP đang niêm yết:": "8,600,000",
    "KLCP đang lưu hành:": "8,600,000",
    "Vốn hóa thị trường (tỷ đồng):": "141.04",
    "Doanh thu": "103.2 tỷ",
    "Lợi nhuận trước thuế": "11.35 tỷ",
    "Lợi nhuận sau thuế": "N/A",
    "Cổ tức bằng tiền mặt": "9 %",
    "Cổ tức bằng cổ phiếu": "N/A",
    "Dự kiến tăng vốn lên": "N/A",
    "Giới thiệu công ty": "Công ty Cổ phần Dịch vụ Vận tải và Thương mại tiền thân là Xí nghiệp Dịch vụ Vận tải hàng hóa và Hành khách trực thuộc Công ty Vận tải Biển III, thành viên của Tổng Công ty Hàng hải Việt Nam, được cổ phần hóa ngày 30/12/1999. Lĩnh vực kinh doanh: dịch vụ vận tải hàng hóa và hành khách trong và ngoài nước; dịch vụ đại lý: tàu biển,liên hiệp vận chuyển...;dịch vụ sửa chữa tàu biển và kinh doanh xuất nhập khẩu."
}