{
    "Url": "http://s.cafef.vn/hastc/TKC-cong-ty-co-phan-xay-dung-va-kinh-doanh-dia-oc-tan-ky.chn",
    "CenterName": "HNX",
    "Symbol": "TKC",
    "TradeCenterID": 2,
    "ChangePrice": 0,
    "VonHoa": 24.0395392,
    "ChangeVolume": -100,
    "EPS": -30.3279621614115,
    "PE": -0.0527565944419371,
    "Beta": 0.0111022997620936,
    "Price": 1.6,
    "UpdatedDate": "/Date(1686037643766)/",
    "FullName": "Công  ty Cổ phần Xây dựng và Kinh doanh Địa ốc Tân Kỷ",
    "ParentCategoryId": 345,
    "Cập nhật": "10:17 Thứ 4, 07/06/2023",
    "Mã công ty": "TKC",
    "Tên công ty": "Công  ty Cổ phần Xây dựng và Kinh doanh Địa ốc Tân Kỷ (HNX)",
    "Giá điểm": "1.6",
    "Thay đổi": "N/A",
    "Khối lượng": "0.0",
    "Giá tham chiếu": "1.6",
    "Giá trần": "1.7",
    "Giá sàn": "1.5",
    "Giá mở cửa": "N/A",
    "Giá cao nhất": "N/A",
    "Giá thấp nhất": "N/A",
    "Giao dịch NĐTNN": "Giao dịch NĐTNN",
    "KLGD ròng": "1.6",
    "GT Mua": "0 (Tỷ)",
    "GT Bán": "0 (Tỷ)",
    "Room còn lại": "N/A",
    "(*)   EPS cơ bản (nghìn đồng):": "n/a",
    "EPS pha loãng (nghìn đồng):": "n/a",
    "P/E :": "n/a",
    "Giá trị sổ sách /cp (nghìn đồng):": "11.27",
    "(**) Hệ số beta:": "0.01",
    "KLGD khớp lệnh trung bình 10 phiên:": "106,748",
    "KLCP đang niêm yết:": "15,674,712",
    "KLCP đang lưu hành:": "15,024,712",
    "Vốn hóa thị trường (tỷ đồng):": "24.04",
    "Doanh thu": "1,000 tỷ",
    "Lợi nhuận trước thuế": "30 tỷ",
    "Lợi nhuận sau thuế": "24 tỷ",
    "Cổ tức bằng tiền mặt": "N/A",
    "Cổ tức bằng cổ phiếu": "N/A",
    "Dự kiến tăng vốn lên": "N/A",
    "Giới thiệu công ty": "Công ty Cổ phần Xây dựng và Kinh doanh Địa ốc Tân Kỷ tiền là là Công ty TNHH Xây dựng – Dịch vụ Tân Kỷ được thành lập ngày 12/05/1999. Ngành nghề kinh doanh: xây dựng, lắp đặt, sửa chữa các công trình dân dụng, công nghiệp, các công trình kỹ thuật hạ tầng đô thị và khu công nghiệp, các công trình giao thông, thủy lợi; lắp đặt đường dây, trạm biến áp và thiết bị công nghiệp; xây dựng các công trình cấp thoát nước..."
}