{
    "Url": "http://s.cafef.vn/hastc/TKG-ctcp-san-xuat-va-thuong-mai-tung-khanh.chn",
    "CenterName": "HNX",
    "Symbol": "TKG",
    "TradeCenterID": 2,
    "ChangePrice": 2.205882352941182,
    "VonHoa": 87.7828368,
    "ChangeVolume": 156.7054218947853,
    "EPS": 0.240134602637209,
    "PE": 57.8842026402994,
    "Beta": 0,
    "Price": 13.9,
    "UpdatedDate": "/Date(1686037643766)/",
    "FullName": "CTCP Sản xuất và Thương mại Tùng Khánh",
    "ParentCategoryId": 339,
    "Cập nhật": "11:53 Thứ 4, 07/06/2023",
    "Mã công ty": "TKG",
    "Tên công ty": "CTCP Sản xuất và Thương mại Tùng Khánh (HNX)",
    "Giá điểm": "13.9",
    "Thay đổi": "N/A",
    "Khối lượng": "318,200",
    "Giá tham chiếu": "13.9",
    "Giá trần": "15.2",
    "Giá sàn": "12.6",
    "Giá mở cửa": "14",
    "Giá cao nhất": "N/A",
    "Giá thấp nhất": "N/A",
    "Giao dịch NĐTNN": "Giao dịch NĐTNN",
    "KLGD ròng": "14",
    "GT Mua": "0 (Tỷ)",
    "GT Bán": "0 (Tỷ)",
    "Room còn lại": "N/A",
    "(*)   EPS cơ bản (nghìn đồng):": "0.30",
    "EPS pha loãng (nghìn đồng):": "0.30",
    "P/E :": "46.68",
    "Giá trị sổ sách /cp (nghìn đồng):": "10.38",
    "(**) Hệ số beta:": "n/a",
    "KLGD khớp lệnh trung bình 10 phiên:": "16,678",
    "KLCP đang niêm yết:": "6,315,312",
    "KLCP đang lưu hành:": "6,315,312",
    "Vốn hóa thị trường (tỷ đồng):": "87.78",
    "Doanh thu": "160 tỷ",
    "Lợi nhuận trước thuế": "N/A",
    "Lợi nhuận sau thuế": "3.5 tỷ",
    "Cổ tức bằng tiền mặt": "24 %",
    "Cổ tức bằng cổ phiếu": "N/A",
    "Dự kiến tăng vốn lên": "N/A"
}