{
    "Url": "http://s.cafef.vn/hastc/TMB-cong-ty-co-phan-kinh-doanh-than-mien-bac-vinacomin.chn",
    "CenterName": "HNX",
    "Symbol": "TMB",
    "TradeCenterID": 2,
    "ChangePrice": 0.3846153846153901,
    "VonHoa": 391.5,
    "ChangeVolume": -42.87806664225558,
    "EPS": 10.1056893163353,
    "PE": 2.58270358240786,
    "Beta": 0,
    "Price": 26.1,
    "UpdatedDate": "/Date(1686037643766)/",
    "FullName": "Công ty Cổ phần Kinh doanh than Miền Bắc - Vinacomin",
    "ParentCategoryId": 340,
    "Cập nhật": "11:53 Thứ 4, 07/06/2023",
    "Mã công ty": "TMB",
    "Tên công ty": "Công ty Cổ phần Kinh doanh than Miền Bắc - Vinacomin (HNX)",
    "Giá điểm": "26.2",
    "Thay đổi": "N/A",
    "Khối lượng": "100",
    "Giá tham chiếu": "26.2",
    "Giá trần": "28.8",
    "Giá sàn": "23.6",
    "Giá mở cửa": "N/A",
    "Giá cao nhất": "N/A",
    "Giá thấp nhất": "N/A",
    "Giao dịch NĐTNN": "Giao dịch NĐTNN",
    "KLGD ròng": "26.2",
    "GT Mua": "0 (Tỷ)",
    "GT Bán": "0 (Tỷ)",
    "Room còn lại": "N/A",
    "(*)   EPS cơ bản (nghìn đồng):": "10.88",
    "EPS pha loãng (nghìn đồng):": "10.88",
    "P/E :": "2.41",
    "Giá trị sổ sách /cp (nghìn đồng):": "22.09",
    "(**) Hệ số beta:": "n/a",
    "KLGD khớp lệnh trung bình 10 phiên:": "11,749",
    "KLCP đang niêm yết:": "15,000,000",
    "KLCP đang lưu hành:": "15,000,000",
    "Vốn hóa thị trường (tỷ đồng):": "393.00",
    "Doanh thu": "31,809 tỷ",
    "Lợi nhuận trước thuế": "105 tỷ",
    "Lợi nhuận sau thuế": "N/A",
    "Cổ tức bằng tiền mặt": "10 %",
    "Cổ tức bằng cổ phiếu": "N/A",
    "Dự kiến tăng vốn lên": "N/A",
    "Giới thiệu công ty": "Công ty CPKD Than Miền Bắc - Vinacomin là đơn vị thành viên của Tập đoàn Công nghiệp Than khoáng sản Việt Nam (Vinacomin), là một mắt xích nằm trong dây chuyền sản xuất, chế biến và tiêu thụ than của Tập đoàn Vinacomin. Hoạt động chủ yếu của Công ty là bán than tại địa bàn các tỉnh phía bắc từ Hà Tĩnh trở ra."
}