{
    "Url": "http://s.cafef.vn/hastc/TMC-cong-ty-co-phan-thuong-mai-xuat-nhap-khau-thu-duc.chn",
    "CenterName": "HNX",
    "Symbol": "TMC",
    "TradeCenterID": 2,
    "ChangePrice": 0,
    "VonHoa": 117.8,
    "ChangeVolume": -92.5925925925926,
    "EPS": 0.332291759955242,
    "PE": 28.5893336665333,
    "Beta": 0.135404500506112,
    "Price": 9.5,
    "UpdatedDate": "/Date(1686037643766)/",
    "FullName": "Công ty Cổ phần Thương mại - Xuất nhập khẩu Thủ Đức",
    "ParentCategoryId": 346,
    "Cập nhật": "11:53 Thứ 4, 07/06/2023",
    "Mã công ty": "TMC",
    "Tên công ty": "Công ty Cổ phần Thương mại - Xuất nhập khẩu Thủ Đức (HNX)",
    "Giá điểm": "9.5",
    "Thay đổi": "N/A",
    "Khối lượng": "1,517",
    "Giá tham chiếu": "9.5",
    "Giá trần": "10.4",
    "Giá sàn": "8.6",
    "Giá mở cửa": "N/A",
    "Giá cao nhất": "N/A",
    "Giá thấp nhất": "N/A",
    "Giao dịch NĐTNN": "Giao dịch NĐTNN",
    "KLGD ròng": "9.5",
    "GT Mua": "0 (Tỷ)",
    "GT Bán": "0 (Tỷ)",
    "Room còn lại": "N/A",
    "(*)   EPS cơ bản (nghìn đồng):": "0.35",
    "EPS pha loãng (nghìn đồng):": "0.35",
    "P/E :": "27.02",
    "Giá trị sổ sách /cp (nghìn đồng):": "15.07",
    "(**) Hệ số beta:": "0.14",
    "KLGD khớp lệnh trung bình 10 phiên:": "672",
    "KLCP đang niêm yết:": "12,400,000",
    "KLCP đang lưu hành:": "12,400,000",
    "Vốn hóa thị trường (tỷ đồng):": "117.80",
    "Doanh thu": "2,129 tỷ",
    "Lợi nhuận trước thuế": "15 tỷ",
    "Lợi nhuận sau thuế": "12 tỷ",
    "Cổ tức bằng tiền mặt": "N/A",
    "Cổ tức bằng cổ phiếu": "N/A",
    "Dự kiến tăng vốn lên": "N/A",
    "Giới thiệu công ty": "Công ty Thương mại Xuất nhập khẩu Thủ Đức được hình thành từ việc sáp nhập 02 doanh nghiệp nhà nước là Công ty Vật Tư Tổng Hợp Huyện Thủ Đức và Công ty Thương nghiệp Tổng hợp Thủ Đức, thành lập theo quyết định 728/QĐUBNCVX ngày 7/2/1995 của UBND Tp.HCM. Ngành nghề kinh doanh: thương nhân phân phối xăng dầu, nhớt, mỡ...; kinh doanh sắt thép xây dựng, hàng kim khí điện máy, dụng cụ gia đình; dịch vụ nhà hàng tiệc cưới hội nghị, dịch vụ kho bãi..."
}