{
    "Url": "http://s.cafef.vn/hastc/TMX-cong-ty-co-phan-vicem-thuong-mai-xi-mang.chn",
    "CenterName": "HNX",
    "Symbol": "TMX",
    "TradeCenterID": 2,
    "ChangePrice": 9.523809523809524,
    "VonHoa": 69,
    "ChangeVolume": -49.044585987261144,
    "EPS": 0.83019816000765,
    "PE": 13.8521145359971,
    "Beta": 0.227193289059769,
    "Price": 11.5,
    "UpdatedDate": "/Date(1686037643766)/",
    "FullName": "Công ty cổ phần VICEM Thương mại Xi măng",
    "ParentCategoryId": 346,
    "Cập nhật": "11:53 Thứ 4, 07/06/2023",
    "Mã công ty": "TMX",
    "Tên công ty": "Công ty cổ phần VICEM Thương mại Xi măng (HNX)",
    "Giá điểm": "11.5",
    "Thay đổi": "N/A",
    "Khối lượng": "0.0",
    "Giá tham chiếu": "11.5",
    "Giá trần": "12.6",
    "Giá sàn": "10.4",
    "Giá mở cửa": "N/A",
    "Giá cao nhất": "N/A",
    "Giá thấp nhất": "N/A",
    "Giao dịch NĐTNN": "Giao dịch NĐTNN",
    "KLGD ròng": "11.5",
    "GT Mua": "0 (Tỷ)",
    "GT Bán": "0 (Tỷ)",
    "Room còn lại": "N/A",
    "(*)   EPS cơ bản (nghìn đồng):": "0.88",
    "EPS pha loãng (nghìn đồng):": "0.88",
    "P/E :": "13.06",
    "Giá trị sổ sách /cp (nghìn đồng):": "15.77",
    "(**) Hệ số beta:": "0.23",
    "KLGD khớp lệnh trung bình 10 phiên:": "1,590",
    "KLCP đang niêm yết:": "6,000,000",
    "KLCP đang lưu hành:": "6,000,000",
    "Vốn hóa thị trường (tỷ đồng):": "69.00",
    "Doanh thu": "649.25 tỷ",
    "Lợi nhuận trước thuế": "8.26 tỷ",
    "Lợi nhuận sau thuế": "N/A",
    "Cổ tức bằng tiền mặt": "5 %",
    "Cổ tức bằng cổ phiếu": "N/A",
    "Dự kiến tăng vốn lên": "N/A",
    "Giới thiệu công ty": "Công ty Cổ phần VICEM thương mại Xi măng có trụ sở tại 348 đường Giải Phóng - Phương Liệt - Thanh Xuân - Hà Nội. Là thành viên của Tổng công ty Công nghiệp xi măng Việt Nam - Bộ xây dựng. Với tên gọi cũ trước khi cổ phần hóa năm 2007 là Công ty Vật tư kỹ thuật xi măng, được thành lập năm 1993 theo Quyết định của Bộ xây dựng."
}