{
    "Url": "http://s.cafef.vn/hastc/TOT-cong-ty-co-phan-transimex-logistics.chn",
    "CenterName": "HNX",
    "Symbol": "TOT",
    "TradeCenterID": 2,
    "ChangePrice": 0,
    "VonHoa": 74.1825,
    "ChangeVolume": -76.24703087885986,
    "EPS": 3.13721578034837,
    "PE": 4.30317866069796,
    "Beta": 0,
    "Price": 13.5,
    "UpdatedDate": "/Date(1686037643766)/",
    "FullName": "Công ty Cổ phần Transimex Logistics",
    "ParentCategoryId": 343,
    "Cập nhật": "11:53 Thứ 4, 07/06/2023",
    "Mã công ty": "TOT",
    "Tên công ty": "Công ty Cổ phần Transimex Logistics (HNX)",
    "Giá điểm": "13.5",
    "Thay đổi": "N/A",
    "Khối lượng": "0.0",
    "Giá tham chiếu": "13.5",
    "Giá trần": "14.8",
    "Giá sàn": "12.2",
    "Giá mở cửa": "N/A",
    "Giá cao nhất": "N/A",
    "Giá thấp nhất": "N/A",
    "Giao dịch NĐTNN": "Giao dịch NĐTNN",
    "KLGD ròng": "13.5",
    "GT Mua": "0 (Tỷ)",
    "GT Bán": "0 (Tỷ)",
    "Room còn lại": "N/A",
    "(*)   EPS cơ bản (nghìn đồng):": "3.29",
    "EPS pha loãng (nghìn đồng):": "3.29",
    "P/E :": "4.10",
    "Giá trị sổ sách /cp (nghìn đồng):": "11.63",
    "(**) Hệ số beta:": "n/a",
    "KLGD khớp lệnh trung bình 10 phiên:": "381",
    "KLCP đang niêm yết:": "5,495,000",
    "KLCP đang lưu hành:": "5,495,000",
    "Vốn hóa thị trường (tỷ đồng):": "74.18",
    "Doanh thu": "270.15 tỷ",
    "Lợi nhuận trước thuế": "39.9 tỷ",
    "Lợi nhuận sau thuế": "N/A",
    "Cổ tức bằng tiền mặt": "20 %",
    "Cổ tức bằng cổ phiếu": "N/A",
    "Dự kiến tăng vốn lên": "N/A",
    "Giới thiệu công ty": "Công ty CP Vận tải Transimex được chuyển đổi từ Công ty TNHH MTV Vận tải Giao nhận Ngoại thương, tiền thân là bộ phận vận tải của Công ty TRANSIMEX-SAIGON (nay là Công ty CP Transimex). Với hơn 30 năm trong lĩnh vực giao nhận vận tải, hiện nay, chúng tôi là một trong những 3PLs lớn nhất cung cấp dịch vụ vận tải đường bộ (trucking) tại Việt Nam. Là một trong số ít các doanh nghiệp logistics nằm trong top 500 doanh nghiệp tư nhân lớn Việt Nam, TMS-Trans lấy lợi ích khách hàng làm nền tảng cho sự tồn tại và phát triển của công ty, cam kết sẽ luôn mang đến cho khách hàng dịch vụ vận chuyển an toàn, nhanh chóng với giá cả cạnh tranh."
}