{
    "Url": "http://s.cafef.vn/hastc/TV3-cong-ty-co-phan-tu-van-xay-dung-dien-3.chn",
    "CenterName": "HNX",
    "Symbol": "TV3",
    "TradeCenterID": 2,
    "ChangePrice": -1.9354838709677464,
    "VonHoa": 144.66638,
    "ChangeVolume": 223.9775461106656,
    "EPS": 1.6478671232466,
    "PE": 9.22404469727705,
    "Beta": -0.799931129476584,
    "Price": 15.2,
    "UpdatedDate": "/Date(1686037643766)/",
    "FullName": "Công ty Cổ phần Tư vấn Xây dựng Điện 3",
    "ParentCategoryId": 345,
    "Cập nhật": "11:53 Thứ 4, 07/06/2023",
    "Mã công ty": "TV3",
    "Tên công ty": "Công ty Cổ phần Tư vấn Xây dựng Điện 3 (HNX)",
    "Giá điểm": "14",
    "Thay đổi": "-1.2 (-7.89%)",
    "Khối lượng": "600",
    "Giá tham chiếu": "15.2",
    "Giá trần": "16.7",
    "Giá sàn": "13.7",
    "Giá mở cửa": "N/A",
    "Giá cao nhất": "N/A",
    "Giá thấp nhất": "15",
    "Giao dịch NĐTNN": "Giao dịch NĐTNN",
    "KLGD ròng": "15",
    "GT Mua": "0 (Tỷ)",
    "GT Bán": "0 (Tỷ)",
    "Room còn lại": "N/A",
    "(*)   EPS cơ bản (nghìn đồng):": "1.89",
    "EPS pha loãng (nghìn đồng):": "1.90",
    "P/E :": "7.39",
    "Giá trị sổ sách /cp (nghìn đồng):": "15.69",
    "(**) Hệ số beta:": "-0.80",
    "KLGD khớp lệnh trung bình 10 phiên:": "4,822",
    "KLCP đang niêm yết:": "9,517,303",
    "KLCP đang lưu hành:": "9,517,525",
    "Vốn hóa thị trường (tỷ đồng):": "144.67",
    "Doanh thu": "350 tỷ",
    "Lợi nhuận trước thuế": "26 tỷ",
    "Lợi nhuận sau thuế": "20.8 tỷ",
    "Cổ tức bằng tiền mặt": "12 %",
    "Cổ tức bằng cổ phiếu": "N/A",
    "Dự kiến tăng vốn lên": "N/A",
    "Giới thiệu công ty": "Trải qua hơn 40 năm xây dựng và phát triển, Công Ty Cổ Phần Tư Vấn Xây Dựng Điện 3 đã không ngừng lớn mạnh, luôn hoàn thành xuất sắc mọi nhiệm vụ được giao và đã được Nhà Nước tặng : 01 HC Độc lập hạng nhì, 01 HC Độc lập hạng ba, 01 HC Lao động hạng nhất, 01 HC Lao động hạng 2, 03 HC Lao động hạng 3 và nhiều bằng khen của Thủ tướng Chính phủ và Bộ Công Nghiệp."
}