{
    "Url": "http://s.cafef.vn/hastc/TV4-cong-ty-co-phan-tu-van-xay-dung-dien-4.chn",
    "CenterName": "HNX",
    "Symbol": "TV4",
    "TradeCenterID": 2,
    "ChangePrice": 0,
    "VonHoa": 249.2468118,
    "ChangeVolume": -16.769420468557335,
    "EPS": 1.87410054746574,
    "PE": 6.72322518502989,
    "Beta": 0.0322495837349926,
    "Price": 12.6,
    "UpdatedDate": "/Date(1686037643766)/",
    "FullName": "Công ty Cổ phần Tư vấn Xây dựng Điện 4",
    "ParentCategoryId": 345,
    "Cập nhật": "11:53 Thứ 4, 07/06/2023",
    "Mã công ty": "TV4",
    "Tên công ty": "Công ty Cổ phần Tư vấn Xây dựng Điện 4 (HNX)",
    "Giá điểm": "12.6",
    "Thay đổi": "N/A",
    "Khối lượng": "12,100",
    "Giá tham chiếu": "12.6",
    "Giá trần": "13.8",
    "Giá sàn": "11.4",
    "Giá mở cửa": "12.7",
    "Giá cao nhất": "N/A",
    "Giá thấp nhất": "N/A",
    "Giao dịch NĐTNN": "Giao dịch NĐTNN",
    "KLGD ròng": "12.7",
    "GT Mua": "0 (Tỷ)",
    "GT Bán": "0 (Tỷ)",
    "Room còn lại": "N/A",
    "(*)   EPS cơ bản (nghìn đồng):": "2.10",
    "EPS pha loãng (nghìn đồng):": "2.09",
    "P/E :": "6.00",
    "Giá trị sổ sách /cp (nghìn đồng):": "13.62",
    "(**) Hệ số beta:": "0.03",
    "KLGD khớp lệnh trung bình 10 phiên:": "39,040",
    "KLCP đang niêm yết:": "19,846,016",
    "KLCP đang lưu hành:": "19,781,493",
    "Vốn hóa thị trường (tỷ đồng):": "249.25",
    "Doanh thu": "335 tỷ",
    "Lợi nhuận trước thuế": "45.6 tỷ",
    "Lợi nhuận sau thuế": "38.8 tỷ",
    "Cổ tức bằng tiền mặt": "12 %",
    "Cổ tức bằng cổ phiếu": "N/A",
    "Dự kiến tăng vốn lên": "N/A",
    "Giới thiệu công ty": "Trải qua hơn 38 năm hoạt động, vượt qua nhiều sóng gió, thử thách khắc nghiệt, các thế hệ cán bộ công nhân viên Công ty đã đoàn kết một lòng, chung sức xây dựng Công ty không ngừng lớn mạnh về mọi mặt. Mục tiêu của Công ty trong những năm tới là phấn đấu trở thành một công ty tư vấn tầm vóc quốc tế, có những đóng góp trí tuệ cho sự phát triển của hệ thống Điện Việt Nam cũng như các nước trong khu vực."
}