{
    "Url": "http://s.cafef.vn/hastc/UNI-cong-ty-co-phan-dau-tu-va-phat-trien-sao-mai-viet.chn",
    "CenterName": "HNX",
    "Symbol": "UNI",
    "TradeCenterID": 2,
    "ChangePrice": -2.2222222222222143,
    "VonHoa": 137.4351616,
    "ChangeVolume": -100,
    "EPS": -0.0371821422753654,
    "PE": -236.672753679132,
    "Beta": 0.882832354745421,
    "Price": 8.8,
    "UpdatedDate": "/Date(1686037643766)/",
    "FullName": "Công ty Cổ phần Đầu tư và phát triển Sao Mai Việt",
    "ParentCategoryId": 347,
    "Cập nhật": "11:53 Thứ 4, 07/06/2023",
    "Mã công ty": "UNI",
    "Tên công ty": "Công ty Cổ phần Đầu tư và phát triển Sao Mai Việt (HNX)",
    "Giá điểm": "9.6",
    "Thay đổi": "N/A",
    "Khối lượng": "0.0",
    "Giá tham chiếu": "9.6",
    "Giá trần": "10.5",
    "Giá sàn": "8.7",
    "Giá mở cửa": "N/A",
    "Giá cao nhất": "N/A",
    "Giá thấp nhất": "N/A",
    "Giao dịch NĐTNN": "Giao dịch NĐTNN",
    "KLGD ròng": "9.6",
    "GT Mua": "0 (Tỷ)",
    "GT Bán": "0 (Tỷ)",
    "Room còn lại": "N/A",
    "(*)   EPS cơ bản (nghìn đồng):": "n/a",
    "EPS pha loãng (nghìn đồng):": "n/a",
    "P/E :": "n/a",
    "Giá trị sổ sách /cp (nghìn đồng):": "10.38",
    "(**) Hệ số beta:": "0.88",
    "KLGD khớp lệnh trung bình 10 phiên:": "2,523",
    "KLCP đang niêm yết:": "15,617,632",
    "KLCP đang lưu hành:": "15,617,632",
    "Vốn hóa thị trường (tỷ đồng):": "149.93",
    "Doanh thu": "120 tỷ",
    "Lợi nhuận trước thuế": "10 tỷ",
    "Lợi nhuận sau thuế": "8 tỷ",
    "Cổ tức bằng tiền mặt": "5 %",
    "Cổ tức bằng cổ phiếu": "N/A",
    "Dự kiến tăng vốn lên": "N/A",
    "Giới thiệu công ty": "Công ty cổ phần Đầu tư và phát triển Sao Mai Việt được thành lập theo giấy phép số 223/GPUB ngày 02/3/1993 do UBND thành phố Hồ Chí Minh cấp. Ngành nghề kinh doanh: nhập khẩu, kinh doanh tổng đài điện thoại, máy FAX, điện thoại, cordless; tư vấn thiết kế xay lắp, cung cấp thiết bị, vật tư các công trình viễn thông tin học; bảo trì sửa chữa thiết bị viễn thông; kinh doanh bất động sản."
}