{
    "Url": "http://s.cafef.vn/hastc/V21-cong-ty-co-phan-vinaconex-21.chn",
    "CenterName": "HNX",
    "Symbol": "V21",
    "TradeCenterID": 2,
    "ChangePrice": -1.8518518518518614,
    "VonHoa": 63.5988817,
    "ChangeVolume": -67.08444148936171,
    "EPS": 0.00842249291900051,
    "PE": 629.26737380136,
    "Beta": 0.0451318902813075,
    "Price": 5.3,
    "UpdatedDate": "/Date(1686037643766)/",
    "FullName": "Công ty Cổ phần VINACONEX 21",
    "ParentCategoryId": 345,
    "Cập nhật": "11:53 Thứ 4, 07/06/2023",
    "Mã công ty": "V21",
    "Tên công ty": "Công ty Cổ phần VINACONEX 21 (HNX)",
    "Giá điểm": "5.7",
    "Thay đổi": "0.4 (7.55%)",
    "Khối lượng": "15,800",
    "Giá tham chiếu": "5.3",
    "Giá trần": "5.8",
    "Giá sàn": "4.8",
    "Giá mở cửa": "5.5",
    "Giá cao nhất": "5.7",
    "Giá thấp nhất": "N/A",
    "Giao dịch NĐTNN": "Giao dịch NĐTNN",
    "KLGD ròng": "5.7",
    "GT Mua": "0 (Tỷ)",
    "GT Bán": "0 (Tỷ)",
    "Room còn lại": "N/A",
    "(*)   EPS cơ bản (nghìn đồng):": "0.01",
    "EPS pha loãng (nghìn đồng):": "0.01",
    "P/E :": "520.56",
    "Giá trị sổ sách /cp (nghìn đồng):": "9.91",
    "(**) Hệ số beta:": "0.05",
    "KLGD khớp lệnh trung bình 10 phiên:": "21,433",
    "KLCP đang niêm yết:": "11,999,789",
    "KLCP đang lưu hành:": "11,999,789",
    "Vốn hóa thị trường (tỷ đồng):": "63.60",
    "Doanh thu": "239 tỷ",
    "Lợi nhuận trước thuế": "12 tỷ",
    "Lợi nhuận sau thuế": "N/A",
    "Cổ tức bằng tiền mặt": "5 %",
    "Cổ tức bằng cổ phiếu": "N/A",
    "Dự kiến tăng vốn lên": "N/A",
    "Giới thiệu công ty": "Công ty cổ phần Xây dựng số 21 là đơn vị thành viên của Tổng Công ty cổ phần Xuất nhập khẩu và Xây dựng Việt Nam – Vinaconex. Tiền thân là đội công trình kiến trúc II thuộc ty kiến trúc Hà Tây chuyển thành Công ty xây dựng khu Nam ngày 07/05/1969 của Ủy ban hành chính tỉnh Hà Tây. Ngành nghề kinh doanh: Thi công xây lắp các công trình dân dụng, công nghiệp, giao thông, thuỷ lợi...; tư vấn đầu tư xây dựng; kinh doanh xuất nhập khẩu..."
}