{
    "Url": "http://s.cafef.vn/hastc/VBC-cong-ty-co-phan-nhua-bao-bi-vinh.chn",
    "CenterName": "HNX",
    "Symbol": "VBC",
    "TradeCenterID": 2,
    "ChangePrice": -2.7027027027027026,
    "VonHoa": 134.99928,
    "ChangeVolume": -100,
    "EPS": 3.18036847456008,
    "PE": 5.65972155238705,
    "Beta": -0.0369651447379526,
    "Price": 18,
    "UpdatedDate": "/Date(1686037643766)/",
    "FullName": "Công ty Cổ phần Nhựa Bao bì Vinh",
    "ParentCategoryId": 344,
    "Cập nhật": "11:53 Thứ 4, 07/06/2023",
    "Mã công ty": "VBC",
    "Tên công ty": "Công ty Cổ phần Nhựa Bao bì Vinh (HNX)",
    "Giá điểm": "18",
    "Thay đổi": "N/A",
    "Khối lượng": "0.0",
    "Giá tham chiếu": "18",
    "Giá trần": "19.8",
    "Giá sàn": "16.2",
    "Giá mở cửa": "N/A",
    "Giá cao nhất": "N/A",
    "Giá thấp nhất": "N/A",
    "Giao dịch NĐTNN": "Giao dịch NĐTNN",
    "KLGD ròng": "18",
    "GT Mua": "0 (Tỷ)",
    "GT Bán": "0 (Tỷ)",
    "Room còn lại": "N/A",
    "(*)   EPS cơ bản (nghìn đồng):": "3.48",
    "EPS pha loãng (nghìn đồng):": "3.48",
    "P/E :": "5.17",
    "Giá trị sổ sách /cp (nghìn đồng):": "19.19",
    "(**) Hệ số beta:": "-0.04",
    "KLGD khớp lệnh trung bình 10 phiên:": "1,071",
    "KLCP đang niêm yết:": "7,499,972",
    "KLCP đang lưu hành:": "7,499,960",
    "Vốn hóa thị trường (tỷ đồng):": "135.00",
    "Doanh thu": "970 tỷ",
    "Lợi nhuận trước thuế": "35.1 tỷ",
    "Lợi nhuận sau thuế": "N/A",
    "Cổ tức bằng tiền mặt": "16 %",
    "Cổ tức bằng cổ phiếu": "N/A",
    "Dự kiến tăng vốn lên": "N/A",
    "Giới thiệu công ty": "Công ty Cổ phần Nhựa - Bao bì Vinh tiền thân là Nhà máy Nhựa Bao bì thuộc Công ty Hợp tác kinh tế - Quân khu 4, được thành lập theo ngày 31 tháng 8 năm 1996. Ngày 04/02/2010, cổ phiếu của Công ty được chấp thuận niêm yết tại Sở giao dịch chứng khoán HN với mã VBC. Ngành nghề kinh doanh: sản xuất, mua bán bao bì xi măng, bao bì PP, PE và các sản phẩm bằng nhữa; mua bán vật tư, nguyên liệu thiết bị sản xuất bao bì..."
}