{
    "Url": "http://s.cafef.vn/hastc/VC1-cong-ty-co-phan-xay-dung-so-1.chn",
    "CenterName": "HNX",
    "Symbol": "VC1",
    "TradeCenterID": 2,
    "ChangePrice": 10.465116279069772,
    "VonHoa": 114,
    "ChangeVolume": 73.41897233201581,
    "EPS": 0.621581641606917,
    "PE": 15.2835916701795,
    "Beta": -0.116554202085707,
    "Price": 9.5,
    "UpdatedDate": "/Date(1686037643766)/",
    "FullName": "Công ty Cổ phần Xây dựng số 1",
    "ParentCategoryId": 345,
    "Cập nhật": "11:53 Thứ 4, 07/06/2023",
    "Mã công ty": "VC1",
    "Tên công ty": "Công ty Cổ phần Xây dựng số 1 (HNX)",
    "Giá điểm": "9.7",
    "Thay đổi": "0.3 (3.19%)",
    "Khối lượng": "3,320",
    "Giá tham chiếu": "9.4",
    "Giá trần": "10.3",
    "Giá sàn": "8.5",
    "Giá mở cửa": "9.5",
    "Giá cao nhất": "9.7",
    "Giá thấp nhất": "N/A",
    "Giao dịch NĐTNN": "Giao dịch NĐTNN",
    "KLGD ròng": "9.7",
    "GT Mua": "0 (Tỷ)",
    "GT Bán": "0 (Tỷ)",
    "Room còn lại": "N/A",
    "(*)   EPS cơ bản (nghìn đồng):": "0.68",
    "EPS pha loãng (nghìn đồng):": "0.68",
    "P/E :": "14.36",
    "Giá trị sổ sách /cp (nghìn đồng):": "20.89",
    "(**) Hệ số beta:": "-0.12",
    "KLGD khớp lệnh trung bình 10 phiên:": "11,750",
    "KLCP đang niêm yết:": "12,000,000",
    "KLCP đang lưu hành:": "12,000,000",
    "Vốn hóa thị trường (tỷ đồng):": "112.80",
    "Doanh thu": "539.73 tỷ",
    "Lợi nhuận trước thuế": "N/A",
    "Lợi nhuận sau thuế": "7.03 tỷ",
    "Cổ tức bằng tiền mặt": "6 %",
    "Cổ tức bằng cổ phiếu": "N/A",
    "Dự kiến tăng vốn lên": "N/A",
    "Giới thiệu công ty": "Trong quá trình phát triền của mình, Công ty Cổ phần Xây dựng số 1 đã thực hiện xây dựng các công trình ở nhiều lĩnh vực khác nhau và ở mọi quy mô, đạt tiêu chuẩn chất lượng cao và được tặng thưởng nhiều huy chương vàng chất lượng. Hiện tại, Công ty Cổ phần Xây dựng số 1 đã trở thành một trong những doanh nghiệp hàng đầu của ngành Xây dựng. Công ty luôn khẳng định được vị thế của mình, được các đối tác đánh giá cao về năng lực cũng như chất lượng sản phẩm."
}