{
    "Url": "http://s.cafef.vn/hastc/VC2-cong-ty-co-phan-dau-tu-va-xay-dung-vina2.chn",
    "CenterName": "HNX",
    "Symbol": "VC2",
    "TradeCenterID": 2,
    "ChangePrice": 10.400000000000006,
    "VonHoa": 651.351858,
    "ChangeVolume": 77.81813767303373,
    "EPS": 0.500592813280293,
    "PE": 27.5673154585882,
    "Beta": 0.483374283374283,
    "Price": 13.8,
    "UpdatedDate": "/Date(1686037643766)/",
    "FullName": "Công ty Cổ phần Đầu tư và Xây dựng Vina2",
    "ParentCategoryId": 345,
    "Cập nhật": "11:53 Thứ 4, 07/06/2023",
    "Mã công ty": "VC2",
    "Tên công ty": "Công ty Cổ phần Đầu tư và Xây dựng Vina2 (HNX)",
    "Giá điểm": "15.7",
    "Thay đổi": "N/A",
    "Khối lượng": "699,991",
    "Giá tham chiếu": "14.3",
    "Giá trần": "15.7",
    "Giá sàn": "12.9",
    "Giá mở cửa": "14.4",
    "Giá cao nhất": "14.4",
    "Giá thấp nhất": "N/A",
    "Giao dịch NĐTNN": "Giao dịch NĐTNN",
    "KLGD ròng": "15.7",
    "GT Mua": "0.02 (Tỷ)",
    "GT Bán": "0 (Tỷ)",
    "Room còn lại": "N/A",
    "(*)   EPS cơ bản (nghìn đồng):": "0.59",
    "EPS pha loãng (nghìn đồng):": "0.59",
    "P/E :": "26.58",
    "Giá trị sổ sách /cp (nghìn đồng):": "14.31",
    "(**) Hệ số beta:": "0.48",
    "KLGD khớp lệnh trung bình 10 phiên:": "1,061,391",
    "KLCP đang niêm yết:": "47,199,410",
    "KLCP đang lưu hành:": "47,199,410",
    "Vốn hóa thị trường (tỷ đồng):": "674.95",
    "Doanh thu": "2,870.1 tỷ",
    "Lợi nhuận trước thuế": "307.7 tỷ",
    "Lợi nhuận sau thuế": "N/A",
    "Cổ tức bằng tiền mặt": "N/A",
    "Cổ tức bằng cổ phiếu": "N/A",
    "Dự kiến tăng vốn lên": "N/A",
    "Giới thiệu công ty": "Công ty Cổ phần Xây dựng số 2 được thành lập từ năm 1970 với tên gọi ban đầu là “Công ty Xây dựng Xuân Hoà”. Ngày 11/12/2006 cổ phiếu của Công ty chính thức được giao dịch trên Trung tâm Giao dịch chứng khoán Hà Nội. Ngành nghề kinh doanh: xây dựng các công trình dân dụng, công nghiệp, giao thông đường bộ các cấp, cầu cống, thủy lợi, bưu điện, nền móng...; xây dựng phát triển nhà, kinh doanh bất động sản..."
}