{
    "Url": "http://s.cafef.vn/hastc/VC7-cong-ty-co-phan-tap-doan-bgi.chn",
    "CenterName": "HNX",
    "Symbol": "VC7",
    "TradeCenterID": 2,
    "ChangePrice": 10.48951048951049,
    "VonHoa": 759.1153924,
    "ChangeVolume": 20.42791331256067,
    "EPS": 0.197872433778808,
    "PE": 79.8494246938009,
    "Beta": 0.364297607571641,
    "Price": 15.8,
    "UpdatedDate": "/Date(1686037643766)/",
    "FullName": "Công ty Cổ phần Tập đoàn BGI",
    "ParentCategoryId": 345,
    "Cập nhật": "11:53 Thứ 4, 07/06/2023",
    "Mã công ty": "VC7",
    "Tên công ty": "Công ty Cổ phần Tập đoàn BGI (HNX)",
    "Giá điểm": "19",
    "Thay đổi": "N/A",
    "Khối lượng": "339,065",
    "Giá tham chiếu": "17.3",
    "Giá trần": "19",
    "Giá sàn": "15.6",
    "Giá mở cửa": "N/A",
    "Giá cao nhất": "N/A",
    "Giá thấp nhất": "N/A",
    "Giao dịch NĐTNN": "Giao dịch NĐTNN",
    "KLGD ròng": "19",
    "GT Mua": "0 (Tỷ)",
    "GT Bán": "0 (Tỷ)",
    "Room còn lại": "N/A",
    "(*)   EPS cơ bản (nghìn đồng):": "0.25",
    "EPS pha loãng (nghìn đồng):": "0.25",
    "P/E :": "75.61",
    "Giá trị sổ sách /cp (nghìn đồng):": "10.68",
    "(**) Hệ số beta:": "0.36",
    "KLGD khớp lệnh trung bình 10 phiên:": "645,922",
    "KLCP đang niêm yết:": "48,045,278",
    "KLCP đang lưu hành:": "48,045,278",
    "Vốn hóa thị trường (tỷ đồng):": "831.18",
    "Doanh thu": "430.3 tỷ",
    "Lợi nhuận trước thuế": "66.7 tỷ",
    "Lợi nhuận sau thuế": "N/A",
    "Cổ tức bằng tiền mặt": "10 %",
    "Cổ tức bằng cổ phiếu": "N/A",
    "Dự kiến tăng vốn lên": "N/A",
    "Giới thiệu công ty": "Ngày 05/05/1993, Công ty được thành lập với tên gọi ban đầu là Công ty xây dựng số 9, tên giao dịch VINANICO. Ngày 19/02/2002, Công ty chuyển đổi hình thức từ sở hữu nhà nước sang hình thức cổ phần, tên giao dịch Công ty cổ phần xây dựng số 7. Ngành nghề kinh doanh: xây lắp các công trình dân dụng, công nghiệp; kinh doanh bất động sản; sản xuất kính dán an toàn."
}