{
    "Url": "http://s.cafef.vn/hastc/VCC-cong-ty-co-phan-vinaconex-25.chn",
    "CenterName": "HNX",
    "Symbol": "VCC",
    "TradeCenterID": 2,
    "ChangePrice": -1.5999999999999945,
    "VonHoa": 147.6,
    "ChangeVolume": 93.54838709677419,
    "EPS": 0.882899509271625,
    "PE": 13.9313702984695,
    "Beta": 0.12573432704954,
    "Price": 12.3,
    "UpdatedDate": "/Date(1686037643766)/",
    "FullName": "Công ty Cổ phần Vinaconex 25",
    "ParentCategoryId": 345,
    "Cập nhật": "11:53 Thứ 4, 07/06/2023",
    "Mã công ty": "VCC",
    "Tên công ty": "Công ty Cổ phần Vinaconex 25 (HNX)",
    "Giá điểm": "13.2",
    "Thay đổi": "0.7 (5.6%)",
    "Khối lượng": "6,800",
    "Giá tham chiếu": "12.5",
    "Giá trần": "13.7",
    "Giá sàn": "11.3",
    "Giá mở cửa": "12.9",
    "Giá cao nhất": "13.2",
    "Giá thấp nhất": "N/A",
    "Giao dịch NĐTNN": "Giao dịch NĐTNN",
    "KLGD ròng": "13.2",
    "GT Mua": "0 (Tỷ)",
    "GT Bán": "0 (Tỷ)",
    "Room còn lại": "N/A",
    "(*)   EPS cơ bản (nghìn đồng):": "0.91",
    "EPS pha loãng (nghìn đồng):": "0.91",
    "P/E :": "14.45",
    "Giá trị sổ sách /cp (nghìn đồng):": "12.17",
    "(**) Hệ số beta:": "0.13",
    "KLGD khớp lệnh trung bình 10 phiên:": "3,764",
    "KLCP đang niêm yết:": "12,000,000",
    "KLCP đang lưu hành:": "12,000,000",
    "Vốn hóa thị trường (tỷ đồng):": "150.00",
    "Doanh thu": "1,251.64 tỷ",
    "Lợi nhuận trước thuế": "35.43 tỷ",
    "Lợi nhuận sau thuế": "20.24 tỷ",
    "Cổ tức bằng tiền mặt": "15 %",
    "Cổ tức bằng cổ phiếu": "N/A",
    "Dự kiến tăng vốn lên": "N/A",
    "Giới thiệu công ty": "Được thành lập từ năm 1984, qua quá trình phát triển, VINACONEX 25 hiện nay là một trong những đơn vị mạnh của Tổng công ty VINACONEX.Công ty đã xác lập chỗ đứng vững chắc và khẳng định thương hiệu của mình tại khu vực miền Trung và miền Nam với các tỉnh, thành phố: Quảng Bình, Quảng Trị, Thừa Thiên - Huế, Đà Nẵng, Quảng Nam, Bà Rịa - Vũng Tàu và thành phố Hồ Chí Minh."
}