{
    "Url": "http://s.cafef.vn/hastc/VCM-cong-ty-co-phan-nhan-luc-va-thuong-mai-vinaconex.chn",
    "CenterName": "HNX",
    "Symbol": "VCM",
    "TradeCenterID": 2,
    "ChangePrice": 13.756613756613763,
    "VonHoa": 64.5,
    "ChangeVolume": 157.17439293598235,
    "EPS": 0.0298592087276,
    "PE": 720.045872485788,
    "Beta": 0.569362895451757,
    "Price": 21.5,
    "UpdatedDate": "/Date(1686037643766)/",
    "FullName": "Công ty Cổ phần Nhân lực và Thương mại Vinaconex",
    "ParentCategoryId": 346,
    "Cập nhật": "11:53 Thứ 4, 07/06/2023",
    "Mã công ty": "VCM",
    "Tên công ty": "Công ty Cổ phần Nhân lực và Thương mại Vinaconex (HNX)",
    "Giá điểm": "23.8",
    "Thay đổi": "0.3 (1.28%)",
    "Khối lượng": "11,200",
    "Giá tham chiếu": "23.5",
    "Giá trần": "25.8",
    "Giá sàn": "21.2",
    "Giá mở cửa": "23.8",
    "Giá cao nhất": "N/A",
    "Giá thấp nhất": "N/A",
    "Giao dịch NĐTNN": "Giao dịch NĐTNN",
    "KLGD ròng": "23.8",
    "GT Mua": "0 (Tỷ)",
    "GT Bán": "0 (Tỷ)",
    "Room còn lại": "N/A",
    "(*)   EPS cơ bản (nghìn đồng):": "0.03",
    "EPS pha loãng (nghìn đồng):": "0.03",
    "P/E :": "756.58",
    "Giá trị sổ sách /cp (nghìn đồng):": "22.49",
    "(**) Hệ số beta:": "0.57",
    "KLGD khớp lệnh trung bình 10 phiên:": "5,750",
    "KLCP đang niêm yết:": "3,000,000",
    "KLCP đang lưu hành:": "3,000,000",
    "Vốn hóa thị trường (tỷ đồng):": "70.50",
    "Doanh thu": "54 tỷ",
    "Lợi nhuận trước thuế": "3.7 tỷ",
    "Lợi nhuận sau thuế": "2.95 tỷ",
    "Cổ tức bằng tiền mặt": "N/A",
    "Cổ tức bằng cổ phiếu": "N/A",
    "Dự kiến tăng vốn lên": "N/A",
    "Giới thiệu công ty": "Công ty Cổ phần Nhân lực và Thương mại VINACONEX (VINACONEXMEC) tiền thân là Trung tâm Xuất khẩu lao động trực thuộc Tổng công ty Xuất nhập khẩu Xây dựng Việt Nam thành lập ngày 12/12/1995. Ngành nghề kinh doanh: hoạt đổng dịch vụ đưa người lao động đi làm ở nước ngoài; tổ chức đào tạo nghề, ngoại ngữ; kinh doanh thiết bị vật tư; chế tạo mua bán và gia công cơ khí..."
}