{
    "Url": "http://s.cafef.vn/hastc/VDL-cong-ty-co-phan-thuc-pham-lam-dong.chn",
    "CenterName": "HNX",
    "Symbol": "VDL",
    "TradeCenterID": 2,
    "ChangePrice": 0,
    "VonHoa": 175.8858,
    "ChangeVolume": 400,
    "EPS": -0.84083506532345,
    "PE": -14.2715265988388,
    "Beta": -0.103864326695916,
    "Price": 12,
    "UpdatedDate": "/Date(1686037643766)/",
    "FullName": "Công ty Cổ phần Thực phẩm Lâm Đồng",
    "ParentCategoryId": 339,
    "Cập nhật": "11:54 Thứ 4, 07/06/2023",
    "Mã công ty": "VDL",
    "Tên công ty": "Công ty Cổ phần Thực phẩm Lâm Đồng (HNX)",
    "Giá điểm": "12",
    "Thay đổi": "N/A",
    "Khối lượng": "0.0",
    "Giá tham chiếu": "12",
    "Giá trần": "13.2",
    "Giá sàn": "10.8",
    "Giá mở cửa": "N/A",
    "Giá cao nhất": "N/A",
    "Giá thấp nhất": "N/A",
    "Giao dịch NĐTNN": "Giao dịch NĐTNN",
    "KLGD ròng": "12",
    "GT Mua": "0 (Tỷ)",
    "GT Bán": "0 (Tỷ)",
    "Room còn lại": "N/A",
    "(*)   EPS cơ bản (nghìn đồng):": "n/a",
    "EPS pha loãng (nghìn đồng):": "n/a",
    "P/E :": "n/a",
    "Giá trị sổ sách /cp (nghìn đồng):": "13.82",
    "(**) Hệ số beta:": "-0.10",
    "KLGD khớp lệnh trung bình 10 phiên:": "380",
    "KLCP đang niêm yết:": "14,657,150",
    "KLCP đang lưu hành:": "14,657,150",
    "Vốn hóa thị trường (tỷ đồng):": "175.89",
    "Doanh thu": "290 tỷ",
    "Lợi nhuận trước thuế": "2.7 tỷ",
    "Lợi nhuận sau thuế": "N/A",
    "Cổ tức bằng tiền mặt": "N/A",
    "Cổ tức bằng cổ phiếu": "N/A",
    "Dự kiến tăng vốn lên": "N/A",
    "Giới thiệu công ty": "Công ty Cổ phần Thực phẩm Lâm Đồng được kế thừa trên nền tảng xưởng rượu Lafaro của người Pháp, xây dựng từ những năm đầu thế kỷ 20, chuyên sản xuất các loại rượu dâu tằm. Ngày 27/11/2007, công ty thực hiện niêm yết cổ phiếu trên sàn HNX với mã: VDL. Ngành nghề kinh doanh: chế biến rượu các loại, nhân điều xuất khẩu và các loại nông sản thực phẩm; trồng và sản xuất các loại cây nông sản."
}