{
    "Url": "http://s.cafef.vn/hastc/VE1-cong-ty-co-phan-xay-dung-dien-vneco-1.chn",
    "CenterName": "HNX",
    "Symbol": "VE1",
    "TradeCenterID": 2,
    "ChangePrice": -6.818181818181834,
    "VonHoa": 16.607584,
    "ChangeVolume": -63.83647798742138,
    "EPS": -0.775929685,
    "PE": -3.60857440323346,
    "Beta": -0.174130225221278,
    "Price": 4.1,
    "UpdatedDate": "/Date(1686037643766)/",
    "FullName": "Công ty Cổ phần Xây dựng điện VNECO 1",
    "ParentCategoryId": 345,
    "Cập nhật": "11:54 Thứ 4, 07/06/2023",
    "Mã công ty": "VE1",
    "Tên công ty": "Công ty Cổ phần Xây dựng điện VNECO 1 (HNX)",
    "Giá điểm": "4.2",
    "Thay đổi": "0.2 (5%)",
    "Khối lượng": "1,000",
    "Giá tham chiếu": "4",
    "Giá trần": "4.4",
    "Giá sàn": "3.6",
    "Giá mở cửa": "4.2",
    "Giá cao nhất": "4.2",
    "Giá thấp nhất": "N/A",
    "Giao dịch NĐTNN": "Giao dịch NĐTNN",
    "KLGD ròng": "4.2",
    "GT Mua": "0 (Tỷ)",
    "GT Bán": "0 (Tỷ)",
    "Room còn lại": "N/A",
    "(*)   EPS cơ bản (nghìn đồng):": "n/a",
    "EPS pha loãng (nghìn đồng):": "n/a",
    "P/E :": "n/a",
    "Giá trị sổ sách /cp (nghìn đồng):": "5.65",
    "(**) Hệ số beta:": "-0.17",
    "KLGD khớp lệnh trung bình 10 phiên:": "1,440",
    "KLCP đang niêm yết:": "6,000,000",
    "KLCP đang lưu hành:": "5,931,280",
    "Vốn hóa thị trường (tỷ đồng):": "16.61",
    "Doanh thu": "17.5 tỷ",
    "Lợi nhuận trước thuế": "N/A",
    "Lợi nhuận sau thuế": "0.52 tỷ",
    "Cổ tức bằng tiền mặt": "N/A",
    "Cổ tức bằng cổ phiếu": "N/A",
    "Dự kiến tăng vốn lên": "N/A",
    "Giới thiệu công ty": "Công ty cổ phần xây dựng điện VNECO1 tiền thân là Công ty xây lắp điện 3.1 được thành lập ngày 06/12/2004. Ngày 04/09/2008, Công ty đã niêm yết cổ phiếu trên sàn giao dịch chứng khoán Hà Nội với mã VE1. Ngành nghề kinh doanh: xây lắp các công trình lưới điện, trạm biến áp, công trình nguồn điện; xây dựng công trình công nghiệp dân dụng, giao thông thủy lợi...; khai thác kinh doanh cát đá sỏi..."
}