{
    "Url": "http://s.cafef.vn/hastc/VE2-cong-ty-co-phan-xay-dung-dien-vneco-2.chn",
    "CenterName": "HNX",
    "Symbol": "VE2",
    "TradeCenterID": 2,
    "ChangePrice": 0,
    "VonHoa": 13.63752,
    "ChangeVolume": 0,
    "EPS": -1.72029482019418,
    "PE": -3.778422119103,
    "Beta": 0.0881400370141888,
    "Price": 6.5,
    "UpdatedDate": "/Date(1686037643766)/",
    "FullName": "Công ty cổ phần Xây dựng điện VNECO 2",
    "ParentCategoryId": 345,
    "Cập nhật": "10:17 Thứ 4, 07/06/2023",
    "Mã công ty": "VE2",
    "Tên công ty": "Công ty cổ phần Xây dựng điện VNECO 2 (HNX)",
    "Giá điểm": "6.5",
    "Thay đổi": "N/A",
    "Khối lượng": "0.0",
    "Giá tham chiếu": "6.5",
    "Giá trần": "7.1",
    "Giá sàn": "5.9",
    "Giá mở cửa": "N/A",
    "Giá cao nhất": "N/A",
    "Giá thấp nhất": "N/A",
    "Giao dịch NĐTNN": "Giao dịch NĐTNN",
    "KLGD ròng": "6.5",
    "GT Mua": "0 (Tỷ)",
    "GT Bán": "0 (Tỷ)",
    "Room còn lại": "N/A",
    "(*)   EPS cơ bản (nghìn đồng):": "n/a",
    "EPS pha loãng (nghìn đồng):": "n/a",
    "P/E :": "n/a",
    "Giá trị sổ sách /cp (nghìn đồng):": "10.62",
    "(**) Hệ số beta:": "0.09",
    "KLGD khớp lệnh trung bình 10 phiên:": "n/a",
    "KLCP đang niêm yết:": "2,158,880",
    "KLCP đang lưu hành:": "2,098,080",
    "Vốn hóa thị trường (tỷ đồng):": "13.64",
    "Doanh thu": "200 tỷ",
    "Lợi nhuận trước thuế": "N/A",
    "Lợi nhuận sau thuế": "5.19 tỷ",
    "Cổ tức bằng tiền mặt": "10 %",
    "Cổ tức bằng cổ phiếu": "N/A",
    "Dự kiến tăng vốn lên": "N/A",
    "Giới thiệu công ty": "Công ty Cổ phần Xây dựng điện VNECO2 được thành lập từ năm 1990, tiền thân là Trung tâm Thiết kế và Xây lắp lưới điện phân phối theo Quyết định số 1890 XLĐ3/P6 ngày 28/06/1990 của Giám đốc Công ty Xây lắp điện 3. Lĩnh vực kinh doanh: xây lắp các công trình điện năng; sản xuất mua bán các loại vật liệu xây dựng; tư vấn đầu tư, tư vấn xây dựng..."
}