{
    "Url": "http://s.cafef.vn/hastc/VE3-cong-ty-co-phan-xay-dung-dien-vneco-3.chn",
    "CenterName": "HNX",
    "Symbol": "VE3",
    "TradeCenterID": 2,
    "ChangePrice": 8.333333333333341,
    "VonHoa": 13.724984,
    "ChangeVolume": -0.9900990099009901,
    "EPS": -0.139863032984519,
    "PE": -74.358461832807,
    "Beta": 0.407764437823153,
    "Price": 10.4,
    "UpdatedDate": "/Date(1686037643766)/",
    "FullName": "Công ty cổ phần Xây dựng điện VNECO 3",
    "ParentCategoryId": 345,
    "Cập nhật": "11:54 Thứ 4, 07/06/2023",
    "Mã công ty": "VE3",
    "Tên công ty": "Công ty cổ phần Xây dựng điện VNECO 3 (HNX)",
    "Giá điểm": "9.6",
    "Thay đổi": "-0.4 (-4%)",
    "Khối lượng": "1,700",
    "Giá tham chiếu": "10",
    "Giá trần": "11",
    "Giá sàn": "9",
    "Giá mở cửa": "N/A",
    "Giá cao nhất": "N/A",
    "Giá thấp nhất": "9.9",
    "Giao dịch NĐTNN": "Giao dịch NĐTNN",
    "KLGD ròng": "9.9",
    "GT Mua": "0 (Tỷ)",
    "GT Bán": "0 (Tỷ)",
    "Room còn lại": "N/A",
    "(*)   EPS cơ bản (nghìn đồng):": "n/a",
    "EPS pha loãng (nghìn đồng):": "n/a",
    "P/E :": "n/a",
    "Giá trị sổ sách /cp (nghìn đồng):": "14.27",
    "(**) Hệ số beta:": "0.41",
    "KLGD khớp lệnh trung bình 10 phiên:": "911",
    "KLCP đang niêm yết:": "1,319,710",
    "KLCP đang lưu hành:": "1,319,710",
    "Vốn hóa thị trường (tỷ đồng):": "13.20",
    "Doanh thu": "150 tỷ",
    "Lợi nhuận trước thuế": "N/A",
    "Lợi nhuận sau thuế": "0.6 tỷ",
    "Cổ tức bằng tiền mặt": "4 %",
    "Cổ tức bằng cổ phiếu": "N/A",
    "Dự kiến tăng vốn lên": "N/A",
    "Giới thiệu công ty": "Công ty Cổ phần Xây dựng điện VNECO 3 là công ty con của Tổng Công ty Cổ phần xây dựng điện Việt Nam, hoạt động lâu năm trong ngành xây lắp điện. Công ty lâu nay đã được các ban Quản lý dự án các công trình điện biết đến nhờ uy tín đảm bảo chất lượng. Công ty không ngừng phát triển đa ngành, đa nghề, lấy xây lắp điện làm chủ lực."
}