{
    "Url": "http://s.cafef.vn/hastc/VE4-cong-ty-co-phan-xay-dung-dien-vneco4.chn",
    "CenterName": "HNX",
    "Symbol": "VE4",
    "TradeCenterID": 2,
    "ChangePrice": 3.3057851239669422,
    "VonHoa": 128.5,
    "ChangeVolume": -100,
    "EPS": -2.2353581443572,
    "PE": -55.919450901209,
    "Beta": 0.622864538395168,
    "Price": 125,
    "UpdatedDate": "/Date(1686037643766)/",
    "FullName": "Công ty Cổ phần Xây dựng điện VNECO4",
    "ParentCategoryId": 345,
    "Cập nhật": "11:54 Thứ 4, 07/06/2023",
    "Mã công ty": "VE4",
    "Tên công ty": "Công ty Cổ phần Xây dựng điện VNECO4 (HNX)",
    "Giá điểm": "125",
    "Thay đổi": "N/A",
    "Khối lượng": "200",
    "Giá tham chiếu": "125",
    "Giá trần": "137.5",
    "Giá sàn": "112.5",
    "Giá mở cửa": "N/A",
    "Giá cao nhất": "N/A",
    "Giá thấp nhất": "N/A",
    "Giao dịch NĐTNN": "Giao dịch NĐTNN",
    "KLGD ròng": "125",
    "GT Mua": "0 (Tỷ)",
    "GT Bán": "0 (Tỷ)",
    "Room còn lại": "N/A",
    "(*)   EPS cơ bản (nghìn đồng):": "n/a",
    "EPS pha loãng (nghìn đồng):": "n/a",
    "P/E :": "n/a",
    "Giá trị sổ sách /cp (nghìn đồng):": "13.94",
    "(**) Hệ số beta:": "0.62",
    "KLGD khớp lệnh trung bình 10 phiên:": "70",
    "KLCP đang niêm yết:": "1,028,000",
    "KLCP đang lưu hành:": "1,028,000",
    "Vốn hóa thị trường (tỷ đồng):": "128.50",
    "Doanh thu": "105.09 tỷ",
    "Lợi nhuận trước thuế": "N/A",
    "Lợi nhuận sau thuế": "0.92 tỷ",
    "Cổ tức bằng tiền mặt": "N/A",
    "Cổ tức bằng cổ phiếu": "N/A",
    "Dự kiến tăng vốn lên": "N/A",
    "Giới thiệu công ty": "Công ty cổ phần xây dựng điện VNECO4 tiền thân là Xí nghiệp cơ điện thuộc Công ty xây lắp điện 3 (nay là Tổng Công ty cổ phần xây dựng điện Việt Nam) được thành lập từ năm 1989. Công ty được chấp thuận niêm yết cổ phiếu trên Sở Giao dịch chứng khoán Hà Nội ngày 12/09/2012. Ngành nghề kinh doanh: lắp đặt hệ thống; sản xuất bê tông và các sản phẩm xi măng thạch cao; phá dỡ, bán buôn máy móc thiết bị phụ tùng; vận tải hàng hóa..."
}