{
    "Url": "http://s.cafef.vn/hastc/VGP-cong-ty-co-phan-cang-rau-qua.chn",
    "CenterName": "HNX",
    "Symbol": "VGP",
    "TradeCenterID": 2,
    "ChangePrice": 1.7241379310344827,
    "VonHoa": 230.864699,
    "ChangeVolume": -97.9253112033195,
    "EPS": 2.56736699135099,
    "PE": 11.4903713023422,
    "Beta": -0.244238015949522,
    "Price": 29.5,
    "UpdatedDate": "/Date(1686037643766)/",
    "FullName": "Công ty Cổ phần Cảng Rau quả",
    "ParentCategoryId": 343,
    "Cập nhật": "11:54 Thứ 4, 07/06/2023",
    "Mã công ty": "VGP",
    "Tên công ty": "Công ty Cổ phần Cảng Rau quả (HNX)",
    "Giá điểm": "29.5",
    "Thay đổi": "N/A",
    "Khối lượng": "0.0",
    "Giá tham chiếu": "29.5",
    "Giá trần": "32.4",
    "Giá sàn": "26.6",
    "Giá mở cửa": "N/A",
    "Giá cao nhất": "N/A",
    "Giá thấp nhất": "N/A",
    "Giao dịch NĐTNN": "Giao dịch NĐTNN",
    "KLGD ròng": "29.5",
    "GT Mua": "0 (Tỷ)",
    "GT Bán": "0 (Tỷ)",
    "Room còn lại": "N/A",
    "(*)   EPS cơ bản (nghìn đồng):": "2.63",
    "EPS pha loãng (nghìn đồng):": "2.51",
    "P/E :": "11.20",
    "Giá trị sổ sách /cp (nghìn đồng):": "26.04",
    "(**) Hệ số beta:": "-0.24",
    "KLGD khớp lệnh trung bình 10 phiên:": "231",
    "KLCP đang niêm yết:": "8,214,692",
    "KLCP đang lưu hành:": "7,825,922",
    "Vốn hóa thị trường (tỷ đồng):": "230.86",
    "Doanh thu": "10,319.2 tỷ",
    "Lợi nhuận trước thuế": "20 tỷ",
    "Lợi nhuận sau thuế": "16 tỷ",
    "Cổ tức bằng tiền mặt": "6 %",
    "Cổ tức bằng cổ phiếu": "N/A",
    "Dự kiến tăng vốn lên": "N/A",
    "Giới thiệu công ty": "Không phải là cảng có quy mô lớn, nhưng Cảng Rau Quả là một trong những cảng hoạt động có hiệu quả của TP. Hồ Chí Minh. Tỷ suất lợi nhuận trên vốn cổ phần luôn đạt trên 25%. So với gần 40 cảng biển thuộc Hiệp hội Cảng biển Việt Nam, Cảng Rau Quả xếp hạng 25. Đạt được điều này là nỗ lực không nhỏ của tập thể nhân viên Công ty."
}