{
    "Url": "http://s.cafef.vn/hastc/VIF-tong-cong-ty-lam-nghiep-viet-nam-ctcp.chn",
    "CenterName": "HNX",
    "Symbol": "VIF",
    "TradeCenterID": 2,
    "ChangePrice": 0.694444444444442,
    "VonHoa": 5075,
    "ChangeVolume": 275,
    "EPS": 1.26110263536174,
    "PE": 11.497874632417,
    "Beta": 0,
    "Price": 14.5,
    "UpdatedDate": "/Date(1686037643766)/",
    "FullName": "Tổng Công ty Lâm nghiệp Việt Nam - CTCP",
    "ParentCategoryId": 344,
    "Cập nhật": "11:54 Thứ 4, 07/06/2023",
    "Mã công ty": "VIF",
    "Tên công ty": "Tổng Công ty Lâm nghiệp Việt Nam - CTCP (HNX)",
    "Giá điểm": "14.5",
    "Thay đổi": "N/A",
    "Khối lượng": "0.0",
    "Giá tham chiếu": "14.5",
    "Giá trần": "15.9",
    "Giá sàn": "13.1",
    "Giá mở cửa": "N/A",
    "Giá cao nhất": "N/A",
    "Giá thấp nhất": "N/A",
    "Giao dịch NĐTNN": "Giao dịch NĐTNN",
    "KLGD ròng": "14.5",
    "GT Mua": "0 (Tỷ)",
    "GT Bán": "0 (Tỷ)",
    "Room còn lại": "N/A",
    "(*)   EPS cơ bản (nghìn đồng):": "1.31",
    "EPS pha loãng (nghìn đồng):": "1.31",
    "P/E :": "11.07",
    "Giá trị sổ sách /cp (nghìn đồng):": "13.97",
    "(**) Hệ số beta:": "n/a",
    "KLGD khớp lệnh trung bình 10 phiên:": "80",
    "KLCP đang niêm yết:": "350,000,000",
    "KLCP đang lưu hành:": "350,000,000",
    "Vốn hóa thị trường (tỷ đồng):": "5,075.00",
    "Doanh thu": "2,554 tỷ",
    "Lợi nhuận trước thuế": "N/A",
    "Lợi nhuận sau thuế": "465 tỷ",
    "Cổ tức bằng tiền mặt": "N/A",
    "Cổ tức bằng cổ phiếu": "N/A",
    "Dự kiến tăng vốn lên": "N/A",
    "Giới thiệu công ty": "Chặng đường hơn 20 xây dựng và phát triển, Tổng Công ty Lâm nghiệp Việt Nam đã từng bước khẳng định vị thế là doanh nghiệp đa sở hữu, đa lợi ích, có nhiều đóng góp vào sự nghiệp công nghiệp hóa, hiện đại hóa ngành Lâm nghiệp Việt Nam trong thời kỳ đổi mới. Tiêu chí hoạt động chính của Tổng công ty là: \"Từ trồng rừng đến sản phẩm\" với mục tiêu kinh tế xã hội môi trường, trong đó lấy mục tiêu kinh tế làm trọng tâm."
}