{
    "Url": "http://s.cafef.vn/hastc/VIG-cong-ty-co-phan-chung-khoan-dau-tu-tai-chinh-viet-nam.chn",
    "CenterName": "HNX",
    "Symbol": "VIG",
    "TradeCenterID": 2,
    "ChangePrice": 1.298701298701294,
    "VonHoa": 352.03974,
    "ChangeVolume": -17.441774633581744,
    "EPS": 0.125804170079555,
    "PE": 62.0011244068259,
    "Beta": 0.751555516606783,
    "Price": 7.8,
    "UpdatedDate": "/Date(1686037643766)/",
    "FullName": "Công ty Cổ phần Chứng khoán Đầu tư Tài chính Việt Nam",
    "ParentCategoryId": 341,
    "Cập nhật": "11:54 Thứ 4, 07/06/2023",
    "Mã công ty": "VIG",
    "Tên công ty": "Công ty Cổ phần Chứng khoán Đầu tư Tài chính Việt Nam (HNX)",
    "Giá điểm": "7.9",
    "Thay đổi": "N/A",
    "Khối lượng": "323,400",
    "Giá tham chiếu": "7.9",
    "Giá trần": "8.6",
    "Giá sàn": "7.2",
    "Giá mở cửa": "8",
    "Giá cao nhất": "8.1",
    "Giá thấp nhất": "7.8",
    "Giao dịch NĐTNN": "Giao dịch NĐTNN",
    "KLGD ròng": "8.1",
    "GT Mua": "0 (Tỷ)",
    "GT Bán": "0 (Tỷ)",
    "Room còn lại": "N/A",
    "(*)   EPS cơ bản (nghìn đồng):": "0.16",
    "EPS pha loãng (nghìn đồng):": "0.21",
    "P/E :": "49.62",
    "Giá trị sổ sách /cp (nghìn đồng):": "5.22",
    "(**) Hệ số beta:": "0.75",
    "KLGD khớp lệnh trung bình 10 phiên:": "598,902",
    "KLCP đang niêm yết:": "45,133,300",
    "KLCP đang lưu hành:": "45,133,300",
    "Vốn hóa thị trường (tỷ đồng):": "356.55",
    "Doanh thu": "350 tỷ",
    "Lợi nhuận trước thuế": "170 tỷ",
    "Lợi nhuận sau thuế": "N/A",
    "Cổ tức bằng tiền mặt": "N/A",
    "Cổ tức bằng cổ phiếu": "N/A",
    "Dự kiến tăng vốn lên": "N/A",
    "Giới thiệu công ty": "Ngày 11/01/2008 Công ty Cổ phần chứng khoán Thương mại và công nghiệp Việt Nam được chính thức cấp phép thành lập và hoạt động theo giấy phép số 88/UBCK-GP của Ủy ban chứng khoán Nhà nước. Ngành nghề kinh doanh: dịch vụ chứng khoán; dịch vụ ngân hàng; đầu tư và tư vấn tài chính doanh nghiệp; dịch vụ tài chính; nghiên cứu phân tích và tư vấn đầu tư; đầu tư tài chính."
}