{
    "Url": "http://s.cafef.vn/hastc/VLA-cong-ty-co-phan-dau-tu-va-phat-trien-cong-nghe-van-lang.chn",
    "CenterName": "HNX",
    "Symbol": "VLA",
    "TradeCenterID": 2,
    "ChangePrice": 17.59465478841871,
    "VonHoa": 105.4942944,
    "ChangeVolume": 25,
    "EPS": -0.446160407417325,
    "PE": -118.343087199606,
    "Beta": -0.643852423100517,
    "Price": 52.8,
    "UpdatedDate": "/Date(1686037643766)/",
    "FullName": " Công ty Cổ phần Đầu tư và Phát triển Công nghệ Văn  Lang ",
    "ParentCategoryId": 346,
    "Cập nhật": "11:54 Thứ 4, 07/06/2023",
    "Mã công ty": "VLA",
    "Tên công ty": "Công ty Cổ phần Đầu tư và Phát triển Công nghệ Văn  Lang  (HNX)",
    "Giá điểm": "47.6",
    "Thay đổi": "N/A",
    "Khối lượng": "0.0",
    "Giá tham chiếu": "47.6",
    "Giá trần": "52.3",
    "Giá sàn": "42.9",
    "Giá mở cửa": "N/A",
    "Giá cao nhất": "N/A",
    "Giá thấp nhất": "N/A",
    "Giao dịch NĐTNN": "Giao dịch NĐTNN",
    "KLGD ròng": "47.6",
    "GT Mua": "0 (Tỷ)",
    "GT Bán": "0 (Tỷ)",
    "Room còn lại": "N/A",
    "(*)   EPS cơ bản (nghìn đồng):": "n/a",
    "EPS pha loãng (nghìn đồng):": "n/a",
    "P/E :": "n/a",
    "Giá trị sổ sách /cp (nghìn đồng):": "11.52",
    "(**) Hệ số beta:": "-0.64",
    "KLGD khớp lệnh trung bình 10 phiên:": "500",
    "KLCP đang niêm yết:": "1,997,998",
    "KLCP đang lưu hành:": "1,997,998",
    "Vốn hóa thị trường (tỷ đồng):": "95.10",
    "Doanh thu": "35 tỷ",
    "Lợi nhuận trước thuế": "6.25 tỷ",
    "Lợi nhuận sau thuế": "5 tỷ",
    "Cổ tức bằng tiền mặt": "5 %",
    "Cổ tức bằng cổ phiếu": "N/A",
    "Dự kiến tăng vốn lên": "N/A",
    "Giới thiệu công ty": "CTCP Đầu tư và Phát triển Công nghệ Văn Lang được thành lập theo Quyết định số 1338/QĐ-TCNS ngày 15 tháng 11 năm 2007 của Nhà xuất bản Giáo dục. Ngành nghề kinh doanh: Sản xuất phần mềm quản lý trong các lĩnh vực: kế toán, quản lý sản xuất, quản lý nhân sự...; xây dựng hệ thống website về thông tin quảng cáo; buôn bán máy tính, dịch vụ bảo trì hệ thống..."
}