{
    "Url": "http://s.cafef.vn/hastc/VMS-ctcp-phat-trien-hang-hai.chn",
    "CenterName": "HNX",
    "Symbol": "VMS",
    "TradeCenterID": 2,
    "ChangePrice": 0,
    "VonHoa": 195.6,
    "ChangeVolume": -100,
    "EPS": 0.695346480262408,
    "PE": 23.4415510291341,
    "Beta": 0,
    "Price": 16.3,
    "UpdatedDate": "/Date(1686037643766)/",
    "FullName": "CTCP Phát triển Hàng hải",
    "ParentCategoryId": 343,
    "Cập nhật": "11:54 Thứ 4, 07/06/2023",
    "Mã công ty": "VMS",
    "Tên công ty": "CTCP Phát triển Hàng hải (HNX)",
    "Giá điểm": "17.5",
    "Thay đổi": "N/A",
    "Khối lượng": "0.0",
    "Giá tham chiếu": "17.5",
    "Giá trần": "19.2",
    "Giá sàn": "15.8",
    "Giá mở cửa": "N/A",
    "Giá cao nhất": "N/A",
    "Giá thấp nhất": "N/A",
    "Giao dịch NĐTNN": "Giao dịch NĐTNN",
    "KLGD ròng": "17.5",
    "GT Mua": "0 (Tỷ)",
    "GT Bán": "0 (Tỷ)",
    "Room còn lại": "N/A",
    "(*)   EPS cơ bản (nghìn đồng):": "0.75",
    "EPS pha loãng (nghìn đồng):": "1.00",
    "P/E :": "23.44",
    "Giá trị sổ sách /cp (nghìn đồng):": "12.28",
    "(**) Hệ số beta:": "n/a",
    "KLGD khớp lệnh trung bình 10 phiên:": "1,320",
    "KLCP đang niêm yết:": "9,000,000",
    "KLCP đang lưu hành:": "12,000,000",
    "Vốn hóa thị trường (tỷ đồng):": "210.00",
    "Doanh thu": "260 tỷ",
    "Lợi nhuận trước thuế": "17 tỷ",
    "Lợi nhuận sau thuế": "N/A",
    "Cổ tức bằng tiền mặt": "10 %",
    "Cổ tức bằng cổ phiếu": "N/A",
    "Dự kiến tăng vốn lên": "N/A",
    "Giới thiệu công ty": "Công ty Cổ phần Phát triển Hàng Hải được thành lập năm 1992 với tên gọi ban đầu là  Công ty Phát triển Hàng Hải, trực thuộc cục Hàng Hải Việt Nam – Bộ Giao Thông Vận Tải. Ngành nghề kinh doanh: kho bãi và lưu giữ hàng hóa; hoạt động dịch vụ hỗ trợ liên quan đến vận tải; vận tải hàng hóa bằng đường bộ; kinh doanh bất động sản; sửa chữa và bảo dưỡng phương tiện vận tải(trừ ô tô, mô tô, xe máy và xe có động cơ khác)..."
}