{
    "Url": "http://s.cafef.vn/hastc/VNC-cong-ty-co-phan-tap-doan-vinacontrol.chn",
    "CenterName": "HNX",
    "Symbol": "VNC",
    "TradeCenterID": 2,
    "ChangePrice": 1.360026308557939,
    "VonHoa": 505.553805,
    "ChangeVolume": -100,
    "EPS": 3.09075813577623,
    "PE": 14.559534594155,
    "Beta": 0.151695732188239,
    "Price": 45,
    "UpdatedDate": "/Date(1686037643766)/",
    "FullName": "Công ty Cổ phần Tập đoàn Vinacontrol",
    "ParentCategoryId": 346,
    "Cập nhật": "11:54 Thứ 4, 07/06/2023",
    "Mã công ty": "VNC",
    "Tên công ty": "Công ty Cổ phần Tập đoàn Vinacontrol (HNX)",
    "Giá điểm": "45",
    "Thay đổi": "N/A",
    "Khối lượng": "0.0",
    "Giá tham chiếu": "45",
    "Giá trần": "49.5",
    "Giá sàn": "40.5",
    "Giá mở cửa": "N/A",
    "Giá cao nhất": "N/A",
    "Giá thấp nhất": "N/A",
    "Giao dịch NĐTNN": "Giao dịch NĐTNN",
    "KLGD ròng": "45",
    "GT Mua": "0 (Tỷ)",
    "GT Bán": "0 (Tỷ)",
    "Room còn lại": "N/A",
    "(*)   EPS cơ bản (nghìn đồng):": "3.17",
    "EPS pha loãng (nghìn đồng):": "3.40",
    "P/E :": "14.18",
    "Giá trị sổ sách /cp (nghìn đồng):": "23.61",
    "(**) Hệ số beta:": "0.15",
    "KLGD khớp lệnh trung bình 10 phiên:": "650",
    "KLCP đang niêm yết:": "10,499,955",
    "KLCP đang lưu hành:": "11,234,529",
    "Vốn hóa thị trường (tỷ đồng):": "505.55",
    "Doanh thu": "595 tỷ",
    "Lợi nhuận trước thuế": "N/A",
    "Lợi nhuận sau thuế": "37 tỷ",
    "Cổ tức bằng tiền mặt": "12 %",
    "Cổ tức bằng cổ phiếu": "N/A",
    "Dự kiến tăng vốn lên": "N/A",
    "Giới thiệu công ty": "Ngày 24/10/1957, Bộ trưởng Bộ Thương nghiệp ra quyết định thành lập Cục kiểm nghiệm hàng hóa XNK trực thuộc Bộ thương nghiệp (kiêm sở Giám định hàng hóa XNK). Đây cũng chính là ngày thành lập công ty và Vinacontrol trở thành công ty giám định có lịch sử phát triển lâu đời nhất của Việt Nam."
}