{
    "Url": "http://s.cafef.vn/hastc/VSA-cong-ty-co-phan-dai-ly-hang-hai-viet-nam.chn",
    "CenterName": "HNX",
    "Symbol": "VSA",
    "TradeCenterID": 2,
    "ChangePrice": 5.603448275862073,
    "VonHoa": 345.363907,
    "ChangeVolume": -100,
    "EPS": 2.60434543857449,
    "PE": 9.40735420006735,
    "Beta": 0,
    "Price": 24.5,
    "UpdatedDate": "/Date(1686037643766)/",
    "FullName": "Công ty cổ phần Đại lý Hàng hải Việt Nam  ",
    "ParentCategoryId": 343,
    "Cập nhật": "11:54 Thứ 4, 07/06/2023",
    "Mã công ty": "VSA",
    "Tên công ty": "Công ty cổ phần Đại lý Hàng hải Việt Nam   (HNX)",
    "Giá điểm": "23.6",
    "Thay đổi": "0.5 (2.16%)",
    "Khối lượng": "3,400",
    "Giá tham chiếu": "23.1",
    "Giá trần": "25.4",
    "Giá sàn": "20.8",
    "Giá mở cửa": "23.3",
    "Giá cao nhất": "23.6",
    "Giá thấp nhất": "N/A",
    "Giao dịch NĐTNN": "Giao dịch NĐTNN",
    "KLGD ròng": "23.6",
    "GT Mua": "0 (Tỷ)",
    "GT Bán": "0.05 (Tỷ)",
    "Room còn lại": "N/A",
    "(*)   EPS cơ bản (nghìn đồng):": "2.86",
    "EPS pha loãng (nghìn đồng):": "2.86",
    "P/E :": "8.25",
    "Giá trị sổ sách /cp (nghìn đồng):": "26.09",
    "(**) Hệ số beta:": "n/a",
    "KLGD khớp lệnh trung bình 10 phiên:": "481",
    "KLCP đang niêm yết:": "14,096,486",
    "KLCP đang lưu hành:": "14,096,486",
    "Vốn hóa thị trường (tỷ đồng):": "325.63",
    "Doanh thu": "1,300 tỷ",
    "Lợi nhuận trước thuế": "54 tỷ",
    "Lợi nhuận sau thuế": "43.2 tỷ",
    "Cổ tức bằng tiền mặt": "N/A",
    "Cổ tức bằng cổ phiếu": "N/A",
    "Dự kiến tăng vốn lên": "N/A",
    "Giới thiệu công ty": "Công ty cổ phần Đại lý Hàng hải Việt Nam tiền thân là Công ty Đại lý Tàu biển Việt Nam, thành lập ngày 13/03/1957. Ngày 22/12/2015, cổ phiếu của Công ty chính thức niêm yết tại Sở giao dịch chứng khoán HN với mã VSA. Ngành nghề kinh doanh: đâị lý tàu biển, đại lý kiểm đếm hàng hóa, môi giới và dịch vụ hàng hải...; vận tảu đa phương tiện quốc tế; kinh doanh kho bãi."
}