{
    "Url": "http://s.cafef.vn/hastc/VSM-cong-ty-co-phan-container-mien-trung.chn",
    "CenterName": "HNX",
    "Symbol": "VSM",
    "TradeCenterID": 2,
    "ChangePrice": 9.941520467836252,
    "VonHoa": 63.0739248,
    "ChangeVolume": -100,
    "EPS": 3.54371043259604,
    "PE": 5.30517387286284,
    "Beta": 0,
    "Price": 18.8,
    "UpdatedDate": "/Date(1686037643766)/",
    "FullName": "Công ty Cổ phần Container Miền Trung",
    "ParentCategoryId": 343,
    "Cập nhật": "11:54 Thứ 4, 07/06/2023",
    "Mã công ty": "VSM",
    "Tên công ty": "Công ty Cổ phần Container Miền Trung (HNX)",
    "Giá điểm": "18.8",
    "Thay đổi": "N/A",
    "Khối lượng": "0.0",
    "Giá tham chiếu": "18.8",
    "Giá trần": "20.6",
    "Giá sàn": "17",
    "Giá mở cửa": "N/A",
    "Giá cao nhất": "N/A",
    "Giá thấp nhất": "N/A",
    "Giao dịch NĐTNN": "Giao dịch NĐTNN",
    "KLGD ròng": "18.8",
    "GT Mua": "0 (Tỷ)",
    "GT Bán": "0 (Tỷ)",
    "Room còn lại": "N/A",
    "(*)   EPS cơ bản (nghìn đồng):": "3.90",
    "EPS pha loãng (nghìn đồng):": "3.90",
    "P/E :": "4.82",
    "Giá trị sổ sách /cp (nghìn đồng):": "22.77",
    "(**) Hệ số beta:": "n/a",
    "KLGD khớp lệnh trung bình 10 phiên:": "460",
    "KLCP đang niêm yết:": "3,354,996",
    "KLCP đang lưu hành:": "3,354,996",
    "Vốn hóa thị trường (tỷ đồng):": "63.07",
    "Doanh thu": "284 tỷ",
    "Lợi nhuận trước thuế": "15 tỷ",
    "Lợi nhuận sau thuế": "N/A",
    "Cổ tức bằng tiền mặt": "N/A",
    "Cổ tức bằng cổ phiếu": "N/A",
    "Dự kiến tăng vốn lên": "N/A",
    "Giới thiệu công ty": "Công ty cổ phần Container miền Trung tiền thân là Công ty TNHH Container Miền Trung được thành lập vào tháng 6/2002 theo Giấy chứng nhận đăng ký kinh doanh số 0400424349 do Sở kế hoạch và đầu tƣ thành phố Đà Nẵng cấp ngày 13/06/2002 với vốn điều lệ 6 tỷ đồng, là công ty con 100% vốn chủ sở hữu của Công ty cổ phần Container Việt Nam."
}