{
    "Url": "http://s.cafef.vn/hastc/VTC-cong-ty-co-phan-vien-thong-vtc.chn",
    "CenterName": "HNX",
    "Symbol": "VTC",
    "TradeCenterID": 2,
    "ChangePrice": 2.4390243902438935,
    "VonHoa": 57.0672018,
    "ChangeVolume": 81.15942028985508,
    "EPS": 0.768137831507638,
    "PE": 16.4033061296691,
    "Beta": -0.529547790339157,
    "Price": 12.6,
    "UpdatedDate": "/Date(1686037643766)/",
    "FullName": "Công ty Cổ phần Viễn thông VTC",
    "ParentCategoryId": 347,
    "Cập nhật": "11:54 Thứ 4, 07/06/2023",
    "Mã công ty": "VTC",
    "Tên công ty": "Công ty Cổ phần Viễn thông VTC (HNX)",
    "Giá điểm": "12.6",
    "Thay đổi": "N/A",
    "Khối lượng": "0.0",
    "Giá tham chiếu": "12.6",
    "Giá trần": "13.8",
    "Giá sàn": "11.4",
    "Giá mở cửa": "N/A",
    "Giá cao nhất": "N/A",
    "Giá thấp nhất": "N/A",
    "Giao dịch NĐTNN": "Giao dịch NĐTNN",
    "KLGD ròng": "12.6",
    "GT Mua": "0 (Tỷ)",
    "GT Bán": "0 (Tỷ)",
    "Room còn lại": "N/A",
    "(*)   EPS cơ bản (nghìn đồng):": "0.81",
    "EPS pha loãng (nghìn đồng):": "0.81",
    "P/E :": "15.62",
    "Giá trị sổ sách /cp (nghìn đồng):": "15.82",
    "(**) Hệ số beta:": "-0.53",
    "KLGD khớp lệnh trung bình 10 phiên:": "679",
    "KLCP đang niêm yết:": "4,534,696",
    "KLCP đang lưu hành:": "4,529,143",
    "Vốn hóa thị trường (tỷ đồng):": "57.07",
    "Doanh thu": "309 tỷ",
    "Lợi nhuận trước thuế": "6 tỷ",
    "Lợi nhuận sau thuế": "4.8 tỷ",
    "Cổ tức bằng tiền mặt": "7 %",
    "Cổ tức bằng cổ phiếu": "N/A",
    "Dự kiến tăng vốn lên": "N/A",
    "Giới thiệu công ty": "Ngày 01/07/1999, Công ty Cổ phần Viễn thông VTC (trước là Công ty Liên doanh sản xuất thiết bị Viễn thông Việt Nam, sau là Trung tâm Nghiên cứu sản xuất và bảo dưỡng thiết bị thông tin 1) tiến hành cổ phần hóa. Lĩnh vực kinh daonh chính: nghiên cứu chế tạo sản xuất lắp ráp các thiết bị bưu chính viên thông; xây lắp lắp đặt bảo dưỡng hỗ trợ vận hành các công trình viễn thông; sản xuất các loại thẻ dùng trong tin học viên thông..."
}