{
    "Url": "http://s.cafef.vn/hastc/VTJ-cong-ty-co-phan-thuong-mai-va-dau-tu-vinataba.chn",
    "CenterName": "HNX",
    "Symbol": "VTJ",
    "TradeCenterID": 2,
    "ChangePrice": 25.000000000000007,
    "VonHoa": 39.9,
    "ChangeVolume": -84.21052631578948,
    "EPS": 0.247506282708211,
    "PE": 14.1410551752588,
    "Beta": 0.0413679028760467,
    "Price": 3.5,
    "UpdatedDate": "/Date(1686037643766)/",
    "FullName": "Công ty cổ phần Thương mại và Đầu tư Vinataba",
    "ParentCategoryId": 339,
    "Cập nhật": "11:54 Thứ 4, 07/06/2023",
    "Mã công ty": "VTJ",
    "Tên công ty": "Công ty cổ phần Thương mại và Đầu tư Vinataba (HNX)",
    "Giá điểm": "3.7",
    "Thay đổi": "0.2 (5.71%)",
    "Khối lượng": "800",
    "Giá tham chiếu": "3.5",
    "Giá trần": "3.8",
    "Giá sàn": "3.2",
    "Giá mở cửa": "3.6",
    "Giá cao nhất": "3.7",
    "Giá thấp nhất": "N/A",
    "Giao dịch NĐTNN": "Giao dịch NĐTNN",
    "KLGD ròng": "3.7",
    "GT Mua": "0 (Tỷ)",
    "GT Bán": "0 (Tỷ)",
    "Room còn lại": "N/A",
    "(*)   EPS cơ bản (nghìn đồng):": "0.27",
    "EPS pha loãng (nghìn đồng):": "0.27",
    "P/E :": "13.70",
    "Giá trị sổ sách /cp (nghìn đồng):": "8.36",
    "(**) Hệ số beta:": "0.04",
    "KLGD khớp lệnh trung bình 10 phiên:": "2,480",
    "KLCP đang niêm yết:": "11,400,000",
    "KLCP đang lưu hành:": "11,400,000",
    "Vốn hóa thị trường (tỷ đồng):": "39.90",
    "Doanh thu": "8,000 tỷ",
    "Lợi nhuận trước thuế": "1,000 tỷ",
    "Lợi nhuận sau thuế": "800 tỷ",
    "Cổ tức bằng tiền mặt": "N/A",
    "Cổ tức bằng cổ phiếu": "N/A",
    "Dự kiến tăng vốn lên": "N/A",
    "Giới thiệu công ty": "Công ty Cổ phần Thương mại và Đầu tư Vi Na Ta Ba được thành lập vào ngày 07/06/2007 và chính thức đi vào hoạt động với mô hình công ty cổ phần từ ngày 01/07/2007. Ngành nghề kinh doanh: mua bán nguyên phụ liệu ngành thuốc lá; kinh doanh vận chuyển hàng hóa bằng ô tô, tàu hỏa; mua bán thuốc lá điếu sản xuất trong nước..."
}