{
    "Url": "http://s.cafef.vn/hastc/VTV-cong-ty-co-phan-nang-luong-va-moi-truong-vicem.chn",
    "CenterName": "HNX",
    "Symbol": "VTV",
    "TradeCenterID": 2,
    "ChangePrice": 2.1276595744680775,
    "VonHoa": 149.75916,
    "ChangeVolume": 2.13953488372093,
    "EPS": 0.494009943517773,
    "PE": 9.71640361289066,
    "Beta": 0.444395758478661,
    "Price": 4.8,
    "UpdatedDate": "/Date(1686037643766)/",
    "FullName": "Công ty Cổ phần Năng lượng và Môi trường VICEM",
    "ParentCategoryId": 345,
    "Cập nhật": "11:54 Thứ 4, 07/06/2023",
    "Mã công ty": "VTV",
    "Tên công ty": "Công ty Cổ phần Năng lượng và Môi trường VICEM (HNX)",
    "Giá điểm": "5.1",
    "Thay đổi": "0.2 (4.08%)",
    "Khối lượng": "18,700",
    "Giá tham chiếu": "4.9",
    "Giá trần": "5.3",
    "Giá sàn": "4.5",
    "Giá mở cửa": "5",
    "Giá cao nhất": "5.1",
    "Giá thấp nhất": "N/A",
    "Giao dịch NĐTNN": "Giao dịch NĐTNN",
    "KLGD ròng": "5.1",
    "GT Mua": "0 (Tỷ)",
    "GT Bán": "0 (Tỷ)",
    "Room còn lại": "N/A",
    "(*)   EPS cơ bản (nghìn đồng):": "0.52",
    "EPS pha loãng (nghìn đồng):": "0.52",
    "P/E :": "9.77",
    "Giá trị sổ sách /cp (nghìn đồng):": "13.65",
    "(**) Hệ số beta:": "0.44",
    "KLGD khớp lệnh trung bình 10 phiên:": "68,820",
    "KLCP đang niêm yết:": "31,199,825",
    "KLCP đang lưu hành:": "31,199,825",
    "Vốn hóa thị trường (tỷ đồng):": "152.88",
    "Doanh thu": "3,418.07 tỷ",
    "Lợi nhuận trước thuế": "23.26 tỷ",
    "Lợi nhuận sau thuế": "12.54 tỷ",
    "Cổ tức bằng tiền mặt": "3 %",
    "Cổ tức bằng cổ phiếu": "N/A",
    "Dự kiến tăng vốn lên": "N/A",
    "Giới thiệu công ty": "Công ty Vật tư vận tải xi măng là doanh nghiệp Nhà nước hạch toán độc lập trực thuộc Tổng công ty Xi măng Việt Nam được thành lập ngày 3/12/1990 trên cơ sở hợp nhất Xí nghiệp cung ứng vật tư thiết bị xi măng và Công ty vận tải-Bộ Xây dựng.Công ty chính thức đi vào hoạt động kể từ ngày 5/1/1991. Ngành nghề kinh doanh: khai thác quặng sắt, quặng kim loại k chưa sắt...; hoạt động dịch vụ hỗ trợ khai thác mỏ và quặng; bảo dưỡng sửa chữa ôtô và xe có động cơ khác..."
}