{
    "Url": "http://s.cafef.vn/hastc/VTZ-cong-ty-co-phan-san-xuat-va-thuong-mai-nhua-viet-thanh.chn",
    "CenterName": "HNX",
    "Symbol": "VTZ",
    "TradeCenterID": 2,
    "ChangePrice": -1.098901098901095,
    "VonHoa": 207,
    "ChangeVolume": -24.62798700983956,
    "EPS": 1.17921967676807,
    "PE": 7.63216572561495,
    "Beta": 0,
    "Price": 9,
    "UpdatedDate": "/Date(1686037643766)/",
    "FullName": "Công ty Cổ phần Sản xuất và Thương mại Nhựa Việt Thành",
    "ParentCategoryId": 344,
    "Cập nhật": "11:54 Thứ 4, 07/06/2023",
    "Mã công ty": "VTZ",
    "Tên công ty": "Công ty Cổ phần Sản xuất và Thương mại Nhựa Việt Thành (HNX)",
    "Giá điểm": "9.1",
    "Thay đổi": "N/A",
    "Khối lượng": "23,121",
    "Giá tham chiếu": "9.1",
    "Giá trần": "10",
    "Giá sàn": "8.2",
    "Giá mở cửa": "N/A",
    "Giá cao nhất": "N/A",
    "Giá thấp nhất": "9",
    "Giao dịch NĐTNN": "Giao dịch NĐTNN",
    "KLGD ròng": "9.1",
    "GT Mua": "0 (Tỷ)",
    "GT Bán": "0 (Tỷ)",
    "Room còn lại": "N/A",
    "(*)   EPS cơ bản (nghìn đồng):": "1.36",
    "EPS pha loãng (nghìn đồng):": "1.36",
    "P/E :": "6.71",
    "Giá trị sổ sách /cp (nghìn đồng):": "11.43",
    "(**) Hệ số beta:": "n/a",
    "KLGD khớp lệnh trung bình 10 phiên:": "39,343",
    "KLCP đang niêm yết:": "23,000,000",
    "KLCP đang lưu hành:": "23,000,000",
    "Vốn hóa thị trường (tỷ đồng):": "209.30",
    "Doanh thu": "1,557 tỷ",
    "Lợi nhuận trước thuế": "64 tỷ",
    "Lợi nhuận sau thuế": "51 tỷ",
    "Cổ tức bằng tiền mặt": "10 %",
    "Cổ tức bằng cổ phiếu": "N/A",
    "Dự kiến tăng vốn lên": "N/A",
    "Giới thiệu công ty": "Việt Thành là một thương hiệu nhựa gia dụng được người tiêu dùng trong nước và quốc tế ưa chuộng, tiên phong phát triển những sản phẩm mới có tính ứng dụng cao, đẹp hơn, mới lạ, tiện dụng, thân thiện với môi trường, phù hợp với nhu cầu của xã hội. Công ty Nhựa Việt Thành đã đóng góp vào phát triển ngành nhựa, hỗ trợ và phát triển cộng đồng, địa phương."
}